transaction_id,account_id,transaction_type,merchant_name,transaction_amount,transaction_status,transaction_timestamp,decline_reason
TXN00000001,CARD000250,PURCHASE,DMart,25438.07,APPROVED,2026-07-16 17:15:48.036829,
TXN00000002,CARD000061,PURCHASE,Flipkart,67439.64,DECLINED,2026-07-18 03:58:48.036829,MERCHANT_NOT_SUPPORTED
TXN00000003,ACC0000158,TRANSFER,Swiggy,45988.18,APPROVED,2026-07-07 10:12:48.036829,
TXN00000004,ACC0000177,DEPOSIT,Apollo Pharmacy,7076.91,APPROVED,2026-07-15 07:27:48.036829,
TXN00000005,CARD000199,PURCHASE,Nykaa,49570.66,APPROVED,2026-04-05 11:29:48.036829,
TXN00000006,ACC0000659,PURCHASE,Tata CLiQ,68225.39,APPROVED,2026-04-01 01:53:48.036829,
TXN00000007,CARD000009,PURCHASE,Ola,22069.13,APPROVED,2026-06-02 19:22:48.036829,
TXN00000008,CARD000300,PURCHASE,Swiggy,42032.7,APPROVED,2026-07-18 15:36:48.036829,
TXN00000009,ACC0000640,DEPOSIT,Apollo Pharmacy,22598.36,DECLINED,2026-07-03 07:36:48.036829,INVALID_PIN
TXN00000010,CARD000206,PURCHASE,Zomato,271.0,DECLINED,2026-03-30 13:30:48.036829,INSUFFICIENT_CREDIT_LIMIT
TXN00000011,CARD000143,PURCHASE,IRCTC,24734.97,APPROVED,2026-06-24 11:35:48.036829,
TXN00000012,ACC0000680,PURCHASE,BigBasket,74413.19,APPROVED,2026-05-10 23:21:48.036829,
TXN00000013,ACC0000180,PURCHASE,Swiggy,4896.88,APPROVED,2026-07-09 19:25:48.036829,
TXN00000014,ACC0000085,TRANSFER,Uber,48742.91,APPROVED,2026-06-20 19:26:48.036829,
TXN00000015,CARD000194,PURCHASE,Nykaa,66226.93,APPROVED,2026-07-16 21:38:48.036829,
TXN00000016,ACC0000425,DEPOSIT,Myntra,66471.81,APPROVED,2026-06-28 19:16:48.036829,
TXN00000017,ACC0000002,PAYMENT,Flipkart,65073.65,APPROVED,2026-05-05 17:34:48.036829,
TXN00000018,ACC0000683,PAYMENT,MakeMyTrip,67154.42,APPROVED,2026-07-19 07:10:48.036829,
TXN00000019,ACC0000380,DEPOSIT,Apollo Pharmacy,70635.96,APPROVED,2026-04-14 15:22:48.036829,
TXN00000020,ACC0000608,TRANSFER,Myntra,55806.19,APPROVED,2026-06-07 14:13:48.036829,
TXN00000021,CARD000196,PURCHASE,BookMyShow,71524.73,APPROVED,2026-06-22 05:22:48.036829,
TXN00000022,ACC0000399,PURCHASE,Ola,24638.23,APPROVED,2026-07-08 11:11:48.036829,
TXN00000023,ACC0000420,PURCHASE,Jio Recharge,50058.79,APPROVED,2026-05-07 01:10:48.036829,
TXN00000024,ACC0000135,DEPOSIT,Jio Recharge,47044.44,APPROVED,2026-07-07 12:39:48.036829,
TXN00000025,ACC0000410,DEPOSIT,Uber,16945.29,APPROVED,2026-06-30 05:09:48.036829,
TXN00000026,ACC0000501,TRANSFER,Jio Recharge,25452.22,APPROVED,2026-05-30 11:26:48.036829,
TXN00000027,ACC0000279,PURCHASE,Ola,67310.69,APPROVED,2026-07-09 16:41:48.036829,
TXN00000028,CARD000050,PURCHASE,Reliance Digital,49481.41,APPROVED,2026-05-28 15:26:48.036829,
TXN00000029,ACC0000477,PAYMENT,Nykaa,66541.71,DECLINED,2026-06-12 01:42:48.036829,INSUFFICIENT_FUNDS
TXN00000030,CARD000073,PURCHASE,Nykaa,36948.45,APPROVED,2026-07-06 09:28:48.036829,
TXN00000031,CARD000202,PURCHASE,Croma,46795.15,APPROVED,2026-07-23 21:13:48.036829,
TXN00000032,CARD000121,PURCHASE,Tata CLiQ,39341.07,APPROVED,2026-05-30 21:07:48.036829,
TXN00000033,CARD000176,PURCHASE,IRCTC,65716.04,APPROVED,2026-05-17 23:13:48.036829,
TXN00000034,CARD000244,PURCHASE,Nykaa,72308.05,APPROVED,2026-04-20 13:04:48.036829,
TXN00000035,CARD000148,PURCHASE,Reliance Digital,63085.05,APPROVED,2026-04-18 04:22:48.036829,
TXN00000036,ACC0000385,DEPOSIT,DMart,62623.53,APPROVED,2026-07-03 18:52:48.036829,
TXN00000037,ACC0000147,TRANSFER,Uber,46316.8,DECLINED,2026-04-08 09:29:48.036829,SUSPECTED_FRAUD
TXN00000038,ACC0000148,DEPOSIT,Zomato,20075.56,APPROVED,2026-07-14 22:58:48.036829,
TXN00000039,CARD000078,PURCHASE,Reliance Digital,47666.41,DECLINED,2026-06-20 07:16:48.036829,INCORRECT_CVV
TXN00000040,CARD000001,PURCHASE,Myntra,44726.6,APPROVED,2026-07-02 15:43:48.036829,
TXN00000041,ACC0000366,PURCHASE,DMart,14136.45,APPROVED,2026-04-11 18:46:48.036829,
TXN00000042,ACC0000547,PAYMENT,Reliance Digital,66896.07,APPROVED,2026-04-16 21:53:48.036829,
TXN00000043,ACC0000384,TRANSFER,IRCTC,69728.06,APPROVED,2026-04-13 01:07:48.036829,
TXN00000044,ACC0000132,TRANSFER,Croma,35507.12,DECLINED,2026-05-18 12:23:48.036829,ACCOUNT_FROZEN
TXN00000045,CARD000141,PURCHASE,Jio Recharge,16224.14,APPROVED,2026-04-07 20:54:48.036829,
TXN00000046,ACC0000459,WITHDRAWAL,Ola,42226.13,APPROVED,2026-05-14 18:43:48.036829,
TXN00000047,CARD000067,PURCHASE,DMart,18912.12,APPROVED,2026-06-17 20:22:48.036829,
TXN00000048,CARD000265,PURCHASE,Reliance Digital,50708.94,PENDING,2026-05-23 07:54:48.036829,
TXN00000049,CARD000175,PURCHASE,Swiggy,68058.63,DECLINED,2026-05-25 01:30:48.036829,SUSPECTED_FRAUD
TXN00000050,ACC0000469,DEPOSIT,Jio Recharge,53531.65,APPROVED,2026-06-27 13:18:48.036829,
TXN00000051,ACC0000164,TRANSFER,BigBasket,17359.12,APPROVED,2026-06-19 12:17:48.036829,
TXN00000052,ACC0000464,DEPOSIT,Nykaa,42532.49,DECLINED,2026-06-01 00:22:48.036829,SUSPECTED_FRAUD
TXN00000053,CARD000003,PURCHASE,Jio Recharge,56087.36,DECLINED,2026-05-06 06:19:48.036829,INCORRECT_CVV
TXN00000054,ACC0000326,PAYMENT,Nykaa,49515.44,APPROVED,2026-06-02 10:16:48.036829,
TXN00000055,CARD000177,PURCHASE,Apollo Pharmacy,66148.83,APPROVED,2026-03-28 09:14:48.036829,
TXN00000056,CARD000206,PURCHASE,Nykaa,2144.94,APPROVED,2026-04-27 13:03:48.036829,
TXN00000057,CARD000195,PURCHASE,Myntra,56449.43,APPROVED,2026-04-09 22:40:48.036829,
TXN00000058,ACC0000481,WITHDRAWAL,BigBasket,54019.48,APPROVED,2026-04-29 20:26:48.036829,
TXN00000059,ACC0000120,DEPOSIT,Amazon India,48018.1,APPROVED,2026-07-09 17:57:48.036829,
TXN00000060,CARD000235,PURCHASE,Zomato,20195.14,APPROVED,2026-04-08 14:38:48.036829,
TXN00000061,ACC0000247,DEPOSIT,MakeMyTrip,5083.87,APPROVED,2026-07-20 19:53:48.036829,
TXN00000062,CARD000070,PURCHASE,Jio Recharge,5316.0,APPROVED,2026-05-14 02:37:48.036829,
TXN00000063,ACC0000391,WITHDRAWAL,Myntra,65955.81,APPROVED,2026-04-15 14:52:48.036829,
TXN00000064,ACC0000400,DEPOSIT,Reliance Digital,38247.59,APPROVED,2026-05-06 07:19:48.036829,
TXN00000065,CARD000259,PURCHASE,Jio Recharge,40827.24,APPROVED,2026-05-14 02:42:48.036829,
TXN00000066,ACC0000552,PAYMENT,Apollo Pharmacy,71832.17,APPROVED,2026-07-01 07:35:48.036829,
TXN00000067,ACC0000049,DEPOSIT,Amazon India,64105.88,APPROVED,2026-06-20 01:55:48.036829,
TXN00000068,CARD000181,PURCHASE,Croma,62619.13,APPROVED,2026-06-08 02:13:48.036829,
TXN00000069,ACC0000489,PAYMENT,IRCTC,25592.58,DECLINED,2026-05-09 11:09:48.036829,INSUFFICIENT_FUNDS
TXN00000070,ACC0000227,TRANSFER,Flipkart,11307.03,APPROVED,2026-06-28 03:35:48.036829,
TXN00000071,CARD000043,PURCHASE,MakeMyTrip,50584.61,DECLINED,2026-06-14 16:09:48.036829,CARD_BLOCKED
TXN00000072,CARD000271,PURCHASE,IRCTC,56007.43,DECLINED,2026-05-28 00:16:48.036829,MERCHANT_NOT_SUPPORTED
TXN00000073,ACC0000198,PURCHASE,Apollo Pharmacy,47604.06,APPROVED,2026-04-07 19:44:48.036829,
TXN00000074,ACC0000166,TRANSFER,Jio Recharge,10354.92,APPROVED,2026-05-26 16:27:48.036829,
TXN00000075,CARD000227,PURCHASE,BigBasket,74345.82,APPROVED,2026-05-19 18:00:48.036829,
TXN00000076,CARD000131,PURCHASE,BigBasket,7748.03,APPROVED,2026-06-05 04:17:48.036829,
TXN00000077,CARD000208,PURCHASE,Flipkart,53228.82,APPROVED,2026-07-18 06:28:48.036829,
TXN00000078,CARD000011,PURCHASE,Myntra,59714.29,APPROVED,2026-05-12 06:38:48.036829,
TXN00000079,ACC0000234,DEPOSIT,DMart,1922.31,APPROVED,2026-06-20 20:05:48.036829,
TXN00000080,CARD000270,PURCHASE,Amazon India,43331.71,APPROVED,2026-07-07 00:59:48.036829,
TXN00000081,ACC0000365,PURCHASE,Tata CLiQ,47396.43,APPROVED,2026-07-20 23:27:48.036829,
TXN00000082,CARD000023,PURCHASE,Zomato,19608.01,APPROVED,2026-06-29 06:23:48.036829,
TXN00000083,CARD000232,PURCHASE,IRCTC,30150.05,APPROVED,2026-06-13 13:49:48.036829,
TXN00000084,ACC0000170,PURCHASE,Reliance Digital,62408.55,APPROVED,2026-04-25 13:22:48.036829,
TXN00000085,ACC0000252,PURCHASE,BookMyShow,46361.5,DECLINED,2026-04-04 10:15:48.036829,INSUFFICIENT_FUNDS
TXN00000086,ACC0000187,DEPOSIT,IRCTC,72926.72,APPROVED,2026-05-12 16:12:48.036829,
TXN00000087,CARD000181,PURCHASE,Reliance Digital,58754.99,APPROVED,2026-07-06 07:42:48.036829,
TXN00000088,ACC0000056,WITHDRAWAL,Swiggy,14740.13,APPROVED,2026-06-03 21:20:48.036829,
TXN00000089,CARD000199,PURCHASE,Zomato,20344.56,APPROVED,2026-07-20 10:25:48.036829,
TXN00000090,CARD000263,PURCHASE,BookMyShow,73590.86,APPROVED,2026-06-03 15:37:48.036829,
TXN00000091,ACC0000531,PURCHASE,Myntra,25362.1,APPROVED,2026-06-30 09:43:48.036829,
TXN00000092,CARD000194,PURCHASE,Amazon India,58530.94,APPROVED,2026-05-03 01:52:48.036829,
TXN00000093,ACC0000427,PURCHASE,BigBasket,59129.34,APPROVED,2026-05-31 07:49:48.036829,
TXN00000094,ACC0000363,TRANSFER,BookMyShow,23326.37,APPROVED,2026-07-24 17:08:48.036829,
TXN00000095,CARD000108,PURCHASE,Jio Recharge,179.81,APPROVED,2026-07-18 18:45:48.036829,
TXN00000096,CARD000136,PURCHASE,Swiggy,5065.12,APPROVED,2026-06-24 16:47:48.036829,
TXN00000097,CARD000258,PURCHASE,Jio Recharge,46623.24,APPROVED,2026-07-01 14:21:48.036829,
TXN00000098,ACC0000204,TRANSFER,Apollo Pharmacy,10688.24,APPROVED,2026-07-19 16:10:48.036829,
TXN00000099,ACC0000412,PURCHASE,BookMyShow,4112.42,APPROVED,2026-06-29 02:42:48.036829,
TXN00000100,CARD000038,PURCHASE,BigBasket,49120.46,DECLINED,2026-06-27 22:04:48.036829,MERCHANT_NOT_SUPPORTED
TXN00000101,ACC0000412,TRANSFER,Apollo Pharmacy,73085.23,APPROVED,2026-05-09 13:02:48.036829,
TXN00000102,ACC0000113,DEPOSIT,Amazon India,20811.24,APPROVED,2026-04-09 03:00:48.036829,
TXN00000103,CARD000037,PURCHASE,MakeMyTrip,16138.32,APPROVED,2026-07-01 08:22:48.036829,
TXN00000104,CARD000025,PURCHASE,Ola,43792.76,APPROVED,2026-06-28 08:27:48.036829,
TXN00000105,CARD000108,PURCHASE,Tata CLiQ,12856.73,APPROVED,2026-06-08 21:02:48.036829,
TXN00000106,ACC0000462,PURCHASE,DMart,31732.56,APPROVED,2026-04-03 16:37:48.036829,
TXN00000107,ACC0000069,DEPOSIT,Myntra,840.74,DECLINED,2026-04-23 11:03:48.036829,DAILY_LIMIT_EXCEEDED
TXN00000108,ACC0000303,DEPOSIT,Zomato,5105.32,APPROVED,2026-07-13 12:23:48.036829,
TXN00000109,CARD000174,PURCHASE,Jio Recharge,2749.52,DECLINED,2026-04-09 02:35:48.036829,INSUFFICIENT_CREDIT_LIMIT
TXN00000110,ACC0000057,PURCHASE,BigBasket,27566.79,APPROVED,2026-07-17 15:21:48.036829,
TXN00000111,ACC0000420,WITHDRAWAL,Reliance Digital,52786.55,APPROVED,2026-06-02 06:25:48.036829,
TXN00000112,ACC0000313,PAYMENT,Tata CLiQ,20730.51,APPROVED,2026-07-21 16:44:48.036829,
TXN00000113,ACC0000441,PAYMENT,Ola,48034.41,APPROVED,2026-04-21 16:37:48.036829,
TXN00000114,CARD000009,PURCHASE,Nykaa,9645.19,APPROVED,2026-05-16 04:04:48.036829,
TXN00000115,CARD000087,PURCHASE,IRCTC,21700.08,APPROVED,2026-04-12 05:45:48.036829,
TXN00000116,ACC0000624,WITHDRAWAL,Reliance Digital,62906.02,DECLINED,2026-04-06 03:01:48.036829,INVALID_PIN
TXN00000117,ACC0000520,DEPOSIT,Reliance Digital,12864.47,APPROVED,2026-04-02 23:49:48.036829,
TXN00000118,CARD000046,PURCHASE,Swiggy,63905.34,APPROVED,2026-04-23 05:21:48.036829,
TXN00000119,CARD000032,PURCHASE,Flipkart,24717.3,DECLINED,2026-05-22 05:52:48.036829,INCORRECT_CVV
TXN00000120,CARD000185,PURCHASE,Amazon India,42883.51,APPROVED,2026-04-15 05:56:48.036829,
TXN00000121,ACC0000104,WITHDRAWAL,Jio Recharge,29440.57,APPROVED,2026-04-23 19:27:48.036829,
TXN00000122,ACC0000285,PAYMENT,Croma,9476.65,DECLINED,2026-04-11 23:30:48.036829,INSUFFICIENT_FUNDS
TXN00000123,CARD000250,PURCHASE,Tata CLiQ,33100.04,APPROVED,2026-03-27 19:50:48.036829,
TXN00000124,ACC0000177,WITHDRAWAL,Myntra,15717.26,APPROVED,2026-06-22 10:16:48.036829,
TXN00000125,ACC0000265,PURCHASE,Apollo Pharmacy,21785.57,APPROVED,2026-07-24 21:28:48.036829,
TXN00000126,ACC0000404,PURCHASE,Tata CLiQ,32872.86,APPROVED,2026-05-01 12:46:48.036829,
TXN00000127,ACC0000358,TRANSFER,BookMyShow,52904.73,APPROVED,2026-05-15 03:48:48.036829,
TXN00000128,CARD000212,PURCHASE,Flipkart,443.97,APPROVED,2026-05-21 05:13:48.036829,
TXN00000129,ACC0000212,DEPOSIT,Apollo Pharmacy,43374.73,APPROVED,2026-07-22 16:44:48.036829,
TXN00000130,ACC0000592,PURCHASE,Flipkart,36400.54,APPROVED,2026-04-20 10:38:48.036829,
TXN00000131,CARD000278,PURCHASE,BookMyShow,58465.53,APPROVED,2026-05-24 03:21:48.036829,
TXN00000132,CARD000138,PURCHASE,DMart,66892.95,APPROVED,2026-04-06 10:04:48.036829,
TXN00000133,CARD000244,PURCHASE,Tata CLiQ,22906.65,APPROVED,2026-05-26 18:48:48.036829,
TXN00000134,CARD000083,PURCHASE,Nykaa,1838.76,PENDING,2026-06-06 15:15:48.036829,
TXN00000135,ACC0000341,PAYMENT,IRCTC,49628.27,APPROVED,2026-05-23 04:01:48.036829,
TXN00000136,ACC0000241,TRANSFER,BigBasket,16286.24,APPROVED,2026-05-11 21:57:48.036829,
TXN00000137,CARD000274,PURCHASE,MakeMyTrip,55165.63,DECLINED,2026-05-26 22:17:48.036829,CARD_BLOCKED
TXN00000138,ACC0000095,PAYMENT,Ola,177.95,APPROVED,2026-04-30 07:08:48.036829,
TXN00000139,CARD000096,PURCHASE,Flipkart,62833.27,APPROVED,2026-04-07 19:26:48.036829,
TXN00000140,CARD000280,PURCHASE,IRCTC,70986.21,APPROVED,2026-04-02 06:23:48.036829,
TXN00000141,ACC0000449,WITHDRAWAL,MakeMyTrip,52712.01,APPROVED,2026-07-22 20:54:48.036829,
TXN00000142,ACC0000397,PURCHASE,Amazon India,1138.65,APPROVED,2026-06-30 07:06:48.036829,
TXN00000143,ACC0000657,TRANSFER,Swiggy,67140.55,APPROVED,2026-04-06 06:41:48.036829,
TXN00000144,CARD000055,PURCHASE,Myntra,24937.42,APPROVED,2026-06-18 19:19:48.036829,
TXN00000145,ACC0000519,WITHDRAWAL,IRCTC,39506.2,DECLINED,2026-06-04 04:46:48.036829,DAILY_LIMIT_EXCEEDED
TXN00000146,CARD000083,PURCHASE,Tata CLiQ,6993.19,DECLINED,2026-06-30 22:34:48.036829,MERCHANT_NOT_SUPPORTED
TXN00000147,CARD000159,PURCHASE,Flipkart,29837.09,APPROVED,2026-04-23 07:40:48.036829,
TXN00000148,ACC0000373,PAYMENT,MakeMyTrip,51998.96,APPROVED,2026-07-01 16:54:48.036829,
TXN00000149,CARD000155,PURCHASE,Nykaa,8382.67,DECLINED,2026-04-05 23:12:48.036829,SUSPECTED_FRAUD
TXN00000150,ACC0000129,PURCHASE,IRCTC,47007.92,APPROVED,2026-05-18 14:54:48.036829,
TXN00000151,CARD000262,PURCHASE,Amazon India,11211.23,APPROVED,2026-06-01 06:26:48.036829,
TXN00000152,ACC0000514,DEPOSIT,Swiggy,2099.05,APPROVED,2026-06-12 15:12:48.036829,
TXN00000153,CARD000266,PURCHASE,Ola,59932.1,APPROVED,2026-06-08 22:22:48.036829,
TXN00000154,CARD000083,PURCHASE,Tata CLiQ,72525.35,APPROVED,2026-03-29 06:07:48.036829,
TXN00000155,CARD000227,PURCHASE,BigBasket,44604.2,APPROVED,2026-07-20 05:16:48.036829,
TXN00000156,ACC0000277,PURCHASE,Zomato,29289.63,APPROVED,2026-04-23 00:07:48.036829,
TXN00000157,CARD000117,PURCHASE,Nykaa,27395.51,APPROVED,2026-07-23 17:51:48.036829,
TXN00000158,CARD000020,PURCHASE,Uber,40128.85,DECLINED,2026-04-12 01:21:48.036829,INSUFFICIENT_CREDIT_LIMIT
TXN00000159,ACC0000496,PURCHASE,BigBasket,57128.92,APPROVED,2026-07-07 20:57:48.036829,
TXN00000160,ACC0000404,PAYMENT,Tata CLiQ,7441.91,APPROVED,2026-06-17 20:04:48.036829,
TXN00000161,ACC0000676,TRANSFER,DMart,14386.9,APPROVED,2026-06-09 16:56:48.036829,
TXN00000162,CARD000163,PURCHASE,BigBasket,15712.92,APPROVED,2026-04-16 08:57:48.036829,
TXN00000163,ACC0000189,PURCHASE,Flipkart,24799.2,APPROVED,2026-04-03 09:06:48.036829,
TXN00000164,CARD000241,PURCHASE,Amazon India,1243.57,APPROVED,2026-04-20 23:08:48.036829,
TXN00000165,ACC0000478,PAYMENT,BigBasket,51963.43,APPROVED,2026-06-10 01:47:48.036829,
TXN00000166,ACC0000275,PAYMENT,Tata CLiQ,5051.72,APPROVED,2026-06-13 03:46:48.036829,
TXN00000167,CARD000128,PURCHASE,Apollo Pharmacy,26206.37,APPROVED,2026-06-11 05:35:48.036829,
TXN00000168,ACC0000318,DEPOSIT,Myntra,1011.25,APPROVED,2026-05-02 00:50:48.036829,
TXN00000169,CARD000243,PURCHASE,Nykaa,65846.0,APPROVED,2026-04-14 07:13:48.036829,
TXN00000170,ACC0000056,PURCHASE,BookMyShow,48761.99,APPROVED,2026-04-27 13:11:48.036829,
TXN00000171,ACC0000337,PURCHASE,Amazon India,29547.73,APPROVED,2026-07-20 02:04:48.036829,
TXN00000172,ACC0000145,PURCHASE,DMart,58445.01,APPROVED,2026-05-03 03:00:48.036829,
TXN00000173,ACC0000215,PAYMENT,Croma,50094.33,APPROVED,2026-04-17 02:28:48.036829,
TXN00000174,CARD000212,PURCHASE,Uber,57183.19,APPROVED,2026-05-19 18:39:48.036829,
TXN00000175,CARD000248,PURCHASE,Nykaa,4470.71,APPROVED,2026-06-29 10:57:48.036829,
TXN00000176,ACC0000064,PURCHASE,Myntra,17090.09,APPROVED,2026-05-12 00:35:48.036829,
TXN00000177,ACC0000667,PURCHASE,Nykaa,71520.55,APPROVED,2026-07-05 13:11:48.036829,
TXN00000178,ACC0000150,PURCHASE,Swiggy,55534.48,APPROVED,2026-07-09 02:56:48.036829,
TXN00000179,ACC0000505,DEPOSIT,Croma,19550.34,APPROVED,2026-06-13 21:04:48.036829,
TXN00000180,ACC0000618,DEPOSIT,IRCTC,74027.41,APPROVED,2026-04-13 15:47:48.036829,
TXN00000181,ACC0000477,WITHDRAWAL,Ola,5013.18,PENDING,2026-06-30 22:55:48.036829,
TXN00000182,CARD000039,PURCHASE,IRCTC,21322.92,APPROVED,2026-05-02 14:11:48.036829,
TXN00000183,ACC0000029,PAYMENT,Ola,74887.57,APPROVED,2026-04-01 16:13:48.036829,
TXN00000184,ACC0000071,DEPOSIT,Jio Recharge,45641.81,APPROVED,2026-03-30 02:35:48.036829,
TXN00000185,ACC0000088,PURCHASE,BigBasket,59806.87,DECLINED,2026-05-03 03:03:48.036829,ACCOUNT_FROZEN
TXN00000186,CARD000092,PURCHASE,BookMyShow,44546.32,APPROVED,2026-05-01 11:06:48.036829,
TXN00000187,ACC0000144,DEPOSIT,IRCTC,10501.17,APPROVED,2026-07-16 16:15:48.036829,
TXN00000188,CARD000229,PURCHASE,Myntra,30832.73,APPROVED,2026-06-20 17:03:48.036829,
TXN00000189,ACC0000063,TRANSFER,Jio Recharge,67930.65,DECLINED,2026-04-24 10:25:48.036829,INVALID_PIN
TXN00000190,CARD000068,PURCHASE,Reliance Digital,3750.4,APPROVED,2026-04-01 23:03:48.036829,
TXN00000191,CARD000205,PURCHASE,MakeMyTrip,73524.0,APPROVED,2026-05-11 01:37:48.036829,
TXN00000192,ACC0000628,TRANSFER,Ola,45875.33,APPROVED,2026-04-04 01:19:48.036829,
TXN00000193,CARD000002,PURCHASE,Ola,15278.27,APPROVED,2026-07-09 22:02:48.036829,
TXN00000194,ACC0000272,PAYMENT,BookMyShow,59872.61,APPROVED,2026-05-07 23:39:48.036829,
TXN00000195,CARD000070,PURCHASE,Tata CLiQ,6517.26,APPROVED,2026-05-20 07:31:48.036829,
TXN00000196,CARD000162,PURCHASE,BookMyShow,74378.43,APPROVED,2026-04-07 09:16:48.036829,
TXN00000197,ACC0000528,PURCHASE,Nykaa,32422.49,APPROVED,2026-06-26 00:32:48.036829,
TXN00000198,CARD000295,PURCHASE,Swiggy,7977.45,APPROVED,2026-04-09 14:29:48.036829,
TXN00000199,CARD000232,PURCHASE,IRCTC,64443.0,APPROVED,2026-04-17 05:28:48.036829,
TXN00000200,ACC0000254,TRANSFER,Croma,54119.9,APPROVED,2026-06-23 21:05:48.036829,
TXN00000201,CARD000099,PURCHASE,Nykaa,33653.12,DECLINED,2026-04-11 17:42:48.036829,CARD_BLOCKED
TXN00000202,ACC0000466,WITHDRAWAL,IRCTC,3103.65,APPROVED,2026-04-17 11:45:48.036829,
TXN00000203,CARD000143,PURCHASE,Reliance Digital,7102.13,APPROVED,2026-07-07 07:35:48.036829,
TXN00000204,ACC0000287,TRANSFER,Flipkart,71973.4,APPROVED,2026-04-03 16:49:48.036829,
TXN00000205,CARD000014,PURCHASE,BookMyShow,18235.16,DECLINED,2026-05-22 09:59:48.036829,INSUFFICIENT_CREDIT_LIMIT
TXN00000206,ACC0000641,PURCHASE,Jio Recharge,22817.4,APPROVED,2026-05-26 17:57:48.036829,
TXN00000207,ACC0000094,PAYMENT,BookMyShow,14785.39,APPROVED,2026-06-28 22:36:48.036829,
TXN00000208,ACC0000384,DEPOSIT,Flipkart,20896.67,APPROVED,2026-06-16 15:52:48.036829,
TXN00000209,ACC0000228,TRANSFER,BookMyShow,135.04,APPROVED,2026-04-09 22:33:48.036829,
TXN00000210,CARD000163,PURCHASE,Apollo Pharmacy,50548.7,APPROVED,2026-06-14 06:18:48.036829,
TXN00000211,ACC0000325,WITHDRAWAL,Croma,4641.69,APPROVED,2026-04-12 11:39:48.036829,
TXN00000212,CARD000183,PURCHASE,Myntra,60186.78,APPROVED,2026-05-05 12:24:48.036829,
TXN00000213,ACC0000307,PAYMENT,Zomato,40581.66,APPROVED,2026-07-09 11:35:48.036829,
TXN00000214,ACC0000061,TRANSFER,Ola,62197.5,APPROVED,2026-03-29 13:33:48.036829,
TXN00000215,ACC0000372,TRANSFER,Flipkart,52180.31,APPROVED,2026-05-17 07:02:48.036829,
TXN00000216,ACC0000365,PURCHASE,Swiggy,19442.45,APPROVED,2026-05-13 10:52:48.036829,
TXN00000217,ACC0000588,PAYMENT,BigBasket,9619.59,PENDING,2026-07-13 10:59:48.036829,
TXN00000218,ACC0000227,PAYMENT,Tata CLiQ,14764.81,APPROVED,2026-05-02 01:04:48.036829,
TXN00000219,ACC0000067,WITHDRAWAL,Jio Recharge,43101.29,APPROVED,2026-06-28 20:15:48.036829,
TXN00000220,CARD000044,PURCHASE,Flipkart,16668.89,APPROVED,2026-04-18 12:35:48.036829,
TXN00000221,CARD000278,PURCHASE,Amazon India,55228.03,APPROVED,2026-05-06 11:02:48.036829,
TXN00000222,CARD000280,PURCHASE,DMart,23547.98,APPROVED,2026-05-06 23:57:48.036829,
TXN00000223,ACC0000465,PURCHASE,Reliance Digital,23236.88,DECLINED,2026-04-18 20:59:48.036829,ACCOUNT_FROZEN
TXN00000224,CARD000140,PURCHASE,Reliance Digital,13356.22,APPROVED,2026-06-20 19:28:48.036829,
TXN00000225,ACC0000099,DEPOSIT,Reliance Digital,59609.2,APPROVED,2026-04-25 00:09:48.036829,
TXN00000226,CARD000183,PURCHASE,Reliance Digital,9775.85,APPROVED,2026-06-29 08:04:48.036829,
TXN00000227,ACC0000204,WITHDRAWAL,Tata CLiQ,303.68,APPROVED,2026-04-11 05:17:48.036829,
TXN00000228,CARD000154,PURCHASE,Amazon India,71276.72,APPROVED,2026-05-27 16:48:48.036829,
TXN00000229,ACC0000181,PAYMENT,Myntra,10522.84,DECLINED,2026-05-16 07:39:48.036829,INVALID_PIN
TXN00000230,ACC0000504,PAYMENT,Zomato,44530.04,APPROVED,2026-06-14 02:46:48.036829,
TXN00000231,ACC0000138,DEPOSIT,Reliance Digital,23993.86,APPROVED,2026-06-17 09:51:48.036829,
TXN00000232,CARD000116,PURCHASE,Tata CLiQ,45076.42,APPROVED,2026-07-17 15:13:48.036829,
TXN00000233,CARD000150,PURCHASE,Myntra,71803.95,APPROVED,2026-07-11 23:08:48.036829,
TXN00000234,ACC0000627,PURCHASE,Zomato,32278.74,PENDING,2026-06-17 12:39:48.036829,
TXN00000235,ACC0000093,WITHDRAWAL,DMart,20561.1,DECLINED,2026-03-30 11:47:48.036829,INSUFFICIENT_FUNDS
TXN00000236,CARD000295,PURCHASE,Myntra,24003.26,APPROVED,2026-06-08 00:48:48.036829,
TXN00000237,ACC0000607,TRANSFER,Nykaa,2077.53,APPROVED,2026-07-26 07:50:48.036829,
TXN00000238,ACC0000483,WITHDRAWAL,Apollo Pharmacy,37024.58,APPROVED,2026-05-15 16:54:48.036829,
TXN00000239,ACC0000265,DEPOSIT,Nykaa,69477.84,APPROVED,2026-05-15 01:42:48.036829,
TXN00000240,CARD000202,PURCHASE,Ola,47193.71,APPROVED,2026-04-14 14:17:48.036829,
TXN00000241,ACC0000168,DEPOSIT,Jio Recharge,25119.29,APPROVED,2026-07-06 06:26:48.036829,
TXN00000242,CARD000234,PURCHASE,Reliance Digital,54631.31,APPROVED,2026-04-29 01:50:48.036829,
TXN00000243,CARD000155,PURCHASE,Tata CLiQ,9902.72,APPROVED,2026-04-08 23:50:48.036829,
TXN00000244,ACC0000156,WITHDRAWAL,Tata CLiQ,20158.93,APPROVED,2026-05-16 10:10:48.036829,
TXN00000245,ACC0000281,DEPOSIT,MakeMyTrip,10030.63,APPROVED,2026-05-06 00:48:48.036829,
TXN00000246,ACC0000333,PURCHASE,Jio Recharge,17750.69,APPROVED,2026-06-19 01:21:48.036829,
TXN00000247,ACC0000119,WITHDRAWAL,BookMyShow,26765.17,APPROVED,2026-07-07 12:17:48.036829,
TXN00000248,CARD000180,PURCHASE,IRCTC,65633.13,APPROVED,2026-07-24 08:47:48.036829,
TXN00000249,ACC0000636,TRANSFER,Amazon India,36691.11,APPROVED,2026-07-01 22:30:48.036829,
TXN00000250,ACC0000260,WITHDRAWAL,DMart,28220.34,APPROVED,2026-06-29 01:15:48.036829,
TXN00000251,CARD000106,PURCHASE,Myntra,36928.79,APPROVED,2026-06-29 04:40:48.036829,
TXN00000252,ACC0000028,PURCHASE,BookMyShow,17115.99,APPROVED,2026-05-16 08:47:48.036829,
TXN00000253,CARD000199,PURCHASE,Myntra,6752.52,APPROVED,2026-06-11 10:08:48.036829,
TXN00000254,CARD000098,PURCHASE,BookMyShow,17052.64,DECLINED,2026-05-12 02:23:48.036829,CARD_BLOCKED
TXN00000255,ACC0000477,TRANSFER,Zomato,33237.99,PENDING,2026-06-23 11:14:48.036829,
TXN00000256,ACC0000021,TRANSFER,Reliance Digital,3547.69,APPROVED,2026-04-11 14:09:48.036829,
TXN00000257,CARD000023,PURCHASE,Jio Recharge,69921.12,APPROVED,2026-05-29 20:51:48.036829,
TXN00000258,ACC0000680,PURCHASE,Flipkart,8105.34,APPROVED,2026-07-18 09:35:48.036829,
TXN00000259,CARD000046,PURCHASE,Ola,33048.52,APPROVED,2026-05-20 06:00:48.036829,
TXN00000260,ACC0000438,WITHDRAWAL,Swiggy,70888.53,APPROVED,2026-07-07 02:29:48.036829,
TXN00000261,ACC0000065,DEPOSIT,MakeMyTrip,55036.35,APPROVED,2026-05-29 03:35:48.036829,
TXN00000262,ACC0000183,DEPOSIT,Reliance Digital,52770.54,DECLINED,2026-05-16 05:45:48.036829,DAILY_LIMIT_EXCEEDED
TXN00000263,ACC0000109,TRANSFER,Ola,61748.12,APPROVED,2026-06-26 10:21:48.036829,
TXN00000264,ACC0000427,TRANSFER,Swiggy,11249.93,DECLINED,2026-04-18 02:47:48.036829,INVALID_PIN
TXN00000265,CARD000120,PURCHASE,Uber,43681.23,APPROVED,2026-04-25 23:43:48.036829,
TXN00000266,CARD000299,PURCHASE,Tata CLiQ,32223.5,APPROVED,2026-05-07 01:28:48.036829,
TXN00000267,CARD000098,PURCHASE,Reliance Digital,42856.0,APPROVED,2026-06-01 15:59:48.036829,
TXN00000268,ACC0000517,TRANSFER,Ola,4396.77,APPROVED,2026-05-22 16:22:48.036829,
TXN00000269,CARD000263,PURCHASE,Ola,1835.7,APPROVED,2026-04-01 03:32:48.036829,
TXN00000270,ACC0000458,DEPOSIT,Uber,21944.29,APPROVED,2026-07-14 12:17:48.036829,
TXN00000271,ACC0000294,DEPOSIT,DMart,74701.77,APPROVED,2026-06-03 07:28:48.036829,
TXN00000272,ACC0000414,PAYMENT,BookMyShow,38852.46,PENDING,2026-07-01 12:11:48.036829,
TXN00000273,CARD000245,PURCHASE,Amazon India,10782.52,APPROVED,2026-03-29 03:04:48.036829,
TXN00000274,CARD000012,PURCHASE,Jio Recharge,31155.75,APPROVED,2026-06-01 22:39:48.036829,
TXN00000275,CARD000022,PURCHASE,Reliance Digital,38999.62,APPROVED,2026-06-13 23:59:48.036829,
TXN00000276,CARD000231,PURCHASE,Jio Recharge,30720.96,APPROVED,2026-05-03 20:31:48.036829,
TXN00000277,CARD000290,PURCHASE,DMart,30710.05,APPROVED,2026-07-09 18:48:48.036829,
TXN00000278,CARD000085,PURCHASE,Apollo Pharmacy,58171.22,APPROVED,2026-06-04 13:06:48.036829,
TXN00000279,CARD000060,PURCHASE,Zomato,55836.73,APPROVED,2026-04-07 05:39:48.036829,
TXN00000280,ACC0000569,PAYMENT,BookMyShow,20578.83,APPROVED,2026-04-04 09:30:48.036829,
TXN00000281,CARD000120,PURCHASE,Flipkart,19103.06,APPROVED,2026-05-18 03:13:48.036829,
TXN00000282,ACC0000192,PAYMENT,Ola,17652.72,APPROVED,2026-06-03 10:01:48.036829,
TXN00000283,CARD000062,PURCHASE,Reliance Digital,30681.76,APPROVED,2026-04-08 12:50:48.036829,
TXN00000284,CARD000297,PURCHASE,Zomato,60363.58,DECLINED,2026-05-21 15:37:48.036829,INSUFFICIENT_CREDIT_LIMIT
TXN00000285,ACC0000631,WITHDRAWAL,Reliance Digital,74059.74,APPROVED,2026-06-27 15:52:48.036829,
TXN00000286,CARD000135,PURCHASE,Jio Recharge,44288.15,APPROVED,2026-06-14 07:20:48.036829,
TXN00000287,CARD000014,PURCHASE,Uber,1951.27,DECLINED,2026-05-18 11:22:48.036829,SUSPECTED_FRAUD
TXN00000288,CARD000241,PURCHASE,Reliance Digital,31039.28,DECLINED,2026-05-29 16:57:48.036829,EXPIRED_CARD
TXN00000289,ACC0000269,PURCHASE,Ola,62166.27,APPROVED,2026-05-01 04:17:48.036829,
TXN00000290,ACC0000040,DEPOSIT,Reliance Digital,19141.5,APPROVED,2026-05-28 12:23:48.036829,
TXN00000291,ACC0000238,DEPOSIT,DMart,62136.35,APPROVED,2026-04-20 12:36:48.036829,
TXN00000292,CARD000122,PURCHASE,IRCTC,26287.89,APPROVED,2026-06-04 06:17:48.036829,
TXN00000293,ACC0000502,TRANSFER,Reliance Digital,46986.49,APPROVED,2026-05-25 20:54:48.036829,
TXN00000294,CARD000284,PURCHASE,BookMyShow,53955.51,APPROVED,2026-04-24 04:46:48.036829,
TXN00000295,ACC0000345,TRANSFER,Apollo Pharmacy,38234.1,DECLINED,2026-03-31 12:02:48.036829,DAILY_LIMIT_EXCEEDED
TXN00000296,ACC0000455,PAYMENT,MakeMyTrip,41069.97,APPROVED,2026-04-24 20:45:48.036829,
TXN00000297,ACC0000508,WITHDRAWAL,BookMyShow,48572.52,APPROVED,2026-05-09 20:58:48.036829,
TXN00000298,CARD000225,PURCHASE,Croma,39847.54,APPROVED,2026-05-15 13:35:48.036829,
TXN00000299,ACC0000310,PAYMENT,Nykaa,67720.57,APPROVED,2026-07-21 10:56:48.036829,
TXN00000300,CARD000198,PURCHASE,Reliance Digital,54256.86,APPROVED,2026-06-03 18:31:48.036829,
TXN00000301,CARD000072,PURCHASE,Myntra,2992.99,APPROVED,2026-05-07 11:30:48.036829,
TXN00000302,CARD000264,PURCHASE,Flipkart,22004.42,APPROVED,2026-07-25 11:17:48.036829,
TXN00000303,CARD000009,PURCHASE,BookMyShow,11961.56,APPROVED,2026-04-15 11:34:48.036829,
TXN00000304,ACC0000336,WITHDRAWAL,Tata CLiQ,34792.28,APPROVED,2026-04-30 00:39:48.036829,
TXN00000305,CARD000097,PURCHASE,MakeMyTrip,10206.65,APPROVED,2026-05-02 16:34:48.036829,
TXN00000306,CARD000008,PURCHASE,BookMyShow,72077.36,APPROVED,2026-05-10 02:20:48.036829,
TXN00000307,CARD000291,PURCHASE,Apollo Pharmacy,2119.73,APPROVED,2026-04-21 06:01:48.036829,
TXN00000308,ACC0000328,PURCHASE,MakeMyTrip,65697.76,APPROVED,2026-07-07 23:30:48.036829,
TXN00000309,CARD000137,PURCHASE,Myntra,63085.34,APPROVED,2026-07-20 14:48:48.036829,
TXN00000310,ACC0000566,WITHDRAWAL,Swiggy,49441.55,APPROVED,2026-06-28 23:50:48.036829,
TXN00000311,CARD000250,PURCHASE,Apollo Pharmacy,69494.8,APPROVED,2026-05-20 20:16:48.036829,
TXN00000312,CARD000171,PURCHASE,IRCTC,5206.33,APPROVED,2026-04-21 12:03:48.036829,
TXN00000313,CARD000137,PURCHASE,Amazon India,67263.32,APPROVED,2026-05-11 06:11:48.036829,
TXN00000314,CARD000146,PURCHASE,Croma,29637.28,APPROVED,2026-07-04 03:57:48.036829,
TXN00000315,CARD000133,PURCHASE,Tata CLiQ,3109.93,APPROVED,2026-06-23 20:49:48.036829,
TXN00000316,ACC0000346,TRANSFER,Jio Recharge,42715.8,APPROVED,2026-04-24 06:36:48.036829,
TXN00000317,CARD000200,PURCHASE,BigBasket,33579.17,APPROVED,2026-07-23 07:30:48.036829,
TXN00000318,ACC0000062,DEPOSIT,BigBasket,64128.87,APPROVED,2026-07-25 23:00:48.036829,
TXN00000319,ACC0000134,TRANSFER,Apollo Pharmacy,5766.23,APPROVED,2026-06-23 07:10:48.036829,
TXN00000320,CARD000017,PURCHASE,IRCTC,60402.35,APPROVED,2026-06-22 12:26:48.036829,
TXN00000321,ACC0000202,TRANSFER,DMart,4874.62,APPROVED,2026-07-11 23:27:48.036829,
TXN00000322,ACC0000263,PAYMENT,Jio Recharge,56416.55,APPROVED,2026-06-22 19:24:48.036829,
TXN00000323,ACC0000166,PAYMENT,Amazon India,915.21,DECLINED,2026-04-23 00:13:48.036829,ACCOUNT_FROZEN
TXN00000324,CARD000152,PURCHASE,Reliance Digital,66903.05,APPROVED,2026-04-03 19:38:48.036829,
TXN00000325,ACC0000690,PAYMENT,BigBasket,22065.75,PENDING,2026-04-04 02:04:48.036829,
TXN00000326,ACC0000247,PAYMENT,Jio Recharge,28541.36,APPROVED,2026-05-28 06:30:48.036829,
TXN00000327,ACC0000646,TRANSFER,DMart,48660.42,APPROVED,2026-06-23 14:53:48.036829,
TXN00000328,ACC0000327,TRANSFER,Ola,35347.5,APPROVED,2026-07-18 11:45:48.036829,
TXN00000329,CARD000095,PURCHASE,Ola,16675.31,DECLINED,2026-07-25 02:29:48.036829,MERCHANT_NOT_SUPPORTED
TXN00000330,ACC0000585,PAYMENT,Reliance Digital,52819.56,APPROVED,2026-05-07 23:43:48.036829,
TXN00000331,ACC0000455,PAYMENT,Nykaa,14750.98,APPROVED,2026-04-20 14:49:48.036829,
TXN00000332,ACC0000409,TRANSFER,Uber,67608.49,APPROVED,2026-07-11 13:33:48.036829,
TXN00000333,CARD000075,PURCHASE,Ola,34960.51,APPROVED,2026-06-30 09:33:48.036829,
TXN00000334,CARD000060,PURCHASE,Ola,63548.51,APPROVED,2026-06-13 21:19:48.036829,
TXN00000335,ACC0000471,PURCHASE,Nykaa,15614.37,APPROVED,2026-05-18 05:59:48.036829,
TXN00000336,ACC0000412,WITHDRAWAL,Jio Recharge,35207.58,APPROVED,2026-07-12 02:48:48.036829,
TXN00000337,CARD000169,PURCHASE,Nykaa,17687.94,APPROVED,2026-07-26 03:04:48.036829,
TXN00000338,ACC0000238,WITHDRAWAL,IRCTC,60745.14,APPROVED,2026-04-04 22:59:48.036829,
TXN00000339,CARD000040,PURCHASE,Nykaa,46852.24,APPROVED,2026-05-20 00:27:48.036829,
TXN00000340,ACC0000073,DEPOSIT,Croma,36411.34,DECLINED,2026-05-07 14:44:48.036829,INVALID_PIN
TXN00000341,CARD000279,PURCHASE,Tata CLiQ,4168.06,APPROVED,2026-06-23 11:17:48.036829,
TXN00000342,ACC0000428,DEPOSIT,Uber,472.12,APPROVED,2026-05-04 09:05:48.036829,
TXN00000343,ACC0000264,WITHDRAWAL,Flipkart,54587.58,APPROVED,2026-05-30 09:03:48.036829,
TXN00000344,ACC0000217,PURCHASE,Ola,73988.45,APPROVED,2026-05-05 16:48:48.036829,
TXN00000345,ACC0000091,DEPOSIT,Flipkart,72349.49,APPROVED,2026-05-03 19:24:48.036829,
TXN00000346,CARD000257,PURCHASE,Zomato,33681.88,APPROVED,2026-03-29 04:08:48.036829,
TXN00000347,CARD000075,PURCHASE,Myntra,65316.35,DECLINED,2026-05-21 23:50:48.036829,EXPIRED_CARD
TXN00000348,ACC0000490,WITHDRAWAL,Uber,10003.04,APPROVED,2026-06-11 00:03:48.036829,
TXN00000349,ACC0000080,TRANSFER,Zomato,65110.2,APPROVED,2026-06-11 10:27:48.036829,
TXN00000350,CARD000007,PURCHASE,IRCTC,21505.93,DECLINED,2026-06-18 10:25:48.036829,EXPIRED_CARD
TXN00000351,CARD000150,PURCHASE,BookMyShow,65568.58,PENDING,2026-05-21 22:52:48.036829,
TXN00000352,CARD000148,PURCHASE,Myntra,30096.69,APPROVED,2026-04-23 11:06:48.036829,
TXN00000353,CARD000100,PURCHASE,IRCTC,27942.35,APPROVED,2026-06-01 06:18:48.036829,
TXN00000354,CARD000209,PURCHASE,BigBasket,31549.47,APPROVED,2026-07-16 01:43:48.036829,
TXN00000355,ACC0000444,PURCHASE,Swiggy,9408.75,APPROVED,2026-05-24 23:01:48.036829,
TXN00000356,ACC0000123,WITHDRAWAL,Croma,13521.49,APPROVED,2026-05-14 20:16:48.036829,
TXN00000357,CARD000186,PURCHASE,BigBasket,18552.63,APPROVED,2026-07-08 00:24:48.036829,
TXN00000358,ACC0000208,PAYMENT,BookMyShow,72452.76,PENDING,2026-04-15 18:09:48.036829,
TXN00000359,CARD000208,PURCHASE,Uber,72150.1,APPROVED,2026-06-16 23:18:48.036829,
TXN00000360,CARD000002,PURCHASE,BigBasket,24551.78,APPROVED,2026-05-05 01:06:48.036829,
TXN00000361,CARD000223,PURCHASE,DMart,57039.73,APPROVED,2026-05-05 09:16:48.036829,
TXN00000362,ACC0000468,PURCHASE,Zomato,8581.91,APPROVED,2026-04-13 06:21:48.036829,
TXN00000363,ACC0000014,TRANSFER,BigBasket,44998.54,APPROVED,2026-07-26 01:41:48.036829,
TXN00000364,CARD000082,PURCHASE,BookMyShow,26744.23,APPROVED,2026-05-01 14:19:48.036829,
TXN00000365,CARD000187,PURCHASE,Swiggy,55685.24,APPROVED,2026-07-01 18:37:48.036829,
TXN00000366,CARD000154,PURCHASE,Uber,14400.86,APPROVED,2026-04-16 16:38:48.036829,
TXN00000367,CARD000116,PURCHASE,Uber,63796.73,APPROVED,2026-05-03 07:19:48.036829,
TXN00000368,ACC0000308,TRANSFER,Croma,55922.19,APPROVED,2026-07-10 05:14:48.036829,
TXN00000369,CARD000062,PURCHASE,BookMyShow,54275.1,APPROVED,2026-05-23 05:53:48.036829,
TXN00000370,CARD000116,PURCHASE,IRCTC,42803.29,APPROVED,2026-07-26 01:40:48.036829,
TXN00000371,ACC0000359,WITHDRAWAL,Croma,42945.82,APPROVED,2026-04-14 11:19:48.036829,
TXN00000372,ACC0000502,PURCHASE,Tata CLiQ,45427.32,APPROVED,2026-06-27 00:48:48.036829,
TXN00000373,CARD000087,PURCHASE,IRCTC,18388.53,APPROVED,2026-06-15 03:23:48.036829,
TXN00000374,ACC0000263,PURCHASE,Swiggy,4451.79,APPROVED,2026-06-21 12:41:48.036829,
TXN00000375,ACC0000356,PURCHASE,Ola,47295.06,APPROVED,2026-05-08 03:19:48.036829,
TXN00000376,ACC0000500,PAYMENT,IRCTC,50655.01,APPROVED,2026-06-17 08:50:48.036829,
TXN00000377,ACC0000666,TRANSFER,DMart,68548.45,APPROVED,2026-06-09 00:29:48.036829,
TXN00000378,ACC0000140,PAYMENT,BigBasket,6679.2,APPROVED,2026-05-26 17:52:48.036829,
TXN00000379,ACC0000150,WITHDRAWAL,IRCTC,57943.62,PENDING,2026-06-06 12:04:48.036829,
TXN00000380,ACC0000563,PURCHASE,Tata CLiQ,48331.73,APPROVED,2026-06-01 19:47:48.036829,
TXN00000381,CARD000239,PURCHASE,BigBasket,3246.82,APPROVED,2026-04-04 06:50:48.036829,
TXN00000382,ACC0000559,PAYMENT,Croma,55229.34,APPROVED,2026-05-07 11:58:48.036829,
TXN00000383,ACC0000046,TRANSFER,Tata CLiQ,25362.52,DECLINED,2026-03-31 08:13:48.036829,INSUFFICIENT_FUNDS
TXN00000384,ACC0000679,WITHDRAWAL,Tata CLiQ,25412.0,APPROVED,2026-04-06 19:45:48.036829,
TXN00000385,ACC0000512,WITHDRAWAL,Swiggy,45799.72,APPROVED,2026-06-17 19:51:48.036829,
TXN00000386,ACC0000557,PAYMENT,BookMyShow,42686.48,APPROVED,2026-06-29 03:42:48.036829,
TXN00000387,ACC0000046,PURCHASE,Myntra,34960.15,APPROVED,2026-04-15 12:34:48.036829,
TXN00000388,CARD000232,PURCHASE,DMart,22828.51,APPROVED,2026-06-28 15:04:48.036829,
TXN00000389,ACC0000533,TRANSFER,Apollo Pharmacy,73523.49,APPROVED,2026-06-22 18:26:48.036829,
TXN00000390,CARD000131,PURCHASE,Croma,70023.44,APPROVED,2026-07-05 13:53:48.036829,
TXN00000391,ACC0000029,DEPOSIT,Apollo Pharmacy,51237.78,APPROVED,2026-05-16 09:25:48.036829,
TXN00000392,ACC0000189,WITHDRAWAL,Myntra,3080.93,APPROVED,2026-04-30 21:10:48.036829,
TXN00000393,ACC0000385,PURCHASE,BigBasket,10343.32,APPROVED,2026-07-10 01:07:48.036829,
TXN00000394,ACC0000182,WITHDRAWAL,Ola,44853.35,DECLINED,2026-05-17 11:50:48.036829,ACCOUNT_FROZEN
TXN00000395,CARD000234,PURCHASE,DMart,7514.51,APPROVED,2026-07-18 19:07:48.036829,
TXN00000396,ACC0000571,TRANSFER,Uber,45879.62,APPROVED,2026-06-24 04:39:48.036829,
TXN00000397,ACC0000138,PAYMENT,Zomato,5300.31,APPROVED,2026-07-17 19:23:48.036829,
TXN00000398,CARD000157,PURCHASE,Uber,10141.6,APPROVED,2026-07-03 22:19:48.036829,
TXN00000399,ACC0000184,TRANSFER,Apollo Pharmacy,8290.92,APPROVED,2026-07-09 19:26:48.036829,
TXN00000400,ACC0000247,WITHDRAWAL,Zomato,17240.09,APPROVED,2026-06-20 01:23:48.036829,
TXN00000401,ACC0000400,TRANSFER,Amazon India,23157.44,APPROVED,2026-06-01 14:07:48.036829,
TXN00000402,CARD000004,PURCHASE,Myntra,49065.22,DECLINED,2026-05-19 00:11:48.036829,CARD_BLOCKED
TXN00000403,CARD000247,PURCHASE,Tata CLiQ,13701.79,APPROVED,2026-07-02 13:34:48.036829,
TXN00000404,ACC0000499,DEPOSIT,Zomato,64873.49,APPROVED,2026-07-01 03:38:48.036829,
TXN00000405,ACC0000400,DEPOSIT,Swiggy,64171.46,APPROVED,2026-04-06 01:31:48.036829,
TXN00000406,ACC0000099,PURCHASE,Swiggy,23691.85,APPROVED,2026-07-15 07:48:48.036829,
TXN00000407,ACC0000317,WITHDRAWAL,Jio Recharge,19412.52,APPROVED,2026-07-19 14:47:48.036829,
TXN00000408,ACC0000201,DEPOSIT,Swiggy,26113.89,APPROVED,2026-05-29 01:38:48.036829,
TXN00000409,ACC0000320,TRANSFER,Reliance Digital,61860.29,APPROVED,2026-07-21 22:54:48.036829,
TXN00000410,ACC0000044,PAYMENT,Flipkart,7386.08,APPROVED,2026-07-12 01:15:48.036829,
TXN00000411,CARD000173,PURCHASE,Myntra,42364.07,APPROVED,2026-05-23 13:27:48.036829,
TXN00000412,CARD000298,PURCHASE,Tata CLiQ,74250.05,APPROVED,2026-04-19 13:03:48.036829,
TXN00000413,ACC0000136,PURCHASE,MakeMyTrip,52368.85,APPROVED,2026-05-24 20:08:48.036829,
TXN00000414,CARD000288,PURCHASE,MakeMyTrip,3601.93,APPROVED,2026-05-21 17:24:48.036829,
TXN00000415,CARD000229,PURCHASE,DMart,19782.77,APPROVED,2026-06-21 12:36:48.036829,
TXN00000416,ACC0000334,TRANSFER,IRCTC,63686.64,APPROVED,2026-06-12 18:55:48.036829,
TXN00000417,ACC0000364,PAYMENT,Zomato,67748.71,APPROVED,2026-07-17 16:29:48.036829,
TXN00000418,ACC0000682,PURCHASE,Tata CLiQ,19229.19,APPROVED,2026-07-22 15:12:48.036829,
TXN00000419,CARD000053,PURCHASE,IRCTC,49133.95,APPROVED,2026-07-15 16:19:48.036829,
TXN00000420,CARD000271,PURCHASE,Zomato,73416.6,APPROVED,2026-06-11 22:31:48.036829,
TXN00000421,ACC0000662,TRANSFER,Apollo Pharmacy,61722.98,APPROVED,2026-06-08 23:35:48.036829,
TXN00000422,ACC0000581,PURCHASE,Swiggy,994.61,APPROVED,2026-07-07 12:11:48.036829,
TXN00000423,ACC0000072,WITHDRAWAL,Croma,20142.45,APPROVED,2026-05-03 00:40:48.036829,
TXN00000424,ACC0000309,WITHDRAWAL,Flipkart,8708.85,DECLINED,2026-05-10 04:05:48.036829,INVALID_PIN
TXN00000425,ACC0000402,WITHDRAWAL,Jio Recharge,11407.75,APPROVED,2026-07-15 20:39:48.036829,
TXN00000426,ACC0000284,PAYMENT,Zomato,53738.23,APPROVED,2026-06-03 19:39:48.036829,
TXN00000427,CARD000263,PURCHASE,MakeMyTrip,46715.23,APPROVED,2026-05-25 01:10:48.036829,
TXN00000428,CARD000042,PURCHASE,Amazon India,69526.03,DECLINED,2026-05-02 18:18:48.036829,INSUFFICIENT_CREDIT_LIMIT
TXN00000429,ACC0000482,PURCHASE,BookMyShow,4942.2,APPROVED,2026-05-04 07:20:48.036829,
TXN00000430,CARD000169,PURCHASE,DMart,654.52,APPROVED,2026-06-10 12:57:48.036829,
TXN00000431,CARD000080,PURCHASE,Nykaa,25994.6,APPROVED,2026-06-16 20:29:48.036829,
TXN00000432,ACC0000027,PAYMENT,BookMyShow,68035.82,APPROVED,2026-07-21 11:06:48.036829,
TXN00000433,CARD000117,PURCHASE,Nykaa,27752.97,APPROVED,2026-06-21 08:05:48.036829,
TXN00000434,CARD000242,PURCHASE,Zomato,20067.73,APPROVED,2026-06-23 17:50:48.036829,
TXN00000435,CARD000072,PURCHASE,Myntra,59075.36,APPROVED,2026-05-07 18:28:48.036829,
TXN00000436,CARD000058,PURCHASE,BigBasket,23743.8,APPROVED,2026-04-06 20:52:48.036829,
TXN00000437,CARD000137,PURCHASE,Apollo Pharmacy,44393.96,APPROVED,2026-04-18 05:01:48.036829,
TXN00000438,CARD000014,PURCHASE,IRCTC,39792.47,APPROVED,2026-05-15 12:31:48.036829,
TXN00000439,CARD000264,PURCHASE,DMart,38028.07,APPROVED,2026-05-18 02:42:48.036829,
TXN00000440,ACC0000258,TRANSFER,MakeMyTrip,57309.93,APPROVED,2026-04-26 22:17:48.036829,
TXN00000441,ACC0000168,WITHDRAWAL,Flipkart,46809.07,PENDING,2026-07-07 12:43:48.036829,
TXN00000442,CARD000078,PURCHASE,Nykaa,62797.83,APPROVED,2026-05-18 18:55:48.036829,
TXN00000443,CARD000300,PURCHASE,Nykaa,34153.68,APPROVED,2026-05-04 22:12:48.036829,
TXN00000444,ACC0000666,PURCHASE,Zomato,46084.22,APPROVED,2026-07-05 01:30:48.036829,
TXN00000445,CARD000228,PURCHASE,Zomato,56914.98,APPROVED,2026-04-30 07:13:48.036829,
TXN00000446,ACC0000314,WITHDRAWAL,MakeMyTrip,60774.43,APPROVED,2026-07-13 00:57:48.036829,
TXN00000447,ACC0000286,WITHDRAWAL,Swiggy,23914.83,PENDING,2026-04-09 11:03:48.036829,
TXN00000448,ACC0000451,WITHDRAWAL,Ola,69137.42,APPROVED,2026-04-03 00:11:48.036829,
TXN00000449,ACC0000294,WITHDRAWAL,Jio Recharge,47324.42,APPROVED,2026-05-26 15:25:48.036829,
TXN00000450,CARD000186,PURCHASE,Myntra,21489.99,APPROVED,2026-07-16 05:35:48.036829,
TXN00000451,CARD000058,PURCHASE,Flipkart,41617.0,APPROVED,2026-04-13 13:04:48.036829,
TXN00000452,CARD000179,PURCHASE,Ola,59218.69,APPROVED,2026-05-19 21:55:48.036829,
TXN00000453,CARD000051,PURCHASE,Uber,1009.49,APPROVED,2026-04-28 09:54:48.036829,
TXN00000454,ACC0000160,PAYMENT,Uber,63308.39,APPROVED,2026-07-15 17:46:48.036829,
TXN00000455,ACC0000492,WITHDRAWAL,Ola,50907.88,APPROVED,2026-04-08 18:22:48.036829,
TXN00000456,ACC0000231,PAYMENT,Apollo Pharmacy,18950.22,APPROVED,2026-07-24 09:46:48.036829,
TXN00000457,ACC0000083,WITHDRAWAL,Flipkart,25645.65,APPROVED,2026-07-10 12:15:48.036829,
TXN00000458,ACC0000141,PURCHASE,Nykaa,52051.53,APPROVED,2026-05-15 06:30:48.036829,
TXN00000459,ACC0000174,PAYMENT,Apollo Pharmacy,8072.17,APPROVED,2026-07-02 12:14:48.036829,
TXN00000460,ACC0000010,PURCHASE,Jio Recharge,32075.09,APPROVED,2026-04-24 06:58:48.036829,
TXN00000461,ACC0000519,DEPOSIT,Apollo Pharmacy,34641.73,APPROVED,2026-07-05 04:06:48.036829,
TXN00000462,CARD000074,PURCHASE,BookMyShow,3669.59,APPROVED,2026-07-03 12:24:48.036829,
TXN00000463,ACC0000697,TRANSFER,Zomato,73133.07,APPROVED,2026-05-21 09:47:48.036829,
TXN00000464,ACC0000216,TRANSFER,Tata CLiQ,46978.67,APPROVED,2026-05-23 11:13:48.036829,
TXN00000465,CARD000004,PURCHASE,Zomato,3271.53,APPROVED,2026-05-09 23:45:48.036829,
TXN00000466,CARD000031,PURCHASE,Tata CLiQ,58244.87,APPROVED,2026-05-03 14:16:48.036829,
TXN00000467,CARD000121,PURCHASE,Uber,36561.46,PENDING,2026-05-04 13:43:48.036829,
TXN00000468,ACC0000653,PURCHASE,Apollo Pharmacy,63735.98,APPROVED,2026-04-07 19:09:48.036829,
TXN00000469,ACC0000127,PAYMENT,Croma,65860.82,APPROVED,2026-05-18 04:51:48.036829,
TXN00000470,CARD000198,PURCHASE,Amazon India,16842.97,DECLINED,2026-04-07 23:57:48.036829,CARD_BLOCKED
TXN00000471,ACC0000047,DEPOSIT,MakeMyTrip,26526.04,APPROVED,2026-05-06 21:57:48.036829,
TXN00000472,ACC0000438,PURCHASE,Amazon India,14184.04,DECLINED,2026-05-18 19:38:48.036829,DAILY_LIMIT_EXCEEDED
TXN00000473,ACC0000657,PAYMENT,BookMyShow,10052.5,APPROVED,2026-06-29 16:44:48.036829,
TXN00000474,ACC0000624,DEPOSIT,IRCTC,27537.78,APPROVED,2026-06-23 21:42:48.036829,
TXN00000475,ACC0000461,PURCHASE,BookMyShow,44322.39,APPROVED,2026-07-02 06:59:48.036829,
TXN00000476,CARD000108,PURCHASE,Apollo Pharmacy,6286.25,APPROVED,2026-04-10 22:18:48.036829,
TXN00000477,ACC0000566,PURCHASE,Ola,66384.51,APPROVED,2026-05-06 10:51:48.036829,
TXN00000478,ACC0000174,PAYMENT,Flipkart,28909.38,DECLINED,2026-06-24 03:50:48.036829,INSUFFICIENT_FUNDS
TXN00000479,ACC0000674,WITHDRAWAL,Apollo Pharmacy,56305.33,PENDING,2026-07-01 19:38:48.036829,
TXN00000480,CARD000293,PURCHASE,Croma,26257.07,APPROVED,2026-05-29 21:34:48.036829,
TXN00000481,ACC0000486,PURCHASE,Myntra,12385.65,APPROVED,2026-06-01 18:23:48.036829,
TXN00000482,CARD000131,PURCHASE,Flipkart,71555.54,APPROVED,2026-05-21 06:49:48.036829,
TXN00000483,ACC0000425,PURCHASE,BigBasket,54715.42,APPROVED,2026-06-12 20:30:48.036829,
TXN00000484,ACC0000348,TRANSFER,Uber,33468.28,APPROVED,2026-05-13 03:23:48.036829,
TXN00000485,ACC0000245,PAYMENT,MakeMyTrip,9961.45,APPROVED,2026-06-23 21:46:48.036829,
TXN00000486,ACC0000633,WITHDRAWAL,Amazon India,64695.04,APPROVED,2026-05-09 01:24:48.036829,
TXN00000487,ACC0000168,DEPOSIT,BookMyShow,49311.07,APPROVED,2026-06-06 07:02:48.036829,
TXN00000488,ACC0000506,TRANSFER,Zomato,39579.42,APPROVED,2026-06-03 16:59:48.036829,
TXN00000489,CARD000020,PURCHASE,Reliance Digital,34711.92,APPROVED,2026-04-22 20:17:48.036829,
TXN00000490,CARD000062,PURCHASE,Croma,37831.25,APPROVED,2026-03-30 11:01:48.036829,
TXN00000491,CARD000091,PURCHASE,Apollo Pharmacy,17615.16,APPROVED,2026-07-24 22:53:48.036829,
TXN00000492,ACC0000527,PURCHASE,Myntra,33411.64,APPROVED,2026-07-17 02:13:48.036829,
TXN00000493,CARD000182,PURCHASE,Nykaa,55865.59,APPROVED,2026-03-28 23:29:48.036829,
TXN00000494,ACC0000286,PAYMENT,IRCTC,56326.44,DECLINED,2026-04-21 15:50:48.036829,ACCOUNT_FROZEN
TXN00000495,ACC0000432,PURCHASE,Myntra,17955.65,APPROVED,2026-04-01 05:20:48.036829,
TXN00000496,ACC0000348,DEPOSIT,Tata CLiQ,15514.82,APPROVED,2026-07-12 16:06:48.036829,
TXN00000497,ACC0000603,DEPOSIT,Jio Recharge,29581.61,APPROVED,2026-04-11 03:41:48.036829,
TXN00000498,ACC0000061,PURCHASE,BigBasket,31004.79,APPROVED,2026-05-14 20:11:48.036829,
TXN00000499,CARD000138,PURCHASE,Myntra,28211.04,APPROVED,2026-06-15 02:52:48.036829,
TXN00000500,ACC0000565,WITHDRAWAL,Myntra,60949.51,APPROVED,2026-04-16 07:05:48.036829,
TXN00000501,ACC0000534,DEPOSIT,Apollo Pharmacy,36963.3,APPROVED,2026-06-30 03:41:48.036829,
TXN00000502,CARD000195,PURCHASE,BookMyShow,37932.72,DECLINED,2026-05-13 12:59:48.036829,SUSPECTED_FRAUD
TXN00000503,CARD000055,PURCHASE,BookMyShow,72904.46,APPROVED,2026-06-27 06:23:48.036829,
TXN00000504,CARD000063,PURCHASE,Myntra,39490.62,APPROVED,2026-04-29 08:12:48.036829,
TXN00000505,ACC0000214,PURCHASE,Nykaa,32868.47,APPROVED,2026-03-27 08:36:48.036829,
TXN00000506,ACC0000089,PURCHASE,DMart,67931.74,APPROVED,2026-04-11 12:49:48.036829,
TXN00000507,ACC0000677,PAYMENT,BigBasket,46853.7,DECLINED,2026-06-24 13:08:48.036829,SUSPECTED_FRAUD
TXN00000508,ACC0000597,PURCHASE,BookMyShow,71830.73,DECLINED,2026-07-19 21:34:48.036829,DAILY_LIMIT_EXCEEDED
TXN00000509,CARD000002,PURCHASE,BigBasket,17909.87,APPROVED,2026-06-02 06:59:48.036829,
TXN00000510,ACC0000614,PURCHASE,Croma,34745.08,APPROVED,2026-06-19 08:53:48.036829,
TXN00000511,ACC0000102,DEPOSIT,Apollo Pharmacy,56935.58,APPROVED,2026-07-22 03:43:48.036829,
TXN00000512,ACC0000396,DEPOSIT,Zomato,19842.93,APPROVED,2026-04-12 03:58:48.036829,
TXN00000513,ACC0000594,WITHDRAWAL,Myntra,46416.22,APPROVED,2026-06-06 04:26:48.036829,
TXN00000514,CARD000215,PURCHASE,Flipkart,17340.81,APPROVED,2026-07-05 18:38:48.036829,
TXN00000515,CARD000130,PURCHASE,BigBasket,5401.51,APPROVED,2026-05-22 14:06:48.036829,
TXN00000516,ACC0000481,WITHDRAWAL,BigBasket,24118.17,APPROVED,2026-04-01 09:20:48.036829,
TXN00000517,ACC0000424,TRANSFER,Flipkart,64072.26,DECLINED,2026-04-25 15:32:48.036829,SUSPECTED_FRAUD
TXN00000518,CARD000025,PURCHASE,Uber,12472.43,APPROVED,2026-07-05 10:52:48.036829,
TXN00000519,ACC0000502,DEPOSIT,Croma,21590.92,APPROVED,2026-06-10 06:40:48.036829,
TXN00000520,CARD000066,PURCHASE,IRCTC,69316.84,APPROVED,2026-06-07 04:16:48.036829,
TXN00000521,CARD000192,PURCHASE,Swiggy,72130.84,APPROVED,2026-05-01 04:49:48.036829,
TXN00000522,ACC0000252,PURCHASE,Tata CLiQ,74535.61,APPROVED,2026-04-19 22:48:48.036829,
TXN00000523,ACC0000640,DEPOSIT,MakeMyTrip,35892.97,APPROVED,2026-03-31 11:09:48.036829,
TXN00000524,ACC0000263,TRANSFER,Flipkart,47097.33,APPROVED,2026-04-26 19:19:48.036829,
TXN00000525,CARD000134,PURCHASE,BigBasket,68507.88,APPROVED,2026-04-17 12:32:48.036829,
TXN00000526,CARD000086,PURCHASE,Reliance Digital,62461.53,APPROVED,2026-04-03 20:48:48.036829,
TXN00000527,CARD000246,PURCHASE,IRCTC,271.96,APPROVED,2026-07-14 22:11:48.036829,
TXN00000528,ACC0000210,PAYMENT,Apollo Pharmacy,357.29,APPROVED,2026-06-07 13:15:48.036829,
TXN00000529,CARD000291,PURCHASE,Reliance Digital,31095.74,APPROVED,2026-05-06 23:54:48.036829,
TXN00000530,CARD000002,PURCHASE,Jio Recharge,65459.19,APPROVED,2026-04-07 01:30:48.036829,
TXN00000531,ACC0000686,WITHDRAWAL,BookMyShow,30448.23,APPROVED,2026-04-15 21:00:48.036829,
TXN00000532,CARD000027,PURCHASE,DMart,69299.65,APPROVED,2026-03-30 00:53:48.036829,
TXN00000533,CARD000009,PURCHASE,Apollo Pharmacy,12305.69,APPROVED,2026-04-30 18:41:48.036829,
TXN00000534,ACC0000505,TRANSFER,Myntra,70799.08,APPROVED,2026-04-18 18:43:48.036829,
TXN00000535,ACC0000180,PAYMENT,Amazon India,27604.09,APPROVED,2026-05-27 07:42:48.036829,
TXN00000536,ACC0000088,DEPOSIT,Amazon India,72324.3,APPROVED,2026-03-31 21:39:48.036829,
TXN00000537,CARD000012,PURCHASE,Reliance Digital,58529.91,APPROVED,2026-07-23 10:13:48.036829,
TXN00000538,ACC0000180,WITHDRAWAL,Tata CLiQ,67964.42,APPROVED,2026-06-14 07:12:48.036829,
TXN00000539,ACC0000274,WITHDRAWAL,Croma,65400.45,APPROVED,2026-05-21 12:27:48.036829,
TXN00000540,ACC0000697,PURCHASE,Uber,69262.89,APPROVED,2026-05-02 08:05:48.036829,
TXN00000541,CARD000292,PURCHASE,Flipkart,24156.16,APPROVED,2026-06-12 02:07:48.036829,
TXN00000542,CARD000144,PURCHASE,Amazon India,62651.58,APPROVED,2026-06-14 04:19:48.036829,
TXN00000543,ACC0000006,PURCHASE,MakeMyTrip,41744.64,DECLINED,2026-04-14 15:26:48.036829,INVALID_PIN
TXN00000544,CARD000010,PURCHASE,Swiggy,20281.0,APPROVED,2026-05-04 19:18:48.036829,
TXN00000545,ACC0000298,TRANSFER,Flipkart,2456.15,DECLINED,2026-07-04 07:22:48.036829,ACCOUNT_FROZEN
TXN00000546,ACC0000441,DEPOSIT,Apollo Pharmacy,44144.97,APPROVED,2026-05-09 16:36:48.036829,
TXN00000547,CARD000051,PURCHASE,Reliance Digital,11220.52,APPROVED,2026-06-26 00:27:48.036829,
TXN00000548,ACC0000377,TRANSFER,Nykaa,20959.46,APPROVED,2026-07-26 05:04:48.036829,
TXN00000549,CARD000146,PURCHASE,Zomato,24820.64,APPROVED,2026-04-28 04:36:48.036829,
TXN00000550,ACC0000090,TRANSFER,DMart,9972.1,APPROVED,2026-04-25 22:07:48.036829,
TXN00000551,CARD000033,PURCHASE,Apollo Pharmacy,23197.22,APPROVED,2026-04-24 15:19:48.036829,
TXN00000552,CARD000095,PURCHASE,Jio Recharge,31622.59,DECLINED,2026-06-10 16:07:48.036829,SUSPECTED_FRAUD
TXN00000553,ACC0000029,WITHDRAWAL,Swiggy,63532.96,APPROVED,2026-06-28 13:55:48.036829,
TXN00000554,ACC0000358,WITHDRAWAL,Tata CLiQ,17033.06,PENDING,2026-06-03 14:54:48.036829,
TXN00000555,CARD000211,PURCHASE,Apollo Pharmacy,9543.36,APPROVED,2026-07-26 06:41:48.036829,
TXN00000556,CARD000170,PURCHASE,MakeMyTrip,15137.4,APPROVED,2026-07-07 14:50:48.036829,
TXN00000557,CARD000261,PURCHASE,Nykaa,45588.94,APPROVED,2026-05-07 23:39:48.036829,
TXN00000558,CARD000274,PURCHASE,DMart,58348.62,APPROVED,2026-06-27 21:36:48.036829,
TXN00000559,ACC0000667,WITHDRAWAL,Amazon India,9551.77,APPROVED,2026-05-10 20:11:48.036829,
TXN00000560,ACC0000608,WITHDRAWAL,Ola,3957.94,APPROVED,2026-07-09 05:55:48.036829,
TXN00000561,ACC0000413,PURCHASE,Ola,13660.77,APPROVED,2026-04-23 13:29:48.036829,
TXN00000562,ACC0000368,PURCHASE,Tata CLiQ,31537.38,PENDING,2026-04-12 23:05:48.036829,
TXN00000563,ACC0000267,PURCHASE,Swiggy,14023.6,APPROVED,2026-05-21 20:54:48.036829,
TXN00000564,ACC0000424,PAYMENT,Myntra,56074.23,APPROVED,2026-07-21 18:48:48.036829,
TXN00000565,CARD000251,PURCHASE,Myntra,48727.56,APPROVED,2026-04-09 05:04:48.036829,
TXN00000566,ACC0000654,DEPOSIT,Uber,21565.67,APPROVED,2026-06-09 21:56:48.036829,
TXN00000567,CARD000259,PURCHASE,MakeMyTrip,39608.14,APPROVED,2026-05-19 18:22:48.036829,
TXN00000568,CARD000045,PURCHASE,Zomato,3565.97,APPROVED,2026-07-05 07:03:48.036829,
TXN00000569,CARD000155,PURCHASE,Tata CLiQ,4277.35,APPROVED,2026-04-11 05:03:48.036829,
TXN00000570,CARD000093,PURCHASE,Reliance Digital,72050.71,APPROVED,2026-05-31 18:13:48.036829,
TXN00000571,ACC0000109,PURCHASE,BookMyShow,45692.79,PENDING,2026-06-12 17:16:48.036829,
TXN00000572,CARD000017,PURCHASE,Croma,63274.36,APPROVED,2026-07-03 21:08:48.036829,
TXN00000573,ACC0000132,WITHDRAWAL,Nykaa,61399.91,APPROVED,2026-04-29 13:09:48.036829,
TXN00000574,CARD000104,PURCHASE,Swiggy,40378.52,APPROVED,2026-06-22 22:40:48.036829,
TXN00000575,ACC0000339,DEPOSIT,Swiggy,27805.01,APPROVED,2026-07-24 20:52:48.036829,
TXN00000576,ACC0000409,PAYMENT,Uber,70706.7,APPROVED,2026-06-13 12:38:48.036829,
TXN00000577,ACC0000403,PURCHASE,MakeMyTrip,60300.92,APPROVED,2026-05-27 09:30:48.036829,
TXN00000578,CARD000058,PURCHASE,Flipkart,49767.93,APPROVED,2026-04-27 10:55:48.036829,
TXN00000579,CARD000274,PURCHASE,DMart,26353.14,APPROVED,2026-07-25 08:54:48.036829,
TXN00000580,CARD000273,PURCHASE,Tata CLiQ,31906.08,APPROVED,2026-04-20 15:02:48.036829,
TXN00000581,ACC0000352,PURCHASE,IRCTC,71552.17,APPROVED,2026-05-01 10:24:48.036829,
TXN00000582,CARD000105,PURCHASE,BigBasket,36265.07,APPROVED,2026-03-28 00:49:48.036829,
TXN00000583,CARD000295,PURCHASE,Swiggy,12526.54,APPROVED,2026-05-03 06:10:48.036829,
TXN00000584,CARD000191,PURCHASE,Uber,22892.11,APPROVED,2026-05-16 19:50:48.036829,
TXN00000585,ACC0000263,TRANSFER,IRCTC,59227.98,APPROVED,2026-04-06 13:42:48.036829,
TXN00000586,ACC0000389,DEPOSIT,Flipkart,44217.29,APPROVED,2026-07-02 15:18:48.036829,
TXN00000587,CARD000112,PURCHASE,Ola,56841.42,APPROVED,2026-05-16 05:50:48.036829,
TXN00000588,CARD000056,PURCHASE,IRCTC,41016.99,APPROVED,2026-07-17 04:48:48.036829,
TXN00000589,CARD000125,PURCHASE,Myntra,64894.86,APPROVED,2026-06-13 19:24:48.036829,
TXN00000590,ACC0000597,PURCHASE,Apollo Pharmacy,72275.93,APPROVED,2026-06-28 17:25:48.036829,
TXN00000591,CARD000047,PURCHASE,Uber,38052.82,APPROVED,2026-06-29 09:00:48.036829,
TXN00000592,ACC0000504,PAYMENT,Myntra,67996.12,APPROVED,2026-07-20 14:50:48.036829,
TXN00000593,CARD000175,PURCHASE,Ola,45229.67,APPROVED,2026-06-24 10:26:48.036829,
TXN00000594,ACC0000335,PURCHASE,Tata CLiQ,12478.33,DECLINED,2026-04-17 23:56:48.036829,ACCOUNT_FROZEN
TXN00000595,ACC0000383,TRANSFER,Ola,48151.4,APPROVED,2026-04-01 10:33:48.036829,
TXN00000596,ACC0000052,PAYMENT,Amazon India,26744.51,APPROVED,2026-05-23 08:00:48.036829,
TXN00000597,ACC0000030,PURCHASE,Jio Recharge,56870.84,APPROVED,2026-06-08 09:23:48.036829,
TXN00000598,ACC0000619,TRANSFER,Apollo Pharmacy,24500.28,APPROVED,2026-07-01 12:22:48.036829,
TXN00000599,ACC0000403,PURCHASE,Croma,27081.71,APPROVED,2026-05-17 00:13:48.036829,
TXN00000600,ACC0000111,TRANSFER,MakeMyTrip,49338.27,APPROVED,2026-06-09 22:29:48.036829,
TXN00000601,CARD000174,PURCHASE,DMart,50937.96,APPROVED,2026-06-06 00:03:48.036829,
TXN00000602,ACC0000227,TRANSFER,Uber,33470.69,APPROVED,2026-07-21 05:28:48.036829,
TXN00000603,ACC0000223,WITHDRAWAL,Flipkart,62663.77,APPROVED,2026-07-01 22:50:48.036829,
TXN00000604,ACC0000353,PAYMENT,BigBasket,68919.09,APPROVED,2026-04-25 14:22:48.036829,
TXN00000605,ACC0000295,PAYMENT,Jio Recharge,41118.56,APPROVED,2026-04-21 15:29:48.036829,
TXN00000606,ACC0000318,DEPOSIT,Swiggy,29407.79,APPROVED,2026-07-11 00:08:48.036829,
TXN00000607,ACC0000131,WITHDRAWAL,BigBasket,24384.48,APPROVED,2026-04-29 19:28:48.036829,
TXN00000608,CARD000200,PURCHASE,Amazon India,66317.47,PENDING,2026-05-27 19:29:48.036829,
TXN00000609,ACC0000103,TRANSFER,MakeMyTrip,12413.34,DECLINED,2026-06-08 01:52:48.036829,INVALID_PIN
TXN00000610,ACC0000548,PURCHASE,Tata CLiQ,64089.11,APPROVED,2026-06-03 00:04:48.036829,
TXN00000611,CARD000077,PURCHASE,Jio Recharge,28215.87,APPROVED,2026-05-02 17:38:48.036829,
TXN00000612,ACC0000527,DEPOSIT,BookMyShow,40547.87,DECLINED,2026-05-30 18:26:48.036829,ACCOUNT_FROZEN
TXN00000613,CARD000246,PURCHASE,Swiggy,19579.73,APPROVED,2026-05-18 17:13:48.036829,
TXN00000614,CARD000091,PURCHASE,DMart,9957.27,DECLINED,2026-04-14 16:59:48.036829,CARD_BLOCKED
TXN00000615,CARD000262,PURCHASE,Nykaa,42791.39,APPROVED,2026-06-30 18:16:48.036829,
TXN00000616,CARD000087,PURCHASE,Jio Recharge,28032.7,APPROVED,2026-06-29 01:31:48.036829,
TXN00000617,ACC0000639,TRANSFER,Flipkart,52013.08,APPROVED,2026-05-10 05:29:48.036829,
TXN00000618,CARD000231,PURCHASE,Jio Recharge,70824.02,PENDING,2026-05-25 09:35:48.036829,
TXN00000619,ACC0000016,PAYMENT,Ola,56026.02,APPROVED,2026-04-16 07:36:48.036829,
TXN00000620,CARD000061,PURCHASE,BookMyShow,46791.98,APPROVED,2026-05-05 23:12:48.036829,
TXN00000621,ACC0000353,PURCHASE,Croma,33653.08,DECLINED,2026-04-11 23:56:48.036829,INVALID_PIN
TXN00000622,CARD000074,PURCHASE,Jio Recharge,9641.99,APPROVED,2026-07-25 20:14:48.036829,
TXN00000623,ACC0000591,PAYMENT,Amazon India,41107.98,APPROVED,2026-06-17 14:02:48.036829,
TXN00000624,CARD000210,PURCHASE,Zomato,29953.23,APPROVED,2026-06-13 22:26:48.036829,
TXN00000625,ACC0000098,PAYMENT,Apollo Pharmacy,22928.84,APPROVED,2026-04-18 22:00:48.036829,
TXN00000626,CARD000009,PURCHASE,Zomato,8129.43,APPROVED,2026-06-20 05:10:48.036829,
TXN00000627,ACC0000176,DEPOSIT,Tata CLiQ,74752.29,APPROVED,2026-05-20 21:27:48.036829,
TXN00000628,CARD000142,PURCHASE,Reliance Digital,6069.04,APPROVED,2026-06-16 15:29:48.036829,
TXN00000629,CARD000015,PURCHASE,BigBasket,71081.07,APPROVED,2026-05-13 08:10:48.036829,
TXN00000630,CARD000191,PURCHASE,Croma,980.67,APPROVED,2026-07-16 01:18:48.036829,
TXN00000631,CARD000087,PURCHASE,Nykaa,53782.42,APPROVED,2026-07-16 18:28:48.036829,
TXN00000632,ACC0000601,WITHDRAWAL,Jio Recharge,8271.89,APPROVED,2026-06-05 15:38:48.036829,
TXN00000633,ACC0000333,DEPOSIT,Tata CLiQ,26390.59,APPROVED,2026-06-22 18:04:48.036829,
TXN00000634,ACC0000154,PURCHASE,Myntra,69890.4,APPROVED,2026-05-01 08:43:48.036829,
TXN00000635,CARD000159,PURCHASE,Zomato,7098.62,APPROVED,2026-05-22 23:35:48.036829,
TXN00000636,ACC0000236,DEPOSIT,Jio Recharge,26252.34,APPROVED,2026-07-24 16:57:48.036829,
TXN00000637,CARD000148,PURCHASE,Nykaa,65286.39,APPROVED,2026-04-22 04:43:48.036829,
TXN00000638,CARD000178,PURCHASE,DMart,16465.75,APPROVED,2026-05-13 05:58:48.036829,
TXN00000639,CARD000188,PURCHASE,Zomato,41103.2,APPROVED,2026-07-22 06:33:48.036829,
TXN00000640,CARD000190,PURCHASE,IRCTC,48233.6,APPROVED,2026-04-24 02:02:48.036829,
TXN00000641,ACC0000141,PAYMENT,Apollo Pharmacy,66363.73,APPROVED,2026-06-06 05:51:48.036829,
TXN00000642,ACC0000368,PURCHASE,Flipkart,58288.52,APPROVED,2026-07-20 23:10:48.036829,
TXN00000643,ACC0000514,WITHDRAWAL,IRCTC,60831.72,APPROVED,2026-07-13 07:24:48.036829,
TXN00000644,ACC0000405,PURCHASE,BigBasket,620.71,DECLINED,2026-05-04 09:34:48.036829,ACCOUNT_FROZEN
TXN00000645,ACC0000037,TRANSFER,DMart,16423.89,APPROVED,2026-05-17 16:34:48.036829,
TXN00000646,CARD000281,PURCHASE,Croma,25135.64,APPROVED,2026-06-08 01:53:48.036829,
TXN00000647,ACC0000649,PAYMENT,Uber,414.1,DECLINED,2026-04-29 04:48:48.036829,INSUFFICIENT_FUNDS
TXN00000648,CARD000224,PURCHASE,Tata CLiQ,34546.62,DECLINED,2026-06-15 12:13:48.036829,CARD_BLOCKED
TXN00000649,CARD000172,PURCHASE,Flipkart,5990.11,DECLINED,2026-06-09 11:41:48.036829,EXPIRED_CARD
TXN00000650,ACC0000518,PURCHASE,Croma,45821.78,APPROVED,2026-07-23 04:41:48.036829,
TXN00000651,ACC0000458,DEPOSIT,Jio Recharge,40295.22,APPROVED,2026-05-23 05:48:48.036829,
TXN00000652,CARD000240,PURCHASE,Swiggy,65262.23,APPROVED,2026-04-02 13:47:48.036829,
TXN00000653,ACC0000559,TRANSFER,Uber,32221.5,APPROVED,2026-05-22 12:54:48.036829,
TXN00000654,ACC0000488,TRANSFER,Croma,55444.91,APPROVED,2026-05-06 08:58:48.036829,
TXN00000655,CARD000230,PURCHASE,Tata CLiQ,49774.11,APPROVED,2026-06-05 12:24:48.036829,
TXN00000656,CARD000280,PURCHASE,Tata CLiQ,54715.2,DECLINED,2026-06-08 21:17:48.036829,INCORRECT_CVV
TXN00000657,CARD000164,PURCHASE,Tata CLiQ,29677.31,APPROVED,2026-05-02 16:31:48.036829,
TXN00000658,CARD000296,PURCHASE,BigBasket,49177.56,APPROVED,2026-04-26 15:19:48.036829,
TXN00000659,CARD000204,PURCHASE,Amazon India,49424.19,APPROVED,2026-05-29 22:28:48.036829,
TXN00000660,ACC0000378,DEPOSIT,Flipkart,71233.01,APPROVED,2026-07-07 13:44:48.036829,
TXN00000661,ACC0000262,DEPOSIT,Nykaa,37890.19,DECLINED,2026-04-04 13:06:48.036829,SUSPECTED_FRAUD
TXN00000662,CARD000204,PURCHASE,Apollo Pharmacy,56659.89,APPROVED,2026-04-26 10:31:48.036829,
TXN00000663,CARD000198,PURCHASE,Flipkart,69396.66,DECLINED,2026-06-28 12:18:48.036829,EXPIRED_CARD
TXN00000664,CARD000128,PURCHASE,MakeMyTrip,70941.84,APPROVED,2026-05-23 19:23:48.036829,
TXN00000665,CARD000272,PURCHASE,Croma,2065.5,APPROVED,2026-06-25 02:09:48.036829,
TXN00000666,CARD000299,PURCHASE,MakeMyTrip,65699.4,APPROVED,2026-04-20 07:30:48.036829,
TXN00000667,ACC0000446,WITHDRAWAL,Swiggy,40399.93,APPROVED,2026-06-29 19:28:48.036829,
TXN00000668,ACC0000370,TRANSFER,Zomato,73235.28,APPROVED,2026-05-21 17:02:48.036829,
TXN00000669,ACC0000475,DEPOSIT,Reliance Digital,17834.12,APPROVED,2026-05-23 14:32:48.036829,
TXN00000670,ACC0000438,PAYMENT,Amazon India,57531.9,APPROVED,2026-04-30 10:02:48.036829,
TXN00000671,ACC0000146,DEPOSIT,Amazon India,66818.12,APPROVED,2026-06-18 10:07:48.036829,
TXN00000672,ACC0000379,WITHDRAWAL,Jio Recharge,18580.49,APPROVED,2026-06-13 19:20:48.036829,
TXN00000673,CARD000143,PURCHASE,Swiggy,48616.03,APPROVED,2026-07-13 12:33:48.036829,
TXN00000674,ACC0000303,PAYMENT,Flipkart,74914.73,APPROVED,2026-05-09 14:05:48.036829,
TXN00000675,ACC0000516,DEPOSIT,Amazon India,57944.8,APPROVED,2026-05-16 19:05:48.036829,
TXN00000676,CARD000010,PURCHASE,Myntra,9843.89,APPROVED,2026-06-02 12:01:48.036829,
TXN00000677,ACC0000504,DEPOSIT,Myntra,6825.73,APPROVED,2026-07-13 20:56:48.036829,
TXN00000678,ACC0000603,DEPOSIT,Myntra,690.68,APPROVED,2026-06-04 09:11:48.036829,
TXN00000679,CARD000068,PURCHASE,Jio Recharge,15270.5,APPROVED,2026-06-19 17:40:48.036829,
TXN00000680,ACC0000228,WITHDRAWAL,Myntra,3963.2,APPROVED,2026-07-02 08:40:48.036829,
TXN00000681,ACC0000408,PURCHASE,Ola,70357.82,PENDING,2026-07-04 00:38:48.036829,
TXN00000682,ACC0000695,TRANSFER,DMart,74983.86,APPROVED,2026-05-26 11:23:48.036829,
TXN00000683,CARD000293,PURCHASE,MakeMyTrip,33607.17,APPROVED,2026-05-28 07:28:48.036829,
TXN00000684,CARD000026,PURCHASE,Swiggy,59747.42,DECLINED,2026-04-24 23:18:48.036829,INCORRECT_CVV
TXN00000685,CARD000259,PURCHASE,Tata CLiQ,13574.7,APPROVED,2026-06-16 06:35:48.036829,
TXN00000686,ACC0000627,DEPOSIT,BigBasket,73959.55,APPROVED,2026-05-16 03:42:48.036829,
TXN00000687,ACC0000230,WITHDRAWAL,Apollo Pharmacy,72757.46,APPROVED,2026-04-21 07:58:48.036829,
TXN00000688,CARD000223,PURCHASE,DMart,57977.37,APPROVED,2026-05-31 14:08:48.036829,
TXN00000689,CARD000196,PURCHASE,Croma,37206.41,APPROVED,2026-07-18 13:49:48.036829,
TXN00000690,ACC0000087,DEPOSIT,MakeMyTrip,32991.45,APPROVED,2026-05-19 23:43:48.036829,
TXN00000691,CARD000092,PURCHASE,Reliance Digital,58387.29,APPROVED,2026-04-26 06:58:48.036829,
TXN00000692,ACC0000164,DEPOSIT,Croma,64090.97,DECLINED,2026-06-09 22:02:48.036829,INVALID_PIN
TXN00000693,ACC0000632,PURCHASE,Amazon India,19767.35,APPROVED,2026-07-23 14:41:48.036829,
TXN00000694,CARD000089,PURCHASE,Uber,71626.14,DECLINED,2026-04-21 11:00:48.036829,CARD_BLOCKED
TXN00000695,ACC0000331,DEPOSIT,MakeMyTrip,48601.86,APPROVED,2026-07-22 19:54:48.036829,
TXN00000696,ACC0000331,PURCHASE,BookMyShow,22209.73,APPROVED,2026-07-20 08:52:48.036829,
TXN00000697,ACC0000297,WITHDRAWAL,Croma,64877.01,APPROVED,2026-06-05 17:14:48.036829,
TXN00000698,ACC0000665,TRANSFER,Croma,60226.68,APPROVED,2026-05-08 12:45:48.036829,
TXN00000699,CARD000169,PURCHASE,Reliance Digital,51894.69,APPROVED,2026-04-02 15:51:48.036829,
TXN00000700,CARD000126,PURCHASE,Croma,22217.72,APPROVED,2026-06-20 07:20:48.036829,
TXN00000701,CARD000287,PURCHASE,MakeMyTrip,62604.98,APPROVED,2026-05-28 15:45:48.036829,
TXN00000702,CARD000009,PURCHASE,Uber,38530.71,APPROVED,2026-04-09 09:23:48.036829,
TXN00000703,CARD000264,PURCHASE,BookMyShow,43457.15,DECLINED,2026-07-09 22:49:48.036829,MERCHANT_NOT_SUPPORTED
TXN00000704,CARD000073,PURCHASE,Tata CLiQ,4305.21,APPROVED,2026-07-04 20:03:48.036829,
TXN00000705,ACC0000528,PAYMENT,BigBasket,11870.51,PENDING,2026-05-11 02:06:48.036829,
TXN00000706,CARD000214,PURCHASE,Swiggy,41247.53,PENDING,2026-07-21 10:58:48.036829,
TXN00000707,CARD000130,PURCHASE,BookMyShow,30720.69,APPROVED,2026-04-14 04:34:48.036829,
TXN00000708,ACC0000654,PURCHASE,Apollo Pharmacy,55224.94,APPROVED,2026-06-19 08:37:48.036829,
TXN00000709,ACC0000207,WITHDRAWAL,Tata CLiQ,33565.56,DECLINED,2026-05-20 13:46:48.036829,INSUFFICIENT_FUNDS
TXN00000710,CARD000177,PURCHASE,Flipkart,70844.44,APPROVED,2026-07-17 15:15:48.036829,
TXN00000711,ACC0000688,PURCHASE,Ola,40215.58,APPROVED,2026-05-03 17:40:48.036829,
TXN00000712,CARD000012,PURCHASE,Flipkart,12333.0,APPROVED,2026-06-12 19:25:48.036829,
TXN00000713,CARD000039,PURCHASE,Reliance Digital,25990.2,APPROVED,2026-05-31 13:59:48.036829,
TXN00000714,ACC0000123,DEPOSIT,Swiggy,44048.39,APPROVED,2026-05-04 14:19:48.036829,
TXN00000715,CARD000096,PURCHASE,Zomato,10856.55,APPROVED,2026-04-03 20:28:48.036829,
TXN00000716,ACC0000428,DEPOSIT,Croma,39244.02,DECLINED,2026-04-08 05:57:48.036829,INSUFFICIENT_FUNDS
TXN00000717,CARD000083,PURCHASE,Nykaa,42386.59,APPROVED,2026-06-03 01:21:48.036829,
TXN00000718,CARD000235,PURCHASE,Zomato,57452.25,APPROVED,2026-07-13 04:37:48.036829,
TXN00000719,CARD000188,PURCHASE,MakeMyTrip,36970.96,DECLINED,2026-04-15 08:08:48.036829,CARD_BLOCKED
TXN00000720,CARD000234,PURCHASE,Apollo Pharmacy,47513.71,APPROVED,2026-06-10 10:38:48.036829,
TXN00000721,ACC0000311,PURCHASE,Uber,58367.25,APPROVED,2026-03-30 05:39:48.036829,
TXN00000722,ACC0000574,DEPOSIT,Myntra,30947.08,DECLINED,2026-06-20 07:43:48.036829,INSUFFICIENT_FUNDS
TXN00000723,ACC0000121,DEPOSIT,Uber,49920.95,DECLINED,2026-06-05 21:14:48.036829,ACCOUNT_FROZEN
TXN00000724,ACC0000550,PAYMENT,Croma,60132.24,APPROVED,2026-06-12 19:29:48.036829,
TXN00000725,CARD000010,PURCHASE,DMart,32267.37,APPROVED,2026-06-14 15:48:48.036829,
TXN00000726,ACC0000433,DEPOSIT,Croma,66506.63,APPROVED,2026-06-15 15:18:48.036829,
TXN00000727,ACC0000252,TRANSFER,IRCTC,3542.67,APPROVED,2026-03-30 13:16:48.036829,
TXN00000728,ACC0000269,PAYMENT,Reliance Digital,34301.25,APPROVED,2026-04-11 00:22:48.036829,
TXN00000729,ACC0000654,PURCHASE,Swiggy,26895.83,PENDING,2026-05-13 20:46:48.036829,
TXN00000730,ACC0000038,DEPOSIT,Zomato,19543.72,APPROVED,2026-07-08 18:54:48.036829,
TXN00000731,ACC0000675,PURCHASE,Reliance Digital,48208.71,APPROVED,2026-04-06 12:01:48.036829,
TXN00000732,ACC0000549,PAYMENT,BigBasket,67205.7,APPROVED,2026-05-14 23:13:48.036829,
TXN00000733,ACC0000071,WITHDRAWAL,Croma,41527.16,APPROVED,2026-07-23 05:49:48.036829,
TXN00000734,ACC0000283,DEPOSIT,BigBasket,53236.48,DECLINED,2026-06-06 15:43:48.036829,SUSPECTED_FRAUD
TXN00000735,ACC0000535,DEPOSIT,Amazon India,41848.57,APPROVED,2026-04-02 10:54:48.036829,
TXN00000736,ACC0000438,PURCHASE,Apollo Pharmacy,23001.58,APPROVED,2026-04-28 04:24:48.036829,
TXN00000737,CARD000181,PURCHASE,Reliance Digital,21548.32,DECLINED,2026-05-09 00:39:48.036829,INCORRECT_CVV
TXN00000738,ACC0000695,TRANSFER,Jio Recharge,12812.03,APPROVED,2026-05-11 12:55:48.036829,
TXN00000739,ACC0000303,TRANSFER,Tata CLiQ,44465.67,DECLINED,2026-06-29 08:06:48.036829,INSUFFICIENT_FUNDS
TXN00000740,CARD000007,PURCHASE,MakeMyTrip,61075.26,APPROVED,2026-06-30 15:57:48.036829,
TXN00000741,CARD000147,PURCHASE,BigBasket,47130.99,APPROVED,2026-05-29 03:20:48.036829,
TXN00000742,ACC0000006,PURCHASE,Croma,18367.93,APPROVED,2026-04-09 17:24:48.036829,
TXN00000743,CARD000193,PURCHASE,DMart,12475.55,APPROVED,2026-04-07 08:26:48.036829,
TXN00000744,ACC0000110,WITHDRAWAL,BookMyShow,64372.19,APPROVED,2026-06-29 18:20:48.036829,
TXN00000745,CARD000297,PURCHASE,Reliance Digital,52530.96,DECLINED,2026-07-06 19:14:48.036829,MERCHANT_NOT_SUPPORTED
TXN00000746,ACC0000137,TRANSFER,MakeMyTrip,14302.77,APPROVED,2026-04-03 13:42:48.036829,
TXN00000747,ACC0000038,DEPOSIT,Amazon India,1001.04,APPROVED,2026-03-31 21:03:48.036829,
TXN00000748,CARD000173,PURCHASE,Jio Recharge,55961.62,DECLINED,2026-06-09 09:44:48.036829,CARD_BLOCKED
TXN00000749,ACC0000246,PAYMENT,BookMyShow,11580.64,APPROVED,2026-07-18 17:48:48.036829,
TXN00000750,CARD000059,PURCHASE,Amazon India,1675.91,APPROVED,2026-04-06 06:36:48.036829,
TXN00000751,CARD000042,PURCHASE,Reliance Digital,26934.16,APPROVED,2026-07-03 23:03:48.036829,
TXN00000752,CARD000165,PURCHASE,Amazon India,17619.35,APPROVED,2026-05-12 18:45:48.036829,
TXN00000753,CARD000055,PURCHASE,DMart,46046.88,APPROVED,2026-05-15 11:13:48.036829,
TXN00000754,CARD000269,PURCHASE,Zomato,43098.25,APPROVED,2026-07-18 13:08:48.036829,
TXN00000755,ACC0000561,WITHDRAWAL,Jio Recharge,54962.68,DECLINED,2026-07-04 17:43:48.036829,INSUFFICIENT_FUNDS
TXN00000756,CARD000075,PURCHASE,Uber,32162.14,APPROVED,2026-07-24 11:41:48.036829,
TXN00000757,CARD000246,PURCHASE,Nykaa,10610.08,PENDING,2026-05-29 12:24:48.036829,
TXN00000758,CARD000074,PURCHASE,Myntra,37152.05,APPROVED,2026-06-18 16:28:48.036829,
TXN00000759,CARD000236,PURCHASE,Nykaa,60588.79,APPROVED,2026-05-04 15:07:48.036829,
TXN00000760,ACC0000383,TRANSFER,Zomato,9486.37,DECLINED,2026-06-18 19:28:48.036829,DAILY_LIMIT_EXCEEDED
TXN00000761,ACC0000588,WITHDRAWAL,Flipkart,3967.88,APPROVED,2026-05-27 23:23:48.036829,
TXN00000762,ACC0000685,WITHDRAWAL,Myntra,40648.82,APPROVED,2026-05-06 09:54:48.036829,
TXN00000763,ACC0000600,PURCHASE,Zomato,39853.67,APPROVED,2026-05-27 09:49:48.036829,
TXN00000764,ACC0000422,TRANSFER,Nykaa,8304.56,APPROVED,2026-07-08 06:08:48.036829,
TXN00000765,ACC0000544,PURCHASE,Croma,34990.9,APPROVED,2026-07-02 15:38:48.036829,
TXN00000766,CARD000064,PURCHASE,BookMyShow,11074.06,APPROVED,2026-04-17 22:35:48.036829,
TXN00000767,ACC0000162,DEPOSIT,Amazon India,7634.6,APPROVED,2026-07-11 22:42:48.036829,
TXN00000768,CARD000206,PURCHASE,Jio Recharge,58420.59,APPROVED,2026-04-19 23:36:48.036829,
TXN00000769,ACC0000569,DEPOSIT,Swiggy,6274.33,APPROVED,2026-03-29 22:26:48.036829,
TXN00000770,ACC0000166,PAYMENT,Ola,63983.43,APPROVED,2026-05-16 00:56:48.036829,
TXN00000771,ACC0000400,WITHDRAWAL,Reliance Digital,29450.34,APPROVED,2026-04-30 06:23:48.036829,
TXN00000772,CARD000276,PURCHASE,Apollo Pharmacy,34196.67,APPROVED,2026-06-19 18:02:48.036829,
TXN00000773,ACC0000349,PAYMENT,Ola,50557.32,APPROVED,2026-06-08 04:34:48.036829,
TXN00000774,ACC0000383,PAYMENT,Amazon India,51556.6,APPROVED,2026-07-25 08:20:48.036829,
TXN00000775,CARD000155,PURCHASE,Apollo Pharmacy,47500.87,APPROVED,2026-06-13 06:20:48.036829,
TXN00000776,CARD000038,PURCHASE,Myntra,12954.34,APPROVED,2026-06-07 16:05:48.036829,
TXN00000777,CARD000246,PURCHASE,Nykaa,31079.41,APPROVED,2026-04-20 20:59:48.036829,
TXN00000778,CARD000230,PURCHASE,IRCTC,30084.14,APPROVED,2026-06-04 16:37:48.036829,
TXN00000779,ACC0000009,DEPOSIT,DMart,54610.81,APPROVED,2026-07-24 02:21:48.036829,
TXN00000780,ACC0000287,WITHDRAWAL,MakeMyTrip,68358.61,APPROVED,2026-07-06 02:39:48.036829,
TXN00000781,ACC0000074,DEPOSIT,Amazon India,13451.38,APPROVED,2026-07-08 00:54:48.036829,
TXN00000782,CARD000279,PURCHASE,Ola,56936.81,APPROVED,2026-05-30 09:23:48.036829,
TXN00000783,CARD000020,PURCHASE,Flipkart,12623.34,APPROVED,2026-07-12 05:38:48.036829,
TXN00000784,CARD000221,PURCHASE,MakeMyTrip,41501.54,APPROVED,2026-04-22 19:48:48.036829,
TXN00000785,ACC0000005,TRANSFER,Uber,62234.1,DECLINED,2026-04-07 03:24:48.036829,DAILY_LIMIT_EXCEEDED
TXN00000786,ACC0000238,WITHDRAWAL,Apollo Pharmacy,59359.31,APPROVED,2026-05-11 11:18:48.036829,
TXN00000787,ACC0000081,WITHDRAWAL,Apollo Pharmacy,26822.89,PENDING,2026-04-26 06:05:48.036829,
TXN00000788,CARD000018,PURCHASE,MakeMyTrip,68378.17,APPROVED,2026-07-20 21:45:48.036829,
TXN00000789,CARD000150,PURCHASE,BookMyShow,56463.87,APPROVED,2026-06-12 16:22:48.036829,
TXN00000790,CARD000038,PURCHASE,Jio Recharge,59471.66,DECLINED,2026-03-29 17:38:48.036829,MERCHANT_NOT_SUPPORTED
TXN00000791,ACC0000015,PURCHASE,Croma,42253.02,APPROVED,2026-04-12 15:19:48.036829,
TXN00000792,ACC0000649,PAYMENT,Myntra,14584.62,APPROVED,2026-07-10 01:27:48.036829,
TXN00000793,ACC0000140,PURCHASE,Flipkart,24314.69,APPROVED,2026-07-04 07:16:48.036829,
TXN00000794,ACC0000137,PAYMENT,Ola,16981.83,APPROVED,2026-07-26 01:38:48.036829,
TXN00000795,ACC0000456,PAYMENT,Jio Recharge,19055.52,APPROVED,2026-05-08 18:46:48.036829,
TXN00000796,CARD000008,PURCHASE,BigBasket,66589.37,APPROVED,2026-05-11 00:04:48.036829,
TXN00000797,ACC0000323,PAYMENT,Flipkart,46355.2,DECLINED,2026-06-12 14:03:48.036829,INSUFFICIENT_FUNDS
TXN00000798,ACC0000436,TRANSFER,Swiggy,50216.49,DECLINED,2026-07-20 20:27:48.036829,ACCOUNT_FROZEN
TXN00000799,ACC0000447,PAYMENT,Ola,11880.9,APPROVED,2026-04-27 16:59:48.036829,
TXN00000800,ACC0000492,WITHDRAWAL,DMart,8137.21,APPROVED,2026-07-21 15:50:48.036829,
TXN00000801,CARD000175,PURCHASE,Zomato,32658.68,APPROVED,2026-06-07 12:55:48.036829,
TXN00000802,CARD000208,PURCHASE,BigBasket,15459.12,APPROVED,2026-04-08 18:01:48.036829,
TXN00000803,ACC0000489,TRANSFER,BigBasket,3446.72,APPROVED,2026-04-24 08:13:48.036829,
TXN00000804,ACC0000581,DEPOSIT,Tata CLiQ,36036.28,APPROVED,2026-07-01 20:06:48.036829,
TXN00000805,CARD000069,PURCHASE,Tata CLiQ,10465.44,DECLINED,2026-07-18 10:51:48.036829,EXPIRED_CARD
TXN00000806,ACC0000408,PURCHASE,MakeMyTrip,63196.72,APPROVED,2026-04-18 09:10:48.036829,
TXN00000807,ACC0000260,PAYMENT,Uber,20433.57,APPROVED,2026-06-17 17:06:48.036829,
TXN00000808,ACC0000136,DEPOSIT,Myntra,40989.66,APPROVED,2026-05-19 06:57:48.036829,
TXN00000809,CARD000046,PURCHASE,BigBasket,25719.09,APPROVED,2026-06-08 00:59:48.036829,
TXN00000810,ACC0000311,PAYMENT,BookMyShow,74832.69,APPROVED,2026-04-04 17:29:48.036829,
TXN00000811,CARD000212,PURCHASE,Nykaa,22458.82,APPROVED,2026-06-11 23:54:48.036829,
TXN00000812,ACC0000051,PURCHASE,Jio Recharge,36021.11,APPROVED,2026-07-16 21:17:48.036829,
TXN00000813,CARD000099,PURCHASE,Tata CLiQ,22385.45,APPROVED,2026-04-17 17:50:48.036829,
TXN00000814,CARD000290,PURCHASE,IRCTC,48965.2,APPROVED,2026-06-28 00:17:48.036829,
TXN00000815,CARD000252,PURCHASE,Jio Recharge,70692.15,APPROVED,2026-07-23 11:44:48.036829,
TXN00000816,ACC0000165,PURCHASE,MakeMyTrip,25951.66,APPROVED,2026-07-02 00:13:48.036829,
TXN00000817,CARD000015,PURCHASE,Uber,37495.93,APPROVED,2026-04-18 23:46:48.036829,
TXN00000818,CARD000272,PURCHASE,Flipkart,36926.15,DECLINED,2026-06-11 18:00:48.036829,CARD_BLOCKED
TXN00000819,CARD000228,PURCHASE,IRCTC,11099.38,APPROVED,2026-06-22 10:07:48.036829,
TXN00000820,ACC0000441,PAYMENT,Zomato,20381.37,APPROVED,2026-07-06 08:32:48.036829,
TXN00000821,CARD000078,PURCHASE,Ola,56217.96,APPROVED,2026-07-21 18:14:48.036829,
TXN00000822,CARD000148,PURCHASE,MakeMyTrip,62426.74,APPROVED,2026-04-09 14:05:48.036829,
TXN00000823,ACC0000230,TRANSFER,Jio Recharge,54684.88,DECLINED,2026-04-01 05:51:48.036829,INSUFFICIENT_FUNDS
TXN00000824,CARD000126,PURCHASE,Uber,41098.06,APPROVED,2026-04-08 10:07:48.036829,
TXN00000825,CARD000264,PURCHASE,Uber,25004.95,APPROVED,2026-05-27 19:44:48.036829,
TXN00000826,ACC0000257,WITHDRAWAL,Ola,73876.67,APPROVED,2026-05-13 22:17:48.036829,
TXN00000827,CARD000259,PURCHASE,Amazon India,34217.23,APPROVED,2026-05-14 12:04:48.036829,
TXN00000828,CARD000142,PURCHASE,DMart,27049.71,APPROVED,2026-04-03 05:49:48.036829,
TXN00000829,ACC0000177,WITHDRAWAL,Jio Recharge,29358.33,APPROVED,2026-07-24 10:37:48.036829,
TXN00000830,CARD000198,PURCHASE,DMart,67658.14,APPROVED,2026-05-28 00:43:48.036829,
TXN00000831,ACC0000186,WITHDRAWAL,Flipkart,8411.85,APPROVED,2026-04-19 02:24:48.036829,
TXN00000832,CARD000262,PURCHASE,DMart,67608.84,PENDING,2026-05-08 08:41:48.036829,
TXN00000833,ACC0000251,WITHDRAWAL,MakeMyTrip,16378.42,APPROVED,2026-05-15 16:11:48.036829,
TXN00000834,ACC0000055,DEPOSIT,IRCTC,65897.07,APPROVED,2026-04-07 00:22:48.036829,
TXN00000835,ACC0000400,TRANSFER,IRCTC,35304.35,PENDING,2026-07-23 22:19:48.036829,
TXN00000836,CARD000115,PURCHASE,Tata CLiQ,49474.5,APPROVED,2026-07-25 14:39:48.036829,
TXN00000837,ACC0000613,PAYMENT,Swiggy,40887.88,APPROVED,2026-05-16 00:56:48.036829,
TXN00000838,CARD000149,PURCHASE,Uber,32104.18,APPROVED,2026-04-20 08:36:48.036829,
TXN00000839,ACC0000063,DEPOSIT,IRCTC,5200.65,APPROVED,2026-07-20 15:49:48.036829,
TXN00000840,ACC0000655,PURCHASE,Amazon India,38111.97,PENDING,2026-05-30 20:38:48.036829,
TXN00000841,ACC0000600,PURCHASE,Uber,32480.61,APPROVED,2026-05-16 11:46:48.036829,
TXN00000842,ACC0000101,WITHDRAWAL,Apollo Pharmacy,6793.36,APPROVED,2026-06-07 20:38:48.036829,
TXN00000843,ACC0000661,DEPOSIT,Jio Recharge,36040.24,DECLINED,2026-05-26 06:30:48.036829,ACCOUNT_FROZEN
TXN00000844,CARD000221,PURCHASE,Croma,1931.52,APPROVED,2026-07-02 14:20:48.036829,
TXN00000845,ACC0000578,PAYMENT,Tata CLiQ,59334.43,APPROVED,2026-05-14 11:32:48.036829,
TXN00000846,ACC0000151,PURCHASE,Amazon India,5839.82,APPROVED,2026-04-30 13:56:48.036829,
TXN00000847,CARD000282,PURCHASE,Myntra,69274.37,APPROVED,2026-07-03 21:11:48.036829,
TXN00000848,CARD000211,PURCHASE,BigBasket,67608.74,PENDING,2026-05-06 09:13:48.036829,
TXN00000849,CARD000179,PURCHASE,Amazon India,2678.45,APPROVED,2026-04-25 18:57:48.036829,
TXN00000850,ACC0000331,WITHDRAWAL,Swiggy,22310.98,APPROVED,2026-06-25 11:15:48.036829,
TXN00000851,ACC0000595,TRANSFER,Croma,26372.59,APPROVED,2026-03-30 03:54:48.036829,
TXN00000852,ACC0000615,TRANSFER,Reliance Digital,49566.52,APPROVED,2026-05-16 09:52:48.036829,
TXN00000853,CARD000213,PURCHASE,Uber,1748.28,APPROVED,2026-04-28 08:10:48.036829,
TXN00000854,CARD000258,PURCHASE,IRCTC,35840.33,APPROVED,2026-04-09 11:12:48.036829,
TXN00000855,ACC0000100,PAYMENT,Reliance Digital,12114.12,DECLINED,2026-04-10 13:08:48.036829,INVALID_PIN
TXN00000856,ACC0000548,TRANSFER,Ola,72588.52,APPROVED,2026-06-06 08:34:48.036829,
TXN00000857,ACC0000134,TRANSFER,Ola,37237.64,APPROVED,2026-05-17 06:57:48.036829,
TXN00000858,ACC0000656,TRANSFER,Uber,56502.77,APPROVED,2026-05-01 13:18:48.036829,
TXN00000859,CARD000020,PURCHASE,Jio Recharge,38580.58,DECLINED,2026-04-04 05:12:48.036829,EXPIRED_CARD
TXN00000860,CARD000181,PURCHASE,BookMyShow,66372.2,APPROVED,2026-05-20 21:50:48.036829,
TXN00000861,CARD000170,PURCHASE,Myntra,6811.11,APPROVED,2026-07-12 20:25:48.036829,
TXN00000862,CARD000062,PURCHASE,Jio Recharge,53682.33,APPROVED,2026-05-20 11:45:48.036829,
TXN00000863,CARD000006,PURCHASE,Nykaa,46824.01,APPROVED,2026-04-21 12:55:48.036829,
TXN00000864,CARD000294,PURCHASE,Nykaa,30261.78,APPROVED,2026-06-20 05:01:48.036829,
TXN00000865,ACC0000167,PURCHASE,MakeMyTrip,22252.87,DECLINED,2026-06-24 21:20:48.036829,ACCOUNT_FROZEN
TXN00000866,CARD000191,PURCHASE,Nykaa,20883.07,APPROVED,2026-07-12 03:31:48.036829,
TXN00000867,ACC0000515,PURCHASE,BigBasket,68959.4,APPROVED,2026-07-08 07:06:48.036829,
TXN00000868,CARD000115,PURCHASE,BigBasket,38444.03,APPROVED,2026-04-08 20:23:48.036829,
TXN00000869,ACC0000179,DEPOSIT,DMart,63735.84,APPROVED,2026-06-16 03:29:48.036829,
TXN00000870,ACC0000010,PURCHASE,Jio Recharge,45513.13,PENDING,2026-05-08 12:14:48.036829,
TXN00000871,ACC0000682,DEPOSIT,Amazon India,19215.65,APPROVED,2026-05-05 23:23:48.036829,
TXN00000872,ACC0000479,DEPOSIT,Tata CLiQ,74572.72,APPROVED,2026-06-24 20:34:48.036829,
TXN00000873,CARD000274,PURCHASE,Flipkart,63679.34,DECLINED,2026-05-07 09:22:48.036829,CARD_BLOCKED
TXN00000874,CARD000287,PURCHASE,Apollo Pharmacy,69176.71,APPROVED,2026-04-17 11:04:48.036829,
TXN00000875,ACC0000633,PAYMENT,MakeMyTrip,74994.94,APPROVED,2026-07-03 00:15:48.036829,
TXN00000876,ACC0000471,TRANSFER,Croma,70441.14,APPROVED,2026-03-29 01:16:48.036829,
TXN00000877,CARD000238,PURCHASE,Uber,6374.31,APPROVED,2026-04-25 15:40:48.036829,
TXN00000878,ACC0000019,WITHDRAWAL,BookMyShow,44434.72,APPROVED,2026-05-30 00:33:48.036829,
TXN00000879,CARD000116,PURCHASE,Amazon India,65229.41,DECLINED,2026-06-23 17:32:48.036829,INSUFFICIENT_CREDIT_LIMIT
TXN00000880,ACC0000008,TRANSFER,Apollo Pharmacy,72705.57,APPROVED,2026-04-16 15:18:48.036829,
TXN00000881,ACC0000474,DEPOSIT,Zomato,14530.46,APPROVED,2026-06-15 00:35:48.036829,
TXN00000882,CARD000095,PURCHASE,Jio Recharge,4536.4,PENDING,2026-07-01 23:22:48.036829,
TXN00000883,ACC0000490,PAYMENT,Nykaa,50765.07,DECLINED,2026-04-12 18:26:48.036829,INVALID_PIN
TXN00000884,CARD000070,PURCHASE,BookMyShow,38246.89,APPROVED,2026-05-17 03:22:48.036829,
TXN00000885,ACC0000428,DEPOSIT,Amazon India,21038.23,APPROVED,2026-05-17 14:22:48.036829,
TXN00000886,CARD000197,PURCHASE,Amazon India,44372.76,APPROVED,2026-06-10 04:16:48.036829,
TXN00000887,CARD000083,PURCHASE,Swiggy,23094.26,APPROVED,2026-07-18 07:15:48.036829,
TXN00000888,ACC0000544,PAYMENT,Jio Recharge,10712.41,DECLINED,2026-06-28 13:56:48.036829,DAILY_LIMIT_EXCEEDED
TXN00000889,CARD000260,PURCHASE,Zomato,56259.64,APPROVED,2026-06-27 12:20:48.036829,
TXN00000890,ACC0000440,WITHDRAWAL,Zomato,67243.38,PENDING,2026-04-26 04:43:48.036829,
TXN00000891,CARD000267,PURCHASE,Croma,74387.64,APPROVED,2026-05-11 23:04:48.036829,
TXN00000892,CARD000257,PURCHASE,Zomato,45541.52,DECLINED,2026-05-31 02:52:48.036829,INCORRECT_CVV
TXN00000893,ACC0000257,DEPOSIT,Uber,10569.41,APPROVED,2026-06-19 04:12:48.036829,
TXN00000894,CARD000110,PURCHASE,Myntra,16996.39,APPROVED,2026-05-18 09:49:48.036829,
TXN00000895,ACC0000469,PAYMENT,BigBasket,26861.52,APPROVED,2026-07-09 14:51:48.036829,
TXN00000896,CARD000132,PURCHASE,Swiggy,74870.33,APPROVED,2026-07-04 15:29:48.036829,
TXN00000897,CARD000208,PURCHASE,Ola,55436.0,APPROVED,2026-04-13 20:37:48.036829,
TXN00000898,ACC0000471,TRANSFER,Croma,34076.46,APPROVED,2026-05-21 05:09:48.036829,
TXN00000899,ACC0000408,WITHDRAWAL,DMart,51847.53,DECLINED,2026-05-07 05:56:48.036829,DAILY_LIMIT_EXCEEDED
TXN00000900,ACC0000546,TRANSFER,Myntra,51597.93,APPROVED,2026-03-28 21:19:48.036829,
TXN00000901,CARD000236,PURCHASE,Amazon India,50382.25,APPROVED,2026-04-18 23:13:48.036829,
TXN00000902,ACC0000393,PAYMENT,Myntra,33066.22,APPROVED,2026-06-03 08:02:48.036829,
TXN00000903,CARD000221,PURCHASE,Uber,37545.93,APPROVED,2026-05-31 03:35:48.036829,
TXN00000904,ACC0000548,PAYMENT,BigBasket,9858.11,APPROVED,2026-04-17 10:11:48.036829,
TXN00000905,ACC0000230,TRANSFER,Ola,69388.86,APPROVED,2026-07-18 13:54:48.036829,
TXN00000906,CARD000151,PURCHASE,Uber,12748.72,DECLINED,2026-07-09 23:17:48.036829,INSUFFICIENT_CREDIT_LIMIT
TXN00000907,ACC0000323,PAYMENT,Uber,51074.15,APPROVED,2026-04-17 21:36:48.036829,
TXN00000908,ACC0000083,PURCHASE,Jio Recharge,35364.71,APPROVED,2026-03-29 15:49:48.036829,
TXN00000909,ACC0000233,PAYMENT,Flipkart,46037.13,DECLINED,2026-04-08 00:16:48.036829,INSUFFICIENT_FUNDS
TXN00000910,ACC0000434,PAYMENT,Nykaa,23678.39,APPROVED,2026-06-20 02:22:48.036829,
TXN00000911,CARD000128,PURCHASE,Tata CLiQ,64146.86,APPROVED,2026-04-01 05:01:48.036829,
TXN00000912,CARD000117,PURCHASE,Reliance Digital,19531.81,APPROVED,2026-04-02 14:28:48.036829,
TXN00000913,ACC0000016,WITHDRAWAL,Reliance Digital,30078.42,APPROVED,2026-06-02 11:55:48.036829,
TXN00000914,ACC0000627,DEPOSIT,Croma,27378.5,APPROVED,2026-04-06 06:06:48.036829,
TXN00000915,ACC0000386,PAYMENT,Nykaa,16321.34,APPROVED,2026-04-18 17:02:48.036829,
TXN00000916,ACC0000315,WITHDRAWAL,Reliance Digital,55718.98,APPROVED,2026-06-01 12:04:48.036829,
TXN00000917,ACC0000268,WITHDRAWAL,MakeMyTrip,573.43,APPROVED,2026-06-05 08:16:48.036829,
TXN00000918,ACC0000118,PURCHASE,Amazon India,14312.05,APPROVED,2026-04-21 15:31:48.036829,
TXN00000919,CARD000037,PURCHASE,Jio Recharge,59471.83,APPROVED,2026-05-17 01:38:48.036829,
TXN00000920,ACC0000507,PAYMENT,Tata CLiQ,45957.78,APPROVED,2026-06-27 05:14:48.036829,
TXN00000921,ACC0000079,TRANSFER,Ola,47600.22,APPROVED,2026-05-09 12:24:48.036829,
TXN00000922,ACC0000374,PAYMENT,MakeMyTrip,45733.45,APPROVED,2026-07-07 04:37:48.036829,
TXN00000923,ACC0000242,PAYMENT,Uber,48231.01,APPROVED,2026-04-19 18:14:48.036829,
TXN00000924,ACC0000441,TRANSFER,MakeMyTrip,7057.28,APPROVED,2026-07-19 05:45:48.036829,
TXN00000925,ACC0000222,DEPOSIT,Apollo Pharmacy,20618.62,APPROVED,2026-07-17 14:11:48.036829,
TXN00000926,ACC0000385,PAYMENT,Swiggy,2399.72,APPROVED,2026-05-07 15:38:48.036829,
TXN00000927,ACC0000660,PURCHASE,Jio Recharge,5033.8,APPROVED,2026-05-22 08:57:48.036829,
TXN00000928,CARD000298,PURCHASE,Tata CLiQ,61357.72,APPROVED,2026-05-12 04:55:48.036829,
TXN00000929,CARD000238,PURCHASE,Zomato,63129.51,APPROVED,2026-06-08 10:45:48.036829,
TXN00000930,ACC0000029,TRANSFER,Tata CLiQ,34094.06,DECLINED,2026-05-18 00:15:48.036829,SUSPECTED_FRAUD
TXN00000931,ACC0000549,WITHDRAWAL,Ola,30423.04,APPROVED,2026-06-21 08:57:48.036829,
TXN00000932,ACC0000671,DEPOSIT,Tata CLiQ,16758.94,APPROVED,2026-04-03 23:52:48.036829,
TXN00000933,ACC0000141,DEPOSIT,BigBasket,64473.95,APPROVED,2026-07-10 21:02:48.036829,
TXN00000934,CARD000212,PURCHASE,Nykaa,23715.37,APPROVED,2026-06-30 08:51:48.036829,
TXN00000935,CARD000297,PURCHASE,DMart,17483.44,APPROVED,2026-06-14 23:38:48.036829,
TXN00000936,ACC0000016,WITHDRAWAL,Ola,23027.47,APPROVED,2026-06-27 17:54:48.036829,
TXN00000937,CARD000202,PURCHASE,Amazon India,43107.06,APPROVED,2026-04-03 15:28:48.036829,
TXN00000938,ACC0000379,DEPOSIT,Nykaa,68782.55,APPROVED,2026-06-28 03:11:48.036829,
TXN00000939,CARD000270,PURCHASE,BookMyShow,5640.21,APPROVED,2026-04-21 15:00:48.036829,
TXN00000940,CARD000240,PURCHASE,Croma,23029.31,APPROVED,2026-07-09 21:00:48.036829,
TXN00000941,ACC0000440,DEPOSIT,Jio Recharge,20116.73,APPROVED,2026-06-10 12:31:48.036829,
TXN00000942,ACC0000185,WITHDRAWAL,BigBasket,47481.23,DECLINED,2026-05-03 04:55:48.036829,SUSPECTED_FRAUD
TXN00000943,ACC0000520,PAYMENT,Jio Recharge,10148.06,APPROVED,2026-05-26 06:23:48.036829,
TXN00000944,ACC0000099,PURCHASE,Uber,47746.66,APPROVED,2026-04-02 15:53:48.036829,
TXN00000945,ACC0000607,DEPOSIT,Jio Recharge,10636.84,APPROVED,2026-05-16 02:12:48.036829,
TXN00000946,ACC0000349,WITHDRAWAL,BookMyShow,19067.11,APPROVED,2026-06-20 19:07:48.036829,
TXN00000947,ACC0000575,PURCHASE,Reliance Digital,26480.74,DECLINED,2026-06-25 14:09:48.036829,ACCOUNT_FROZEN
TXN00000948,ACC0000408,PAYMENT,Uber,53583.46,APPROVED,2026-04-24 04:35:48.036829,
TXN00000949,CARD000180,PURCHASE,MakeMyTrip,63790.95,DECLINED,2026-03-31 06:46:48.036829,EXPIRED_CARD
TXN00000950,ACC0000578,PURCHASE,Reliance Digital,21433.62,APPROVED,2026-04-20 16:30:48.036829,
TXN00000951,ACC0000137,PURCHASE,Myntra,47393.7,APPROVED,2026-04-01 21:38:48.036829,
TXN00000952,ACC0000590,WITHDRAWAL,Amazon India,41638.99,APPROVED,2026-05-06 09:44:48.036829,
TXN00000953,CARD000156,PURCHASE,Nykaa,65005.47,APPROVED,2026-07-03 08:17:48.036829,
TXN00000954,ACC0000402,WITHDRAWAL,Flipkart,28064.8,APPROVED,2026-04-17 18:46:48.036829,
TXN00000955,CARD000021,PURCHASE,MakeMyTrip,50682.33,APPROVED,2026-07-01 23:43:48.036829,
TXN00000956,CARD000285,PURCHASE,Tata CLiQ,36791.58,APPROVED,2026-05-07 04:55:48.036829,
TXN00000957,ACC0000608,DEPOSIT,Apollo Pharmacy,28645.35,DECLINED,2026-04-25 10:26:48.036829,ACCOUNT_FROZEN
TXN00000958,ACC0000492,WITHDRAWAL,Ola,42126.12,APPROVED,2026-07-08 00:46:48.036829,
TXN00000959,ACC0000553,DEPOSIT,IRCTC,41272.04,APPROVED,2026-07-15 13:29:48.036829,
TXN00000960,ACC0000159,PURCHASE,Swiggy,56710.72,APPROVED,2026-04-23 22:57:48.036829,
TXN00000961,ACC0000194,TRANSFER,MakeMyTrip,20101.45,APPROVED,2026-06-22 17:10:48.036829,
TXN00000962,CARD000179,PURCHASE,Ola,26359.79,DECLINED,2026-04-09 00:59:48.036829,CARD_BLOCKED
TXN00000963,ACC0000247,PAYMENT,Croma,57184.95,APPROVED,2026-04-19 12:04:48.036829,
TXN00000964,CARD000292,PURCHASE,Myntra,25590.54,APPROVED,2026-06-05 01:13:48.036829,
TXN00000965,CARD000156,PURCHASE,DMart,41401.77,APPROVED,2026-04-05 06:20:48.036829,
TXN00000966,ACC0000546,WITHDRAWAL,Ola,60556.59,APPROVED,2026-05-01 16:41:48.036829,
TXN00000967,CARD000033,PURCHASE,Flipkart,44837.94,DECLINED,2026-04-12 20:18:48.036829,INSUFFICIENT_CREDIT_LIMIT
TXN00000968,ACC0000376,PAYMENT,Apollo Pharmacy,57132.99,APPROVED,2026-07-08 17:54:48.036829,
TXN00000969,ACC0000215,PURCHASE,Amazon India,4955.02,APPROVED,2026-04-09 16:19:48.036829,
TXN00000970,CARD000195,PURCHASE,Ola,36491.79,DECLINED,2026-03-28 13:21:48.036829,INSUFFICIENT_CREDIT_LIMIT
TXN00000971,CARD000233,PURCHASE,Ola,26548.23,DECLINED,2026-04-05 09:10:48.036829,MERCHANT_NOT_SUPPORTED
TXN00000972,CARD000075,PURCHASE,Nykaa,172.72,PENDING,2026-05-23 06:37:48.036829,
TXN00000973,CARD000105,PURCHASE,Nykaa,58076.36,APPROVED,2026-04-02 00:37:48.036829,
TXN00000974,CARD000229,PURCHASE,Swiggy,22824.35,APPROVED,2026-06-20 19:31:48.036829,
TXN00000975,CARD000116,PURCHASE,Swiggy,38235.06,APPROVED,2026-07-15 14:04:48.036829,
TXN00000976,CARD000125,PURCHASE,BigBasket,55284.65,APPROVED,2026-04-19 06:38:48.036829,
TXN00000977,CARD000186,PURCHASE,IRCTC,40335.78,APPROVED,2026-04-23 13:09:48.036829,
TXN00000978,ACC0000489,DEPOSIT,BookMyShow,57640.32,APPROVED,2026-04-27 23:52:48.036829,
TXN00000979,ACC0000159,PURCHASE,Croma,25573.85,APPROVED,2026-04-22 12:20:48.036829,
TXN00000980,CARD000020,PURCHASE,Zomato,53496.16,APPROVED,2026-04-09 16:25:48.036829,
TXN00000981,CARD000102,PURCHASE,BigBasket,46859.11,APPROVED,2026-05-31 21:41:48.036829,
TXN00000982,CARD000287,PURCHASE,Apollo Pharmacy,16145.33,DECLINED,2026-05-08 08:31:48.036829,INSUFFICIENT_CREDIT_LIMIT
TXN00000983,ACC0000401,TRANSFER,Zomato,69941.44,APPROVED,2026-06-11 02:30:48.036829,
TXN00000984,ACC0000378,TRANSFER,IRCTC,51091.71,APPROVED,2026-05-14 19:35:48.036829,
TXN00000985,CARD000123,PURCHASE,BigBasket,50294.82,DECLINED,2026-07-26 00:38:48.036829,CARD_BLOCKED
TXN00000986,ACC0000148,DEPOSIT,BookMyShow,54205.29,DECLINED,2026-06-23 02:28:48.036829,INSUFFICIENT_FUNDS
TXN00000987,ACC0000229,TRANSFER,Uber,13854.5,PENDING,2026-07-19 05:47:48.036829,
TXN00000988,ACC0000237,PURCHASE,Croma,50343.67,APPROVED,2026-04-15 20:26:48.036829,
TXN00000989,ACC0000184,PAYMENT,Jio Recharge,8909.76,APPROVED,2026-05-07 13:52:48.036829,
TXN00000990,ACC0000054,WITHDRAWAL,MakeMyTrip,37836.52,APPROVED,2026-06-28 11:02:48.036829,
TXN00000991,CARD000300,PURCHASE,IRCTC,32538.63,APPROVED,2026-06-28 14:14:48.036829,
TXN00000992,CARD000239,PURCHASE,Zomato,14394.71,APPROVED,2026-04-08 07:11:48.036829,
TXN00000993,ACC0000653,TRANSFER,Myntra,36236.24,APPROVED,2026-07-10 17:31:48.036829,
TXN00000994,ACC0000603,TRANSFER,Croma,36752.12,APPROVED,2026-04-29 00:13:48.036829,
TXN00000995,CARD000297,PURCHASE,IRCTC,72141.51,APPROVED,2026-06-09 14:04:48.036829,
TXN00000996,CARD000002,PURCHASE,Croma,19291.18,APPROVED,2026-06-12 03:40:48.036829,
TXN00000997,ACC0000541,TRANSFER,Reliance Digital,16280.62,APPROVED,2026-06-27 19:32:48.036829,
TXN00000998,CARD000228,PURCHASE,Nykaa,16639.63,DECLINED,2026-05-08 11:03:48.036829,MERCHANT_NOT_SUPPORTED
TXN00000999,ACC0000606,TRANSFER,Tata CLiQ,34546.19,APPROVED,2026-06-29 07:02:48.036829,
TXN00001000,CARD000253,PURCHASE,DMart,24989.77,APPROVED,2026-07-17 05:42:48.036829,
TXN00001001,CARD000232,PURCHASE,Uber,20442.97,APPROVED,2026-05-26 10:07:48.036829,
TXN00001002,CARD000249,PURCHASE,MakeMyTrip,17652.17,APPROVED,2026-06-24 09:57:48.036829,
TXN00001003,CARD000295,PURCHASE,Ola,74527.76,APPROVED,2026-06-10 17:46:48.036829,
TXN00001004,CARD000298,PURCHASE,Reliance Digital,37748.42,APPROVED,2026-06-06 14:44:48.036829,
TXN00001005,ACC0000539,PAYMENT,DMart,4331.71,APPROVED,2026-06-18 09:11:48.036829,
TXN00001006,ACC0000406,PURCHASE,MakeMyTrip,43408.45,APPROVED,2026-04-25 17:16:48.036829,
TXN00001007,ACC0000483,TRANSFER,Ola,16625.5,APPROVED,2026-05-16 01:01:48.036829,
TXN00001008,ACC0000136,PAYMENT,Tata CLiQ,41361.21,APPROVED,2026-06-27 01:49:48.036829,
TXN00001009,CARD000215,PURCHASE,Croma,21441.68,APPROVED,2026-04-04 11:15:48.036829,
TXN00001010,CARD000074,PURCHASE,Tata CLiQ,71309.35,APPROVED,2026-07-12 17:13:48.036829,
TXN00001011,ACC0000017,PURCHASE,BigBasket,66764.92,APPROVED,2026-04-12 16:12:48.036829,
TXN00001012,CARD000055,PURCHASE,DMart,33483.04,DECLINED,2026-04-17 18:45:48.036829,INSUFFICIENT_CREDIT_LIMIT
TXN00001013,ACC0000668,WITHDRAWAL,Tata CLiQ,2445.42,APPROVED,2026-06-26 18:57:48.036829,
TXN00001014,CARD000103,PURCHASE,BigBasket,41091.97,APPROVED,2026-05-07 18:49:48.036829,
TXN00001015,CARD000084,PURCHASE,Myntra,49102.02,APPROVED,2026-07-13 00:35:48.036829,
TXN00001016,ACC0000043,TRANSFER,Amazon India,2659.98,APPROVED,2026-04-04 02:30:48.036829,
TXN00001017,CARD000260,PURCHASE,BookMyShow,48234.16,APPROVED,2026-07-22 19:08:48.036829,
TXN00001018,CARD000233,PURCHASE,Swiggy,54488.58,DECLINED,2026-06-02 01:39:48.036829,INSUFFICIENT_CREDIT_LIMIT
TXN00001019,ACC0000351,PAYMENT,Uber,11640.71,APPROVED,2026-05-31 23:24:48.036829,
TXN00001020,CARD000210,PURCHASE,Croma,70770.76,APPROVED,2026-07-26 02:05:48.036829,
TXN00001021,CARD000286,PURCHASE,Croma,4244.32,DECLINED,2026-07-20 10:20:48.036829,CARD_BLOCKED
TXN00001022,ACC0000405,PURCHASE,Flipkart,26561.18,APPROVED,2026-06-07 10:52:48.036829,
TXN00001023,CARD000078,PURCHASE,Reliance Digital,11405.13,APPROVED,2026-05-01 14:50:48.036829,
TXN00001024,ACC0000632,TRANSFER,MakeMyTrip,26702.02,APPROVED,2026-07-10 19:39:48.036829,
TXN00001025,CARD000138,PURCHASE,Reliance Digital,20082.47,APPROVED,2026-06-26 21:52:48.036829,
TXN00001026,CARD000249,PURCHASE,Croma,19159.11,APPROVED,2026-04-28 05:30:48.036829,
TXN00001027,ACC0000419,WITHDRAWAL,Apollo Pharmacy,12143.92,APPROVED,2026-04-13 07:55:48.036829,
TXN00001028,ACC0000691,DEPOSIT,BigBasket,34279.06,APPROVED,2026-04-24 20:15:48.036829,
TXN00001029,CARD000231,PURCHASE,BigBasket,59886.74,APPROVED,2026-07-17 08:56:48.036829,
TXN00001030,ACC0000537,TRANSFER,Reliance Digital,25437.93,APPROVED,2026-07-23 05:02:48.036829,
TXN00001031,CARD000001,PURCHASE,Ola,23233.37,APPROVED,2026-06-25 14:27:48.036829,
TXN00001032,ACC0000148,PAYMENT,Swiggy,28776.05,APPROVED,2026-07-06 07:09:48.036829,
TXN00001033,CARD000029,PURCHASE,BookMyShow,43287.84,APPROVED,2026-06-20 23:57:48.036829,
TXN00001034,ACC0000580,PURCHASE,BookMyShow,74873.27,APPROVED,2026-03-29 02:57:48.036829,
TXN00001035,CARD000207,PURCHASE,Flipkart,12666.59,APPROVED,2026-07-15 04:21:48.036829,
TXN00001036,ACC0000444,PURCHASE,BookMyShow,40633.61,APPROVED,2026-06-21 20:27:48.036829,
TXN00001037,ACC0000307,TRANSFER,Uber,41385.81,APPROVED,2026-06-30 20:07:48.036829,
TXN00001038,CARD000095,PURCHASE,Ola,41846.48,PENDING,2026-04-08 15:13:48.036829,
TXN00001039,ACC0000628,PURCHASE,Zomato,29646.98,APPROVED,2026-06-12 02:42:48.036829,
TXN00001040,CARD000172,PURCHASE,Swiggy,73646.77,APPROVED,2026-04-30 23:59:48.036829,
TXN00001041,ACC0000562,PURCHASE,Ola,1493.57,APPROVED,2026-07-06 04:20:48.036829,
TXN00001042,CARD000182,PURCHASE,DMart,22484.19,APPROVED,2026-07-09 07:10:48.036829,
TXN00001043,CARD000172,PURCHASE,Nykaa,46488.99,APPROVED,2026-07-09 22:43:48.036829,
TXN00001044,ACC0000075,PAYMENT,Swiggy,38678.17,DECLINED,2026-05-01 13:39:48.036829,INVALID_PIN
TXN00001045,ACC0000337,PAYMENT,Reliance Digital,26327.23,APPROVED,2026-06-18 13:42:48.036829,
TXN00001046,ACC0000262,DEPOSIT,Swiggy,56775.44,APPROVED,2026-06-23 19:55:48.036829,
TXN00001047,CARD000137,PURCHASE,Croma,38958.55,APPROVED,2026-04-18 05:10:48.036829,
TXN00001048,ACC0000023,WITHDRAWAL,Swiggy,74282.25,APPROVED,2026-04-29 22:27:48.036829,
TXN00001049,ACC0000602,DEPOSIT,Tata CLiQ,25013.78,APPROVED,2026-05-07 02:23:48.036829,
TXN00001050,ACC0000217,DEPOSIT,MakeMyTrip,29394.47,APPROVED,2026-07-17 04:53:48.036829,
TXN00001051,CARD000296,PURCHASE,Uber,36091.96,DECLINED,2026-04-12 08:29:48.036829,CARD_BLOCKED
TXN00001052,ACC0000080,DEPOSIT,Tata CLiQ,49132.8,APPROVED,2026-05-17 14:39:48.036829,
TXN00001053,CARD000036,PURCHASE,Amazon India,41776.09,APPROVED,2026-06-18 21:47:48.036829,
TXN00001054,ACC0000650,TRANSFER,Zomato,10677.92,APPROVED,2026-06-19 07:38:48.036829,
TXN00001055,CARD000193,PURCHASE,Apollo Pharmacy,71654.22,DECLINED,2026-06-24 09:58:48.036829,INSUFFICIENT_CREDIT_LIMIT
TXN00001056,ACC0000662,PURCHASE,BookMyShow,69937.18,DECLINED,2026-04-07 21:43:48.036829,SUSPECTED_FRAUD
TXN00001057,CARD000284,PURCHASE,MakeMyTrip,30621.71,APPROVED,2026-06-02 22:31:48.036829,
TXN00001058,CARD000025,PURCHASE,Apollo Pharmacy,35773.91,APPROVED,2026-06-06 23:21:48.036829,
TXN00001059,CARD000006,PURCHASE,Zomato,45226.3,APPROVED,2026-04-05 07:22:48.036829,
TXN00001060,ACC0000430,DEPOSIT,Flipkart,16267.02,APPROVED,2026-04-29 05:15:48.036829,
TXN00001061,CARD000264,PURCHASE,MakeMyTrip,52107.69,APPROVED,2026-04-02 11:21:48.036829,
TXN00001062,ACC0000013,DEPOSIT,Croma,63897.65,APPROVED,2026-05-10 23:19:48.036829,
TXN00001063,ACC0000655,PURCHASE,Swiggy,8393.44,APPROVED,2026-05-11 09:51:48.036829,
TXN00001064,CARD000285,PURCHASE,Nykaa,7816.62,APPROVED,2026-07-08 15:46:48.036829,
TXN00001065,CARD000199,PURCHASE,MakeMyTrip,12827.83,APPROVED,2026-05-08 01:26:48.036829,
TXN00001066,ACC0000061,TRANSFER,Swiggy,8007.17,APPROVED,2026-07-05 06:18:48.036829,
TXN00001067,ACC0000392,TRANSFER,MakeMyTrip,24332.0,APPROVED,2026-04-19 01:57:48.036829,
TXN00001068,ACC0000306,TRANSFER,Swiggy,19516.56,APPROVED,2026-04-19 23:48:48.036829,
TXN00001069,CARD000231,PURCHASE,Jio Recharge,61432.09,APPROVED,2026-04-11 07:14:48.036829,
TXN00001070,CARD000066,PURCHASE,Ola,36589.76,APPROVED,2026-06-12 13:05:48.036829,
TXN00001071,CARD000235,PURCHASE,Swiggy,1221.7,DECLINED,2026-06-12 04:19:48.036829,INCORRECT_CVV
TXN00001072,ACC0000205,PURCHASE,IRCTC,42898.65,DECLINED,2026-06-17 06:33:48.036829,ACCOUNT_FROZEN
TXN00001073,ACC0000119,PURCHASE,Swiggy,29769.98,APPROVED,2026-07-08 03:33:48.036829,
TXN00001074,CARD000291,PURCHASE,Uber,11585.46,APPROVED,2026-04-15 04:21:48.036829,
TXN00001075,ACC0000380,PURCHASE,Myntra,49376.78,APPROVED,2026-07-25 00:04:48.036829,
TXN00001076,ACC0000580,PAYMENT,Amazon India,54649.4,DECLINED,2026-04-09 11:27:48.036829,INSUFFICIENT_FUNDS
TXN00001077,CARD000183,PURCHASE,BigBasket,51266.22,APPROVED,2026-06-20 15:52:48.036829,
TXN00001078,ACC0000159,WITHDRAWAL,Zomato,69556.89,APPROVED,2026-05-06 13:09:48.036829,
TXN00001079,CARD000124,PURCHASE,Ola,50834.44,DECLINED,2026-06-15 15:51:48.036829,MERCHANT_NOT_SUPPORTED
TXN00001080,ACC0000303,TRANSFER,Myntra,50176.32,APPROVED,2026-05-09 19:08:48.036829,
TXN00001081,ACC0000590,PURCHASE,Amazon India,50617.57,APPROVED,2026-04-24 00:37:48.036829,
TXN00001082,CARD000160,PURCHASE,Amazon India,1756.68,APPROVED,2026-04-22 11:14:48.036829,
TXN00001083,ACC0000395,TRANSFER,Nykaa,36617.74,DECLINED,2026-05-07 07:12:48.036829,DAILY_LIMIT_EXCEEDED
TXN00001084,CARD000169,PURCHASE,DMart,35113.91,APPROVED,2026-06-16 02:03:48.036829,
TXN00001085,ACC0000378,WITHDRAWAL,Reliance Digital,11110.45,DECLINED,2026-06-12 02:04:48.036829,SUSPECTED_FRAUD
TXN00001086,CARD000054,PURCHASE,Reliance Digital,48392.25,APPROVED,2026-07-21 13:31:48.036829,
TXN00001087,ACC0000359,TRANSFER,MakeMyTrip,21737.28,APPROVED,2026-06-16 07:04:48.036829,
TXN00001088,ACC0000172,TRANSFER,Ola,18361.25,APPROVED,2026-05-08 07:58:48.036829,
TXN00001089,CARD000228,PURCHASE,Jio Recharge,3699.9,APPROVED,2026-05-10 03:42:48.036829,
TXN00001090,CARD000160,PURCHASE,Flipkart,44665.49,APPROVED,2026-07-03 19:57:48.036829,
TXN00001091,CARD000201,PURCHASE,Myntra,65470.69,APPROVED,2026-07-13 04:27:48.036829,
TXN00001092,ACC0000015,WITHDRAWAL,MakeMyTrip,19114.65,APPROVED,2026-07-12 02:30:48.036829,
TXN00001093,CARD000064,PURCHASE,Jio Recharge,72531.92,APPROVED,2026-04-13 05:24:48.036829,
TXN00001094,ACC0000553,TRANSFER,BookMyShow,31220.8,APPROVED,2026-07-07 23:28:48.036829,
TXN00001095,CARD000216,PURCHASE,BigBasket,7713.98,APPROVED,2026-07-14 14:39:48.036829,
TXN00001096,CARD000235,PURCHASE,MakeMyTrip,42246.88,APPROVED,2026-05-01 13:41:48.036829,
TXN00001097,ACC0000061,WITHDRAWAL,Croma,12656.02,APPROVED,2026-07-24 18:12:48.036829,
TXN00001098,ACC0000549,DEPOSIT,BigBasket,45584.65,APPROVED,2026-05-16 15:10:48.036829,
TXN00001099,ACC0000083,WITHDRAWAL,Swiggy,71562.08,APPROVED,2026-07-09 22:45:48.036829,
TXN00001100,ACC0000515,PURCHASE,Swiggy,71719.43,APPROVED,2026-07-20 15:11:48.036829,
TXN00001101,ACC0000183,TRANSFER,Uber,2838.42,APPROVED,2026-06-09 18:02:48.036829,
TXN00001102,CARD000153,PURCHASE,Swiggy,14765.71,DECLINED,2026-06-23 18:13:48.036829,MERCHANT_NOT_SUPPORTED
TXN00001103,CARD000252,PURCHASE,DMart,14407.66,APPROVED,2026-07-13 01:20:48.036829,
TXN00001104,CARD000212,PURCHASE,Nykaa,19427.89,APPROVED,2026-04-17 04:36:48.036829,
TXN00001105,ACC0000511,PAYMENT,Ola,53472.49,APPROVED,2026-05-07 23:37:48.036829,
TXN00001106,CARD000286,PURCHASE,Reliance Digital,11451.39,APPROVED,2026-06-04 13:58:48.036829,
TXN00001107,CARD000231,PURCHASE,Flipkart,59887.14,APPROVED,2026-05-10 18:47:48.036829,
TXN00001108,ACC0000493,TRANSFER,Nykaa,59135.98,APPROVED,2026-04-29 08:40:48.036829,
TXN00001109,ACC0000340,PAYMENT,BookMyShow,47246.21,APPROVED,2026-07-02 08:13:48.036829,
TXN00001110,ACC0000157,WITHDRAWAL,Zomato,42409.18,APPROVED,2026-06-23 01:59:48.036829,
TXN00001111,CARD000300,PURCHASE,Zomato,3038.44,DECLINED,2026-05-14 15:32:48.036829,INCORRECT_CVV
TXN00001112,ACC0000095,TRANSFER,Flipkart,3727.02,APPROVED,2026-07-14 20:02:48.036829,
TXN00001113,ACC0000601,DEPOSIT,Tata CLiQ,64913.59,APPROVED,2026-07-13 01:37:48.036829,
TXN00001114,ACC0000569,DEPOSIT,Myntra,47542.87,APPROVED,2026-07-23 18:02:48.036829,
TXN00001115,ACC0000553,DEPOSIT,Nykaa,7312.79,DECLINED,2026-04-30 03:04:48.036829,SUSPECTED_FRAUD
TXN00001116,ACC0000151,WITHDRAWAL,Croma,15415.43,APPROVED,2026-04-20 12:07:48.036829,
TXN00001117,CARD000082,PURCHASE,Croma,30374.05,APPROVED,2026-06-26 16:54:48.036829,
TXN00001118,CARD000015,PURCHASE,Croma,21006.86,APPROVED,2026-06-17 05:45:48.036829,
TXN00001119,ACC0000252,PURCHASE,Apollo Pharmacy,15690.31,APPROVED,2026-06-24 18:02:48.036829,
TXN00001120,ACC0000030,PAYMENT,Croma,15664.79,APPROVED,2026-06-02 14:56:48.036829,
TXN00001121,ACC0000186,WITHDRAWAL,Nykaa,72419.62,APPROVED,2026-05-20 15:31:48.036829,
TXN00001122,CARD000009,PURCHASE,Tata CLiQ,54475.18,APPROVED,2026-06-21 06:59:48.036829,
TXN00001123,ACC0000358,TRANSFER,Uber,56223.05,APPROVED,2026-06-04 22:10:48.036829,
TXN00001124,CARD000027,PURCHASE,Nykaa,9981.0,APPROVED,2026-05-10 17:07:48.036829,
TXN00001125,ACC0000628,TRANSFER,Reliance Digital,49470.35,APPROVED,2026-05-21 09:52:48.036829,
TXN00001126,ACC0000173,PURCHASE,Croma,37907.85,DECLINED,2026-05-09 04:07:48.036829,DAILY_LIMIT_EXCEEDED
TXN00001127,ACC0000081,PURCHASE,Tata CLiQ,52492.58,APPROVED,2026-05-24 04:07:48.036829,
TXN00001128,ACC0000679,TRANSFER,Tata CLiQ,70192.71,APPROVED,2026-05-25 02:36:48.036829,
TXN00001129,CARD000109,PURCHASE,Apollo Pharmacy,61260.49,APPROVED,2026-04-12 18:07:48.036829,
TXN00001130,CARD000126,PURCHASE,Myntra,69660.45,APPROVED,2026-04-13 15:16:48.036829,
TXN00001131,CARD000292,PURCHASE,Nykaa,21338.16,APPROVED,2026-05-25 06:30:48.036829,
TXN00001132,CARD000295,PURCHASE,Apollo Pharmacy,29940.5,APPROVED,2026-07-22 23:18:48.036829,
TXN00001133,ACC0000590,PURCHASE,DMart,31985.22,APPROVED,2026-06-26 01:32:48.036829,
TXN00001134,ACC0000491,DEPOSIT,MakeMyTrip,61921.26,APPROVED,2026-04-04 15:00:48.036829,
TXN00001135,ACC0000156,WITHDRAWAL,Nykaa,71218.21,APPROVED,2026-04-13 02:47:48.036829,
TXN00001136,CARD000236,PURCHASE,Jio Recharge,42528.05,APPROVED,2026-03-27 21:08:48.036829,
TXN00001137,CARD000215,PURCHASE,DMart,5837.22,PENDING,2026-03-31 23:51:48.036829,
TXN00001138,CARD000155,PURCHASE,MakeMyTrip,35338.66,DECLINED,2026-07-12 06:00:48.036829,INSUFFICIENT_CREDIT_LIMIT
TXN00001139,ACC0000065,PAYMENT,Zomato,20734.62,APPROVED,2026-04-01 07:58:48.036829,
TXN00001140,ACC0000117,WITHDRAWAL,Zomato,59190.71,APPROVED,2026-04-30 17:46:48.036829,
TXN00001141,CARD000065,PURCHASE,Nykaa,55015.22,APPROVED,2026-05-12 01:03:48.036829,
TXN00001142,CARD000219,PURCHASE,Myntra,10720.03,APPROVED,2026-05-13 10:21:48.036829,
TXN00001143,ACC0000173,TRANSFER,Myntra,25766.01,APPROVED,2026-05-22 14:55:48.036829,
TXN00001144,ACC0000209,TRANSFER,Myntra,30685.14,APPROVED,2026-06-16 10:29:48.036829,
TXN00001145,ACC0000416,WITHDRAWAL,Reliance Digital,12515.32,APPROVED,2026-06-19 10:34:48.036829,
TXN00001146,ACC0000360,DEPOSIT,Flipkart,73562.8,APPROVED,2026-04-02 11:44:48.036829,
TXN00001147,ACC0000540,PAYMENT,Tata CLiQ,39054.85,APPROVED,2026-03-28 22:54:48.036829,
TXN00001148,ACC0000059,TRANSFER,Amazon India,8254.08,APPROVED,2026-06-23 15:40:48.036829,
TXN00001149,ACC0000078,PAYMENT,BigBasket,24823.38,APPROVED,2026-04-19 11:42:48.036829,
TXN00001150,ACC0000185,WITHDRAWAL,Flipkart,70994.17,APPROVED,2026-04-06 07:23:48.036829,
TXN00001151,ACC0000351,WITHDRAWAL,Flipkart,1638.96,DECLINED,2026-06-17 14:42:48.036829,INSUFFICIENT_FUNDS
TXN00001152,ACC0000665,DEPOSIT,MakeMyTrip,61487.9,APPROVED,2026-05-21 02:50:48.036829,
TXN00001153,CARD000056,PURCHASE,Tata CLiQ,37289.61,APPROVED,2026-04-04 17:25:48.036829,
TXN00001154,CARD000211,PURCHASE,Croma,39422.74,APPROVED,2026-05-02 21:29:48.036829,
TXN00001155,CARD000131,PURCHASE,Ola,27393.26,APPROVED,2026-06-02 00:55:48.036829,
TXN00001156,ACC0000291,TRANSFER,Flipkart,23857.39,APPROVED,2026-06-25 13:16:48.036829,
TXN00001157,ACC0000357,TRANSFER,Amazon India,18671.46,APPROVED,2026-04-22 20:29:48.036829,
TXN00001158,CARD000142,PURCHASE,Uber,50234.69,DECLINED,2026-07-10 09:47:48.036829,INSUFFICIENT_CREDIT_LIMIT
TXN00001159,CARD000079,PURCHASE,Jio Recharge,13817.12,PENDING,2026-07-19 16:39:48.036829,
TXN00001160,CARD000053,PURCHASE,MakeMyTrip,64337.0,APPROVED,2026-05-12 10:14:48.036829,
TXN00001161,CARD000059,PURCHASE,Jio Recharge,73355.27,APPROVED,2026-05-16 11:15:48.036829,
TXN00001162,ACC0000197,WITHDRAWAL,Nykaa,9969.64,APPROVED,2026-06-15 10:51:48.036829,
TXN00001163,CARD000197,PURCHASE,Croma,22206.45,APPROVED,2026-06-07 08:39:48.036829,
TXN00001164,CARD000243,PURCHASE,Zomato,2609.33,APPROVED,2026-07-06 17:15:48.036829,
TXN00001165,ACC0000440,DEPOSIT,DMart,61592.62,APPROVED,2026-05-17 05:41:48.036829,
TXN00001166,ACC0000290,DEPOSIT,Apollo Pharmacy,54597.65,DECLINED,2026-05-15 11:43:48.036829,ACCOUNT_FROZEN
TXN00001167,ACC0000259,PURCHASE,Myntra,59391.46,APPROVED,2026-05-22 06:54:48.036829,
TXN00001168,CARD000190,PURCHASE,IRCTC,74067.6,APPROVED,2026-07-21 11:39:48.036829,
TXN00001169,ACC0000123,TRANSFER,Flipkart,63895.38,APPROVED,2026-06-26 17:12:48.036829,
TXN00001170,ACC0000330,DEPOSIT,Amazon India,8734.62,APPROVED,2026-07-13 10:09:48.036829,
TXN00001171,ACC0000138,TRANSFER,DMart,21621.94,APPROVED,2026-04-12 07:35:48.036829,
TXN00001172,ACC0000026,DEPOSIT,Apollo Pharmacy,42256.06,APPROVED,2026-07-08 23:46:48.036829,
TXN00001173,ACC0000440,DEPOSIT,Myntra,72425.36,APPROVED,2026-05-08 17:22:48.036829,
TXN00001174,ACC0000301,WITHDRAWAL,Flipkart,69254.18,APPROVED,2026-05-02 23:25:48.036829,
TXN00001175,CARD000163,PURCHASE,Zomato,5233.64,APPROVED,2026-04-06 01:03:48.036829,
TXN00001176,CARD000181,PURCHASE,Jio Recharge,19177.66,APPROVED,2026-07-10 00:29:48.036829,
TXN00001177,ACC0000504,DEPOSIT,Uber,60541.38,APPROVED,2026-07-02 20:19:48.036829,
TXN00001178,ACC0000099,TRANSFER,BigBasket,32330.34,APPROVED,2026-07-07 05:41:48.036829,
TXN00001179,CARD000170,PURCHASE,Amazon India,19110.07,APPROVED,2026-04-12 22:59:48.036829,
TXN00001180,ACC0000255,WITHDRAWAL,Myntra,53289.99,APPROVED,2026-03-31 20:34:48.036829,
TXN00001181,ACC0000326,TRANSFER,Uber,6662.3,APPROVED,2026-06-10 20:05:48.036829,
TXN00001182,CARD000259,PURCHASE,DMart,5755.78,APPROVED,2026-07-01 02:35:48.036829,
TXN00001183,ACC0000399,PAYMENT,IRCTC,65889.94,APPROVED,2026-06-30 18:39:48.036829,
TXN00001184,CARD000225,PURCHASE,DMart,1908.31,APPROVED,2026-07-26 04:52:48.036829,
TXN00001185,CARD000120,PURCHASE,BigBasket,60954.15,APPROVED,2026-07-18 14:17:48.036829,
TXN00001186,ACC0000585,PURCHASE,BigBasket,57810.74,APPROVED,2026-05-02 13:58:48.036829,
TXN00001187,ACC0000310,TRANSFER,Nykaa,63862.14,APPROVED,2026-04-06 17:33:48.036829,
TXN00001188,ACC0000442,PURCHASE,Uber,50362.08,APPROVED,2026-05-28 08:12:48.036829,
TXN00001189,CARD000013,PURCHASE,Reliance Digital,13020.53,APPROVED,2026-04-16 08:15:48.036829,
TXN00001190,ACC0000570,PURCHASE,Myntra,34257.53,APPROVED,2026-06-14 08:23:48.036829,
TXN00001191,ACC0000698,PURCHASE,Amazon India,49154.01,APPROVED,2026-06-30 23:15:48.036829,
TXN00001192,ACC0000062,PAYMENT,Myntra,48853.9,APPROVED,2026-04-26 22:57:48.036829,
TXN00001193,ACC0000594,WITHDRAWAL,Myntra,10795.02,APPROVED,2026-06-05 11:00:48.036829,
TXN00001194,ACC0000488,TRANSFER,Zomato,42757.77,APPROVED,2026-05-03 12:19:48.036829,
TXN00001195,ACC0000189,DEPOSIT,Zomato,40561.91,APPROVED,2026-07-19 03:52:48.036829,
TXN00001196,ACC0000284,WITHDRAWAL,Flipkart,65044.23,APPROVED,2026-06-28 09:19:48.036829,
TXN00001197,ACC0000295,TRANSFER,Reliance Digital,9230.72,APPROVED,2026-04-14 18:08:48.036829,
TXN00001198,ACC0000079,PURCHASE,Ola,50012.17,PENDING,2026-03-28 08:40:48.036829,
TXN00001199,ACC0000323,PAYMENT,DMart,27283.04,DECLINED,2026-07-10 01:24:48.036829,ACCOUNT_FROZEN
TXN00001200,ACC0000658,TRANSFER,Reliance Digital,47841.97,APPROVED,2026-05-29 21:23:48.036829,
TXN00001201,ACC0000203,WITHDRAWAL,Ola,35265.06,APPROVED,2026-04-01 16:06:48.036829,
TXN00001202,ACC0000565,WITHDRAWAL,Jio Recharge,74783.19,APPROVED,2026-07-14 02:33:48.036829,
TXN00001203,ACC0000385,PURCHASE,DMart,32641.77,APPROVED,2026-06-03 18:05:48.036829,
TXN00001204,ACC0000646,PAYMENT,Amazon India,487.42,APPROVED,2026-06-08 08:56:48.036829,
TXN00001205,ACC0000400,PAYMENT,Flipkart,40976.19,APPROVED,2026-07-13 22:23:48.036829,
TXN00001206,CARD000177,PURCHASE,Reliance Digital,30982.42,APPROVED,2026-04-29 06:28:48.036829,
TXN00001207,ACC0000171,PAYMENT,Nykaa,38185.59,APPROVED,2026-05-21 09:25:48.036829,
TXN00001208,ACC0000214,WITHDRAWAL,DMart,73692.63,APPROVED,2026-05-11 11:37:48.036829,
TXN00001209,CARD000276,PURCHASE,Tata CLiQ,4460.5,PENDING,2026-05-13 14:34:48.036829,
TXN00001210,ACC0000525,TRANSFER,Tata CLiQ,44466.32,APPROVED,2026-05-31 10:46:48.036829,
TXN00001211,ACC0000514,PURCHASE,BookMyShow,20846.61,APPROVED,2026-07-16 17:22:48.036829,
TXN00001212,CARD000048,PURCHASE,Amazon India,66501.1,APPROVED,2026-03-27 10:12:48.036829,
TXN00001213,CARD000166,PURCHASE,MakeMyTrip,17235.81,DECLINED,2026-05-24 11:36:48.036829,INSUFFICIENT_CREDIT_LIMIT
TXN00001214,CARD000119,PURCHASE,IRCTC,52920.78,APPROVED,2026-05-09 05:39:48.036829,
TXN00001215,ACC0000212,DEPOSIT,BookMyShow,60984.79,APPROVED,2026-06-26 21:19:48.036829,
TXN00001216,ACC0000153,TRANSFER,Reliance Digital,14981.21,APPROVED,2026-06-20 20:20:48.036829,
TXN00001217,CARD000068,PURCHASE,Uber,36099.9,APPROVED,2026-04-03 22:16:48.036829,
TXN00001218,CARD000088,PURCHASE,Reliance Digital,3413.56,APPROVED,2026-06-01 14:25:48.036829,
TXN00001219,CARD000184,PURCHASE,Zomato,67231.4,DECLINED,2026-05-08 12:32:48.036829,SUSPECTED_FRAUD
TXN00001220,ACC0000686,PAYMENT,DMart,29959.3,APPROVED,2026-07-14 23:03:48.036829,
TXN00001221,CARD000073,PURCHASE,BookMyShow,26475.24,APPROVED,2026-05-24 16:09:48.036829,
TXN00001222,ACC0000447,PAYMENT,Apollo Pharmacy,26134.01,APPROVED,2026-05-18 01:19:48.036829,
TXN00001223,ACC0000059,DEPOSIT,IRCTC,64041.54,APPROVED,2026-05-06 11:37:48.036829,
TXN00001224,CARD000050,PURCHASE,BigBasket,25095.04,APPROVED,2026-05-23 15:42:48.036829,
TXN00001225,CARD000108,PURCHASE,Amazon India,3091.45,APPROVED,2026-06-25 21:15:48.036829,
TXN00001226,ACC0000136,PAYMENT,Jio Recharge,23002.58,APPROVED,2026-06-17 16:13:48.036829,
TXN00001227,ACC0000533,DEPOSIT,Jio Recharge,12513.34,APPROVED,2026-07-04 02:55:48.036829,
TXN00001228,ACC0000531,PURCHASE,IRCTC,32673.13,APPROVED,2026-05-15 10:45:48.036829,
TXN00001229,CARD000013,PURCHASE,Myntra,5953.96,APPROVED,2026-03-29 00:05:48.036829,
TXN00001230,ACC0000171,WITHDRAWAL,IRCTC,19854.64,APPROVED,2026-04-06 05:35:48.036829,
TXN00001231,ACC0000176,PURCHASE,Zomato,526.54,APPROVED,2026-04-06 16:21:48.036829,
TXN00001232,ACC0000053,TRANSFER,Flipkart,55088.53,APPROVED,2026-07-20 07:49:48.036829,
TXN00001233,CARD000147,PURCHASE,Croma,8034.11,APPROVED,2026-04-09 03:09:48.036829,
TXN00001234,CARD000229,PURCHASE,IRCTC,67576.47,DECLINED,2026-05-22 14:52:48.036829,CARD_BLOCKED
TXN00001235,ACC0000148,PAYMENT,Apollo Pharmacy,39385.3,APPROVED,2026-04-23 14:49:48.036829,
TXN00001236,ACC0000247,PURCHASE,Jio Recharge,49751.34,DECLINED,2026-07-05 18:01:48.036829,SUSPECTED_FRAUD
TXN00001237,ACC0000246,PAYMENT,Tata CLiQ,3377.24,APPROVED,2026-07-14 17:17:48.036829,
TXN00001238,ACC0000377,WITHDRAWAL,Myntra,68623.87,APPROVED,2026-06-05 15:17:48.036829,
TXN00001239,ACC0000531,PURCHASE,DMart,69460.8,APPROVED,2026-07-23 07:24:48.036829,
TXN00001240,ACC0000351,PURCHASE,Nykaa,7154.77,APPROVED,2026-06-17 23:12:48.036829,
TXN00001241,CARD000013,PURCHASE,MakeMyTrip,22207.9,APPROVED,2026-05-24 13:22:48.036829,
TXN00001242,CARD000158,PURCHASE,MakeMyTrip,74229.08,APPROVED,2026-04-21 18:32:48.036829,
TXN00001243,ACC0000670,TRANSFER,Reliance Digital,20308.45,APPROVED,2026-07-22 10:24:48.036829,
TXN00001244,ACC0000677,PAYMENT,DMart,65358.36,APPROVED,2026-04-14 07:29:48.036829,
TXN00001245,CARD000290,PURCHASE,Apollo Pharmacy,13391.54,APPROVED,2026-05-14 04:40:48.036829,
TXN00001246,CARD000201,PURCHASE,Reliance Digital,32688.61,APPROVED,2026-05-18 13:10:48.036829,
TXN00001247,ACC0000148,PAYMENT,Apollo Pharmacy,8469.83,APPROVED,2026-07-10 13:01:48.036829,
TXN00001248,CARD000061,PURCHASE,Ola,71626.7,APPROVED,2026-06-13 19:28:48.036829,
TXN00001249,ACC0000695,PURCHASE,Swiggy,52227.77,APPROVED,2026-07-11 21:55:48.036829,
TXN00001250,ACC0000652,TRANSFER,MakeMyTrip,5756.76,APPROVED,2026-04-12 22:35:48.036829,
TXN00001251,CARD000120,PURCHASE,Swiggy,34844.36,APPROVED,2026-05-20 17:46:48.036829,
TXN00001252,ACC0000609,WITHDRAWAL,Nykaa,42859.3,APPROVED,2026-05-19 00:58:48.036829,
TXN00001253,CARD000099,PURCHASE,Croma,19873.76,DECLINED,2026-06-11 07:55:48.036829,CARD_BLOCKED
TXN00001254,CARD000272,PURCHASE,Myntra,38688.68,APPROVED,2026-05-22 18:59:48.036829,
TXN00001255,ACC0000297,DEPOSIT,IRCTC,2402.13,APPROVED,2026-06-21 12:11:48.036829,
TXN00001256,ACC0000393,WITHDRAWAL,Apollo Pharmacy,50290.36,APPROVED,2026-05-04 06:25:48.036829,
TXN00001257,CARD000297,PURCHASE,Uber,3825.26,APPROVED,2026-06-09 17:07:48.036829,
TXN00001258,ACC0000230,WITHDRAWAL,Apollo Pharmacy,50522.5,APPROVED,2026-05-30 11:46:48.036829,
TXN00001259,CARD000112,PURCHASE,MakeMyTrip,66947.37,APPROVED,2026-04-01 10:15:48.036829,
TXN00001260,ACC0000622,TRANSFER,Flipkart,38147.42,DECLINED,2026-05-11 04:34:48.036829,ACCOUNT_FROZEN
TXN00001261,CARD000215,PURCHASE,BookMyShow,45203.85,APPROVED,2026-06-03 21:54:48.036829,
TXN00001262,ACC0000361,PURCHASE,Jio Recharge,43668.72,APPROVED,2026-05-30 20:32:48.036829,
TXN00001263,ACC0000439,PAYMENT,Jio Recharge,56861.66,APPROVED,2026-06-27 02:05:48.036829,
TXN00001264,ACC0000522,PAYMENT,Croma,36839.17,APPROVED,2026-06-16 07:18:48.036829,
TXN00001265,CARD000188,PURCHASE,BookMyShow,20272.34,APPROVED,2026-07-12 17:57:48.036829,
TXN00001266,CARD000135,PURCHASE,Jio Recharge,67825.91,APPROVED,2026-04-14 22:17:48.036829,
TXN00001267,ACC0000531,TRANSFER,BigBasket,25113.02,APPROVED,2026-04-04 03:46:48.036829,
TXN00001268,ACC0000108,TRANSFER,Swiggy,55646.47,APPROVED,2026-03-28 06:43:48.036829,
TXN00001269,CARD000178,PURCHASE,Uber,18712.34,APPROVED,2026-05-11 21:03:48.036829,
TXN00001270,ACC0000165,PURCHASE,Croma,47346.19,APPROVED,2026-04-08 11:18:48.036829,
TXN00001271,CARD000043,PURCHASE,Nykaa,71804.37,APPROVED,2026-03-27 09:48:48.036829,
TXN00001272,CARD000021,PURCHASE,Flipkart,70322.37,APPROVED,2026-04-13 11:35:48.036829,
TXN00001273,ACC0000628,PAYMENT,DMart,25045.3,APPROVED,2026-03-31 21:53:48.036829,
TXN00001274,ACC0000547,TRANSFER,MakeMyTrip,69452.71,APPROVED,2026-06-25 05:54:48.036829,
TXN00001275,ACC0000636,PAYMENT,Zomato,57782.09,APPROVED,2026-07-17 16:13:48.036829,
TXN00001276,ACC0000687,WITHDRAWAL,Zomato,58363.37,APPROVED,2026-05-18 18:44:48.036829,
TXN00001277,CARD000113,PURCHASE,Croma,64049.37,APPROVED,2026-06-23 18:10:48.036829,
TXN00001278,ACC0000183,TRANSFER,Nykaa,25225.61,APPROVED,2026-05-16 12:35:48.036829,
TXN00001279,ACC0000598,TRANSFER,Flipkart,55581.02,APPROVED,2026-05-14 02:31:48.036829,
TXN00001280,CARD000270,PURCHASE,Nykaa,7184.11,APPROVED,2026-04-23 00:09:48.036829,
TXN00001281,CARD000108,PURCHASE,DMart,58374.29,APPROVED,2026-04-24 05:43:48.036829,
TXN00001282,ACC0000154,PURCHASE,Uber,44745.11,APPROVED,2026-04-02 02:05:48.036829,
TXN00001283,ACC0000674,WITHDRAWAL,BookMyShow,5855.5,APPROVED,2026-04-01 07:40:48.036829,
TXN00001284,ACC0000656,PAYMENT,Ola,42817.89,APPROVED,2026-05-22 23:50:48.036829,
TXN00001285,ACC0000581,TRANSFER,MakeMyTrip,29769.86,APPROVED,2026-05-19 12:26:48.036829,
TXN00001286,ACC0000179,TRANSFER,Uber,74678.96,APPROVED,2026-05-20 10:14:48.036829,
TXN00001287,ACC0000056,DEPOSIT,IRCTC,9834.98,APPROVED,2026-05-08 23:56:48.036829,
TXN00001288,ACC0000153,DEPOSIT,Zomato,41329.5,APPROVED,2026-06-23 09:57:48.036829,
TXN00001289,ACC0000655,TRANSFER,Jio Recharge,30671.23,PENDING,2026-04-25 20:29:48.036829,
TXN00001290,ACC0000360,PURCHASE,Zomato,55682.96,APPROVED,2026-07-01 03:22:48.036829,
TXN00001291,CARD000249,PURCHASE,Tata CLiQ,21948.88,PENDING,2026-07-24 16:24:48.036829,
TXN00001292,ACC0000188,WITHDRAWAL,Uber,56325.99,APPROVED,2026-05-26 23:07:48.036829,
TXN00001293,CARD000265,PURCHASE,Zomato,66657.44,APPROVED,2026-04-11 06:41:48.036829,
TXN00001294,CARD000103,PURCHASE,Croma,24939.46,APPROVED,2026-06-27 19:30:48.036829,
TXN00001295,CARD000055,PURCHASE,IRCTC,53115.3,APPROVED,2026-06-23 02:20:48.036829,
TXN00001296,ACC0000161,DEPOSIT,Zomato,27113.41,APPROVED,2026-05-05 05:39:48.036829,
TXN00001297,ACC0000359,WITHDRAWAL,Ola,11475.03,APPROVED,2026-05-26 04:41:48.036829,
TXN00001298,CARD000283,PURCHASE,Zomato,32768.6,APPROVED,2026-04-01 02:29:48.036829,
TXN00001299,ACC0000334,PURCHASE,Uber,43450.86,APPROVED,2026-06-29 00:45:48.036829,
TXN00001300,CARD000053,PURCHASE,Jio Recharge,20444.72,APPROVED,2026-04-02 18:35:48.036829,
TXN00001301,ACC0000440,TRANSFER,Tata CLiQ,63577.98,PENDING,2026-07-20 10:53:48.036829,
TXN00001302,ACC0000365,DEPOSIT,Jio Recharge,27663.12,APPROVED,2026-05-25 14:45:48.036829,
TXN00001303,CARD000057,PURCHASE,Swiggy,71132.15,APPROVED,2026-05-22 01:38:48.036829,
TXN00001304,CARD000150,PURCHASE,Jio Recharge,6968.75,APPROVED,2026-04-30 01:26:48.036829,
TXN00001305,CARD000161,PURCHASE,Amazon India,21397.3,APPROVED,2026-03-31 14:48:48.036829,
TXN00001306,ACC0000124,PAYMENT,Nykaa,20125.94,APPROVED,2026-06-08 10:25:48.036829,
TXN00001307,CARD000042,PURCHASE,Nykaa,26601.09,DECLINED,2026-05-23 22:33:48.036829,CARD_BLOCKED
TXN00001308,CARD000036,PURCHASE,Zomato,72350.96,APPROVED,2026-05-03 16:19:48.036829,
TXN00001309,ACC0000224,DEPOSIT,BookMyShow,56571.78,DECLINED,2026-05-31 22:33:48.036829,INSUFFICIENT_FUNDS
TXN00001310,ACC0000226,PURCHASE,Apollo Pharmacy,29855.93,APPROVED,2026-05-29 18:21:48.036829,
TXN00001311,ACC0000002,WITHDRAWAL,Apollo Pharmacy,44552.79,DECLINED,2026-05-13 06:45:48.036829,INVALID_PIN
TXN00001312,CARD000171,PURCHASE,Swiggy,15532.83,APPROVED,2026-04-07 18:37:48.036829,
TXN00001313,ACC0000056,TRANSFER,Myntra,66484.49,DECLINED,2026-06-24 17:07:48.036829,DAILY_LIMIT_EXCEEDED
TXN00001314,CARD000032,PURCHASE,BookMyShow,67367.77,APPROVED,2026-06-20 08:56:48.036829,
TXN00001315,ACC0000605,PURCHASE,Uber,38988.23,APPROVED,2026-06-25 05:29:48.036829,
TXN00001316,ACC0000618,PURCHASE,Uber,23010.92,APPROVED,2026-07-06 13:58:48.036829,
TXN00001317,ACC0000042,PURCHASE,Flipkart,22214.3,APPROVED,2026-05-02 01:24:48.036829,
TXN00001318,CARD000037,PURCHASE,Croma,9593.4,APPROVED,2026-04-20 04:32:48.036829,
TXN00001319,CARD000222,PURCHASE,BookMyShow,27604.18,PENDING,2026-05-06 15:15:48.036829,
TXN00001320,ACC0000288,PURCHASE,Tata CLiQ,69956.91,APPROVED,2026-05-06 09:06:48.036829,
TXN00001321,ACC0000486,TRANSFER,Swiggy,27387.72,DECLINED,2026-04-01 02:37:48.036829,INSUFFICIENT_FUNDS
TXN00001322,ACC0000383,TRANSFER,BigBasket,4994.06,APPROVED,2026-04-19 16:30:48.036829,
TXN00001323,CARD000293,PURCHASE,MakeMyTrip,35787.5,APPROVED,2026-05-31 16:05:48.036829,
TXN00001324,CARD000024,PURCHASE,Flipkart,28905.41,APPROVED,2026-05-04 12:38:48.036829,
TXN00001325,ACC0000540,PAYMENT,BigBasket,25745.85,APPROVED,2026-06-03 02:42:48.036829,
TXN00001326,CARD000297,PURCHASE,Nykaa,17656.53,APPROVED,2026-06-01 14:25:48.036829,
TXN00001327,CARD000215,PURCHASE,Croma,3713.23,APPROVED,2026-07-05 10:09:48.036829,
TXN00001328,ACC0000625,PAYMENT,Nykaa,63774.79,DECLINED,2026-04-28 15:52:48.036829,INVALID_PIN
TXN00001329,CARD000254,PURCHASE,Amazon India,10901.35,APPROVED,2026-07-13 10:17:48.036829,
TXN00001330,CARD000068,PURCHASE,MakeMyTrip,67993.14,APPROVED,2026-04-29 21:50:48.036829,
TXN00001331,CARD000241,PURCHASE,BookMyShow,30107.85,DECLINED,2026-05-26 21:36:48.036829,MERCHANT_NOT_SUPPORTED
TXN00001332,ACC0000530,PURCHASE,Jio Recharge,73591.08,DECLINED,2026-03-27 13:31:48.036829,ACCOUNT_FROZEN
TXN00001333,ACC0000372,PAYMENT,Apollo Pharmacy,14758.33,APPROVED,2026-06-14 22:13:48.036829,
TXN00001334,ACC0000652,WITHDRAWAL,Croma,11909.27,APPROVED,2026-06-06 19:57:48.036829,
TXN00001335,CARD000134,PURCHASE,Nykaa,73943.82,APPROVED,2026-03-29 07:47:48.036829,
TXN00001336,ACC0000146,WITHDRAWAL,MakeMyTrip,50990.48,APPROVED,2026-06-30 03:09:48.036829,
TXN00001337,CARD000271,PURCHASE,IRCTC,4275.75,APPROVED,2026-05-03 13:01:48.036829,
TXN00001338,ACC0000447,PAYMENT,Croma,61861.38,APPROVED,2026-05-11 11:30:48.036829,
TXN00001339,CARD000106,PURCHASE,IRCTC,42767.73,APPROVED,2026-05-13 13:24:48.036829,
TXN00001340,ACC0000103,DEPOSIT,DMart,20391.58,APPROVED,2026-05-18 03:36:48.036829,
TXN00001341,ACC0000403,PAYMENT,Zomato,16945.88,APPROVED,2026-07-02 12:01:48.036829,
TXN00001342,CARD000267,PURCHASE,Tata CLiQ,14373.43,APPROVED,2026-04-15 02:07:48.036829,
TXN00001343,ACC0000446,PURCHASE,Amazon India,1467.58,APPROVED,2026-04-20 01:14:48.036829,
TXN00001344,ACC0000143,TRANSFER,Uber,71887.42,APPROVED,2026-04-05 17:15:48.036829,
TXN00001345,CARD000293,PURCHASE,Myntra,48003.89,APPROVED,2026-05-06 19:59:48.036829,
TXN00001346,ACC0000689,PURCHASE,Ola,44342.07,DECLINED,2026-06-04 13:31:48.036829,INVALID_PIN
TXN00001347,CARD000292,PURCHASE,Flipkart,32331.15,APPROVED,2026-05-22 21:48:48.036829,
TXN00001348,CARD000040,PURCHASE,Nykaa,44375.88,APPROVED,2026-04-07 13:57:48.036829,
TXN00001349,CARD000066,PURCHASE,Ola,39579.18,APPROVED,2026-06-09 01:12:48.036829,
TXN00001350,ACC0000588,PAYMENT,BookMyShow,38962.72,APPROVED,2026-07-11 00:46:48.036829,
TXN00001351,CARD000271,PURCHASE,MakeMyTrip,71206.31,DECLINED,2026-07-16 03:16:48.036829,EXPIRED_CARD
TXN00001352,ACC0000600,TRANSFER,Amazon India,1639.08,DECLINED,2026-07-18 04:10:48.036829,DAILY_LIMIT_EXCEEDED
TXN00001353,CARD000148,PURCHASE,Ola,1236.36,DECLINED,2026-07-01 06:01:48.036829,SUSPECTED_FRAUD
TXN00001354,ACC0000434,DEPOSIT,IRCTC,54184.33,APPROVED,2026-06-30 19:02:48.036829,
TXN00001355,ACC0000359,TRANSFER,Myntra,6640.33,APPROVED,2026-04-30 02:12:48.036829,
TXN00001356,ACC0000001,DEPOSIT,DMart,71755.92,APPROVED,2026-07-05 11:14:48.036829,
TXN00001357,ACC0000695,DEPOSIT,Apollo Pharmacy,25474.82,DECLINED,2026-06-25 06:47:48.036829,ACCOUNT_FROZEN
TXN00001358,CARD000158,PURCHASE,Flipkart,71419.74,APPROVED,2026-07-18 21:02:48.036829,
TXN00001359,ACC0000320,WITHDRAWAL,Ola,16412.79,APPROVED,2026-04-14 15:33:48.036829,
TXN00001360,ACC0000096,TRANSFER,Apollo Pharmacy,18987.31,APPROVED,2026-07-03 21:19:48.036829,
TXN00001361,ACC0000103,DEPOSIT,Zomato,1607.0,APPROVED,2026-04-04 03:09:48.036829,
TXN00001362,CARD000117,PURCHASE,Swiggy,377.88,APPROVED,2026-05-23 08:34:48.036829,
TXN00001363,CARD000121,PURCHASE,Myntra,46675.66,APPROVED,2026-05-23 12:35:48.036829,
TXN00001364,ACC0000583,WITHDRAWAL,Apollo Pharmacy,2628.68,APPROVED,2026-06-30 17:40:48.036829,
TXN00001365,CARD000080,PURCHASE,Reliance Digital,23399.45,APPROVED,2026-04-19 14:43:48.036829,
TXN00001366,ACC0000455,TRANSFER,BigBasket,67616.92,APPROVED,2026-04-09 03:48:48.036829,
TXN00001367,CARD000170,PURCHASE,Nykaa,5595.75,APPROVED,2026-06-01 03:42:48.036829,
TXN00001368,CARD000287,PURCHASE,DMart,34852.27,APPROVED,2026-04-08 09:52:48.036829,
TXN00001369,ACC0000697,PAYMENT,Reliance Digital,72205.27,APPROVED,2026-07-25 15:04:48.036829,
TXN00001370,ACC0000562,WITHDRAWAL,Croma,46046.21,APPROVED,2026-06-26 20:30:48.036829,
TXN00001371,ACC0000035,PURCHASE,Uber,52840.12,APPROVED,2026-07-01 04:47:48.036829,
TXN00001372,ACC0000344,PURCHASE,DMart,11857.79,APPROVED,2026-04-15 18:24:48.036829,
TXN00001373,ACC0000267,TRANSFER,Uber,30689.51,APPROVED,2026-06-17 19:44:48.036829,
TXN00001374,ACC0000110,TRANSFER,Croma,36126.77,APPROVED,2026-05-08 19:36:48.036829,
TXN00001375,CARD000001,PURCHASE,Croma,34018.42,APPROVED,2026-04-05 17:43:48.036829,
TXN00001376,ACC0000242,PAYMENT,Amazon India,32933.15,DECLINED,2026-05-31 11:00:48.036829,INSUFFICIENT_FUNDS
TXN00001377,ACC0000279,TRANSFER,Apollo Pharmacy,19821.5,APPROVED,2026-07-15 06:48:48.036829,
TXN00001378,CARD000142,PURCHASE,Amazon India,47434.67,APPROVED,2026-06-20 05:23:48.036829,
TXN00001379,CARD000101,PURCHASE,Croma,4830.82,APPROVED,2026-06-26 00:57:48.036829,
TXN00001380,CARD000060,PURCHASE,Uber,13257.41,APPROVED,2026-04-11 18:43:48.036829,
TXN00001381,ACC0000062,PAYMENT,Amazon India,46456.26,APPROVED,2026-06-05 05:19:48.036829,
TXN00001382,ACC0000446,TRANSFER,BookMyShow,64197.01,APPROVED,2026-07-25 21:36:48.036829,
TXN00001383,ACC0000134,WITHDRAWAL,Uber,36184.22,APPROVED,2026-05-24 13:38:48.036829,
TXN00001384,ACC0000566,PAYMENT,Uber,48420.83,APPROVED,2026-05-16 04:13:48.036829,
TXN00001385,CARD000030,PURCHASE,Apollo Pharmacy,11818.72,APPROVED,2026-06-05 06:52:48.036829,
TXN00001386,CARD000137,PURCHASE,Reliance Digital,51452.38,APPROVED,2026-05-31 17:04:48.036829,
TXN00001387,CARD000092,PURCHASE,Flipkart,7560.86,APPROVED,2026-04-12 23:31:48.036829,
TXN00001388,CARD000299,PURCHASE,Tata CLiQ,40636.13,PENDING,2026-07-05 22:10:48.036829,
TXN00001389,CARD000094,PURCHASE,Tata CLiQ,9912.86,APPROVED,2026-07-18 05:05:48.036829,
TXN00001390,ACC0000290,PAYMENT,Apollo Pharmacy,22869.4,APPROVED,2026-05-13 07:40:48.036829,
TXN00001391,CARD000219,PURCHASE,BookMyShow,39517.27,APPROVED,2026-05-24 02:40:48.036829,
TXN00001392,ACC0000638,WITHDRAWAL,Ola,31779.53,APPROVED,2026-06-04 12:33:48.036829,
TXN00001393,CARD000179,PURCHASE,Reliance Digital,60371.74,APPROVED,2026-06-04 15:19:48.036829,
TXN00001394,CARD000156,PURCHASE,MakeMyTrip,4908.99,PENDING,2026-04-09 22:54:48.036829,
TXN00001395,CARD000195,PURCHASE,BigBasket,42277.45,DECLINED,2026-06-02 13:40:48.036829,MERCHANT_NOT_SUPPORTED
TXN00001396,CARD000053,PURCHASE,Ola,40496.02,APPROVED,2026-07-06 14:27:48.036829,
TXN00001397,CARD000151,PURCHASE,Reliance Digital,1340.27,APPROVED,2026-04-25 12:40:48.036829,
TXN00001398,ACC0000252,PAYMENT,IRCTC,1438.71,APPROVED,2026-06-22 16:23:48.036829,
TXN00001399,CARD000186,PURCHASE,Croma,30295.8,APPROVED,2026-07-21 09:35:48.036829,
TXN00001400,CARD000021,PURCHASE,BookMyShow,70684.82,APPROVED,2026-05-12 17:15:48.036829,
TXN00001401,CARD000077,PURCHASE,Swiggy,46167.55,APPROVED,2026-04-04 06:03:48.036829,
TXN00001402,CARD000126,PURCHASE,BookMyShow,46536.42,APPROVED,2026-03-28 06:08:48.036829,
TXN00001403,ACC0000592,PAYMENT,Croma,38085.27,DECLINED,2026-05-21 21:11:48.036829,INSUFFICIENT_FUNDS
TXN00001404,CARD000132,PURCHASE,Flipkart,14869.92,APPROVED,2026-04-02 18:09:48.036829,
TXN00001405,ACC0000309,WITHDRAWAL,DMart,3593.93,APPROVED,2026-07-01 15:24:48.036829,
TXN00001406,ACC0000110,TRANSFER,MakeMyTrip,51990.45,APPROVED,2026-04-26 22:45:48.036829,
TXN00001407,CARD000059,PURCHASE,MakeMyTrip,45301.42,APPROVED,2026-07-09 14:58:48.036829,
TXN00001408,ACC0000559,DEPOSIT,Tata CLiQ,59777.13,APPROVED,2026-07-08 04:59:48.036829,
TXN00001409,CARD000204,PURCHASE,Amazon India,58070.22,APPROVED,2026-04-28 03:36:48.036829,
TXN00001410,CARD000292,PURCHASE,Apollo Pharmacy,20135.03,APPROVED,2026-05-12 14:28:48.036829,
TXN00001411,CARD000076,PURCHASE,Jio Recharge,13564.07,APPROVED,2026-04-13 08:34:48.036829,
TXN00001412,CARD000020,PURCHASE,DMart,40137.09,APPROVED,2026-06-15 01:08:48.036829,
TXN00001413,ACC0000684,TRANSFER,Croma,495.62,APPROVED,2026-06-14 16:19:48.036829,
TXN00001414,CARD000186,PURCHASE,BookMyShow,67436.37,APPROVED,2026-07-12 03:51:48.036829,
TXN00001415,CARD000279,PURCHASE,Swiggy,32995.42,DECLINED,2026-06-23 11:58:48.036829,EXPIRED_CARD
TXN00001416,ACC0000605,PURCHASE,Uber,64529.88,DECLINED,2026-05-27 00:55:48.036829,DAILY_LIMIT_EXCEEDED
TXN00001417,CARD000106,PURCHASE,BookMyShow,10129.9,APPROVED,2026-03-29 06:07:48.036829,
TXN00001418,ACC0000352,TRANSFER,Tata CLiQ,55013.35,APPROVED,2026-06-12 05:20:48.036829,
TXN00001419,CARD000272,PURCHASE,Tata CLiQ,5413.69,APPROVED,2026-05-21 07:13:48.036829,
TXN00001420,CARD000033,PURCHASE,Nykaa,74497.17,APPROVED,2026-06-13 11:34:48.036829,
TXN00001421,ACC0000699,PAYMENT,Zomato,70206.46,APPROVED,2026-05-12 14:44:48.036829,
TXN00001422,CARD000097,PURCHASE,Croma,41389.7,APPROVED,2026-06-02 22:33:48.036829,
TXN00001423,CARD000182,PURCHASE,Uber,42939.91,APPROVED,2026-07-18 07:22:48.036829,
TXN00001424,CARD000090,PURCHASE,Myntra,43394.51,DECLINED,2026-04-01 02:08:48.036829,INSUFFICIENT_CREDIT_LIMIT
TXN00001425,CARD000205,PURCHASE,BigBasket,31789.4,APPROVED,2026-04-22 07:32:48.036829,
TXN00001426,CARD000157,PURCHASE,DMart,43881.18,APPROVED,2026-06-16 17:05:48.036829,
TXN00001427,CARD000183,PURCHASE,Uber,32915.92,DECLINED,2026-05-12 23:00:48.036829,EXPIRED_CARD
TXN00001428,ACC0000149,DEPOSIT,BigBasket,2423.01,APPROVED,2026-04-28 09:21:48.036829,
TXN00001429,ACC0000165,TRANSFER,Ola,51871.3,APPROVED,2026-04-19 05:42:48.036829,
TXN00001430,CARD000239,PURCHASE,DMart,22059.41,APPROVED,2026-04-20 23:04:48.036829,
TXN00001431,ACC0000136,DEPOSIT,Apollo Pharmacy,4113.27,APPROVED,2026-04-21 17:38:48.036829,
TXN00001432,CARD000161,PURCHASE,BigBasket,11388.37,APPROVED,2026-06-10 18:01:48.036829,
TXN00001433,ACC0000370,WITHDRAWAL,Reliance Digital,10968.35,DECLINED,2026-05-08 23:18:48.036829,ACCOUNT_FROZEN
TXN00001434,ACC0000641,PAYMENT,Tata CLiQ,53147.8,APPROVED,2026-04-21 14:43:48.036829,
TXN00001435,ACC0000166,TRANSFER,Swiggy,58576.99,DECLINED,2026-06-18 11:36:48.036829,INSUFFICIENT_FUNDS
TXN00001436,CARD000142,PURCHASE,Croma,12695.18,DECLINED,2026-04-27 10:23:48.036829,CARD_BLOCKED
TXN00001437,ACC0000160,DEPOSIT,Ola,7864.37,APPROVED,2026-07-14 01:57:48.036829,
TXN00001438,CARD000268,PURCHASE,Tata CLiQ,73040.88,APPROVED,2026-04-30 18:30:48.036829,
TXN00001439,ACC0000532,DEPOSIT,BigBasket,17732.04,APPROVED,2026-07-23 06:14:48.036829,
TXN00001440,CARD000073,PURCHASE,BigBasket,42240.73,APPROVED,2026-04-04 13:50:48.036829,
TXN00001441,ACC0000034,PAYMENT,Zomato,42554.38,DECLINED,2026-04-08 05:13:48.036829,INSUFFICIENT_FUNDS
TXN00001442,ACC0000415,PAYMENT,Apollo Pharmacy,42812.21,APPROVED,2026-04-18 08:47:48.036829,
TXN00001443,CARD000177,PURCHASE,Uber,26255.88,APPROVED,2026-06-29 12:53:48.036829,
TXN00001444,CARD000193,PURCHASE,Myntra,52985.22,APPROVED,2026-07-02 16:47:48.036829,
TXN00001445,ACC0000546,TRANSFER,Tata CLiQ,74518.84,APPROVED,2026-06-01 17:01:48.036829,
TXN00001446,ACC0000193,DEPOSIT,Uber,975.3,APPROVED,2026-05-01 19:07:48.036829,
TXN00001447,ACC0000597,TRANSFER,BigBasket,25032.16,APPROVED,2026-06-28 00:56:48.036829,
TXN00001448,ACC0000329,PURCHASE,BigBasket,26997.04,APPROVED,2026-06-22 22:16:48.036829,
TXN00001449,CARD000134,PURCHASE,Uber,39849.41,APPROVED,2026-04-15 15:15:48.036829,
TXN00001450,CARD000272,PURCHASE,Jio Recharge,25054.95,APPROVED,2026-06-25 10:55:48.036829,
TXN00001451,CARD000027,PURCHASE,Flipkart,15891.8,APPROVED,2026-05-11 08:20:48.036829,
TXN00001452,CARD000040,PURCHASE,Swiggy,29381.79,APPROVED,2026-07-04 23:31:48.036829,
TXN00001453,ACC0000693,TRANSFER,Reliance Digital,72399.96,APPROVED,2026-06-12 04:03:48.036829,
TXN00001454,CARD000291,PURCHASE,Zomato,49930.0,APPROVED,2026-05-31 11:24:48.036829,
TXN00001455,ACC0000655,PURCHASE,Apollo Pharmacy,45656.08,DECLINED,2026-03-30 05:37:48.036829,SUSPECTED_FRAUD
TXN00001456,CARD000100,PURCHASE,Myntra,71380.44,APPROVED,2026-07-23 11:15:48.036829,
TXN00001457,ACC0000317,TRANSFER,Swiggy,72355.27,APPROVED,2026-04-30 21:23:48.036829,
TXN00001458,ACC0000614,TRANSFER,IRCTC,4136.43,APPROVED,2026-04-12 23:23:48.036829,
TXN00001459,ACC0000140,WITHDRAWAL,Zomato,71671.06,APPROVED,2026-06-20 07:23:48.036829,
TXN00001460,ACC0000147,WITHDRAWAL,Reliance Digital,27342.76,APPROVED,2026-05-09 03:30:48.036829,
TXN00001461,ACC0000242,WITHDRAWAL,Zomato,35938.43,APPROVED,2026-07-24 18:41:48.036829,
TXN00001462,CARD000023,PURCHASE,Swiggy,23783.33,APPROVED,2026-07-03 07:58:48.036829,
TXN00001463,CARD000214,PURCHASE,DMart,31781.61,DECLINED,2026-05-21 00:37:48.036829,SUSPECTED_FRAUD
TXN00001464,ACC0000682,WITHDRAWAL,IRCTC,36835.96,APPROVED,2026-06-04 17:51:48.036829,
TXN00001465,CARD000185,PURCHASE,Croma,60340.84,APPROVED,2026-07-08 16:04:48.036829,
TXN00001466,CARD000219,PURCHASE,BookMyShow,37958.8,APPROVED,2026-05-22 19:58:48.036829,
TXN00001467,CARD000256,PURCHASE,Apollo Pharmacy,47306.53,APPROVED,2026-06-06 16:32:48.036829,
TXN00001468,ACC0000364,WITHDRAWAL,Flipkart,33360.53,APPROVED,2026-05-15 20:08:48.036829,
TXN00001469,CARD000071,PURCHASE,BigBasket,71379.65,APPROVED,2026-06-09 17:01:48.036829,
TXN00001470,ACC0000229,TRANSFER,IRCTC,14902.52,APPROVED,2026-05-28 15:00:48.036829,
TXN00001471,ACC0000263,WITHDRAWAL,Ola,38748.25,APPROVED,2026-04-16 21:51:48.036829,
TXN00001472,CARD000139,PURCHASE,BigBasket,59744.93,APPROVED,2026-06-02 04:29:48.036829,
TXN00001473,ACC0000672,DEPOSIT,Jio Recharge,58317.95,APPROVED,2026-03-30 22:36:48.036829,
TXN00001474,CARD000293,PURCHASE,DMart,2955.84,APPROVED,2026-04-07 01:51:48.036829,
TXN00001475,CARD000211,PURCHASE,Tata CLiQ,53123.92,APPROVED,2026-05-26 00:06:48.036829,
TXN00001476,ACC0000417,PURCHASE,Myntra,32470.75,APPROVED,2026-03-31 07:19:48.036829,
TXN00001477,CARD000253,PURCHASE,IRCTC,72911.38,DECLINED,2026-05-06 20:02:48.036829,EXPIRED_CARD
TXN00001478,CARD000140,PURCHASE,BigBasket,18226.12,APPROVED,2026-05-05 18:46:48.036829,
TXN00001479,ACC0000598,WITHDRAWAL,Nykaa,49604.64,APPROVED,2026-06-21 11:13:48.036829,
TXN00001480,ACC0000689,PURCHASE,Croma,58528.22,APPROVED,2026-06-18 10:55:48.036829,
TXN00001481,ACC0000457,PURCHASE,Swiggy,24013.93,DECLINED,2026-05-11 00:56:48.036829,INVALID_PIN
TXN00001482,CARD000284,PURCHASE,BookMyShow,45101.78,APPROVED,2026-05-06 01:44:48.036829,
TXN00001483,ACC0000140,WITHDRAWAL,Apollo Pharmacy,72492.24,APPROVED,2026-06-05 22:22:48.036829,
TXN00001484,ACC0000054,DEPOSIT,Apollo Pharmacy,20576.97,APPROVED,2026-06-23 10:24:48.036829,
TXN00001485,CARD000023,PURCHASE,Apollo Pharmacy,36367.07,APPROVED,2026-07-08 15:27:48.036829,
TXN00001486,ACC0000638,TRANSFER,Tata CLiQ,12610.48,APPROVED,2026-06-09 03:24:48.036829,
TXN00001487,ACC0000506,WITHDRAWAL,Ola,53708.99,APPROVED,2026-06-27 05:56:48.036829,
TXN00001488,ACC0000177,DEPOSIT,Apollo Pharmacy,15671.84,APPROVED,2026-04-02 00:00:48.036829,
TXN00001489,CARD000264,PURCHASE,BookMyShow,34267.27,APPROVED,2026-05-20 12:34:48.036829,
TXN00001490,ACC0000436,WITHDRAWAL,BigBasket,54271.05,APPROVED,2026-05-28 08:32:48.036829,
TXN00001491,ACC0000267,WITHDRAWAL,MakeMyTrip,72727.34,APPROVED,2026-06-27 18:27:48.036829,
TXN00001492,CARD000050,PURCHASE,Reliance Digital,42835.03,APPROVED,2026-04-16 08:48:48.036829,
TXN00001493,CARD000214,PURCHASE,IRCTC,12602.66,APPROVED,2026-07-08 00:29:48.036829,
TXN00001494,CARD000181,PURCHASE,Ola,51838.45,DECLINED,2026-06-18 06:24:48.036829,SUSPECTED_FRAUD
TXN00001495,CARD000224,PURCHASE,Reliance Digital,65260.78,APPROVED,2026-06-14 11:56:48.036829,
TXN00001496,ACC0000538,TRANSFER,Zomato,34387.49,APPROVED,2026-05-21 19:11:48.036829,
TXN00001497,ACC0000003,WITHDRAWAL,Nykaa,12371.15,DECLINED,2026-06-18 21:14:48.036829,INSUFFICIENT_FUNDS
TXN00001498,CARD000023,PURCHASE,Croma,29084.45,APPROVED,2026-04-20 15:54:48.036829,
TXN00001499,ACC0000475,DEPOSIT,Myntra,46615.9,APPROVED,2026-07-22 02:59:48.036829,
TXN00001500,CARD000034,PURCHASE,Apollo Pharmacy,47545.32,APPROVED,2026-03-28 22:15:48.036829,
TXN00001501,CARD000031,PURCHASE,Nykaa,54545.55,APPROVED,2026-04-29 07:53:48.036829,
TXN00001502,ACC0000489,TRANSFER,Tata CLiQ,67630.06,APPROVED,2026-04-21 22:32:48.036829,
TXN00001503,CARD000169,PURCHASE,DMart,42632.63,APPROVED,2026-05-04 13:58:48.036829,
TXN00001504,CARD000071,PURCHASE,Reliance Digital,56824.08,APPROVED,2026-05-15 11:27:48.036829,
TXN00001505,CARD000101,PURCHASE,Reliance Digital,1711.07,APPROVED,2026-04-29 03:45:48.036829,
TXN00001506,CARD000213,PURCHASE,Amazon India,17940.75,APPROVED,2026-05-17 08:22:48.036829,
TXN00001507,CARD000255,PURCHASE,Zomato,28834.34,APPROVED,2026-07-03 23:11:48.036829,
TXN00001508,ACC0000061,PAYMENT,Ola,23502.72,APPROVED,2026-05-15 00:18:48.036829,
TXN00001509,ACC0000583,WITHDRAWAL,Jio Recharge,6226.08,DECLINED,2026-06-11 15:42:48.036829,INSUFFICIENT_FUNDS
TXN00001510,ACC0000401,PAYMENT,BigBasket,29632.66,APPROVED,2026-07-16 10:55:48.036829,
TXN00001511,ACC0000098,WITHDRAWAL,Zomato,68635.95,APPROVED,2026-04-12 01:32:48.036829,
TXN00001512,CARD000198,PURCHASE,Croma,74286.27,APPROVED,2026-07-14 05:11:48.036829,
TXN00001513,ACC0000278,TRANSFER,Reliance Digital,26077.57,APPROVED,2026-05-29 00:18:48.036829,
TXN00001514,ACC0000602,PURCHASE,Reliance Digital,58154.35,DECLINED,2026-05-22 20:31:48.036829,ACCOUNT_FROZEN
TXN00001515,CARD000142,PURCHASE,Tata CLiQ,51375.23,APPROVED,2026-06-22 06:46:48.036829,
TXN00001516,ACC0000281,TRANSFER,BookMyShow,25525.29,APPROVED,2026-06-14 05:49:48.036829,
TXN00001517,CARD000184,PURCHASE,Jio Recharge,68578.97,PENDING,2026-06-04 13:45:48.036829,
TXN00001518,CARD000037,PURCHASE,Reliance Digital,51103.11,APPROVED,2026-07-23 06:15:48.036829,
TXN00001519,CARD000201,PURCHASE,Uber,45126.38,APPROVED,2026-05-09 13:28:48.036829,
TXN00001520,CARD000022,PURCHASE,Myntra,34904.71,APPROVED,2026-04-01 21:25:48.036829,
TXN00001521,CARD000264,PURCHASE,Croma,36099.31,APPROVED,2026-04-05 21:31:48.036829,
TXN00001522,ACC0000355,DEPOSIT,MakeMyTrip,52848.35,APPROVED,2026-06-26 13:45:48.036829,
TXN00001523,ACC0000109,PURCHASE,Amazon India,74671.38,PENDING,2026-04-13 11:31:48.036829,
TXN00001524,CARD000187,PURCHASE,Nykaa,25778.57,APPROVED,2026-06-25 08:04:48.036829,
TXN00001525,CARD000173,PURCHASE,IRCTC,51358.82,APPROVED,2026-06-05 00:45:48.036829,
TXN00001526,ACC0000691,WITHDRAWAL,Flipkart,37445.64,DECLINED,2026-06-28 18:50:48.036829,INSUFFICIENT_FUNDS
TXN00001527,CARD000122,PURCHASE,Amazon India,55226.65,DECLINED,2026-06-22 08:55:48.036829,SUSPECTED_FRAUD
TXN00001528,CARD000157,PURCHASE,Nykaa,16763.73,APPROVED,2026-04-29 22:46:48.036829,
TXN00001529,ACC0000428,PURCHASE,Ola,8497.72,APPROVED,2026-05-31 00:55:48.036829,
TXN00001530,ACC0000152,PAYMENT,Ola,60186.38,APPROVED,2026-04-16 04:03:48.036829,
TXN00001531,ACC0000075,TRANSFER,DMart,59505.37,APPROVED,2026-04-24 17:51:48.036829,
TXN00001532,CARD000050,PURCHASE,Tata CLiQ,25300.6,APPROVED,2026-05-12 16:56:48.036829,
TXN00001533,ACC0000306,DEPOSIT,Myntra,59302.15,DECLINED,2026-05-30 23:40:48.036829,INVALID_PIN
TXN00001534,CARD000179,PURCHASE,Jio Recharge,20000.66,APPROVED,2026-05-15 20:33:48.036829,
TXN00001535,ACC0000443,DEPOSIT,Myntra,24590.42,APPROVED,2026-05-16 00:56:48.036829,
TXN00001536,ACC0000311,WITHDRAWAL,BigBasket,18212.65,DECLINED,2026-06-30 10:48:48.036829,INSUFFICIENT_FUNDS
TXN00001537,ACC0000146,PURCHASE,Zomato,43954.98,APPROVED,2026-05-23 23:59:48.036829,
TXN00001538,CARD000127,PURCHASE,Uber,71413.9,APPROVED,2026-05-15 20:24:48.036829,
TXN00001539,CARD000045,PURCHASE,MakeMyTrip,27014.82,APPROVED,2026-04-17 09:35:48.036829,
TXN00001540,ACC0000265,TRANSFER,Reliance Digital,46462.31,APPROVED,2026-05-06 22:48:48.036829,
TXN00001541,CARD000171,PURCHASE,BookMyShow,65746.98,DECLINED,2026-04-17 11:45:48.036829,CARD_BLOCKED
TXN00001542,CARD000048,PURCHASE,BookMyShow,11202.85,APPROVED,2026-04-02 22:34:48.036829,
TXN00001543,CARD000265,PURCHASE,BookMyShow,27192.99,APPROVED,2026-05-12 08:36:48.036829,
TXN00001544,CARD000261,PURCHASE,IRCTC,56745.05,APPROVED,2026-07-18 10:56:48.036829,
TXN00001545,ACC0000198,TRANSFER,Jio Recharge,13248.15,APPROVED,2026-05-22 17:29:48.036829,
TXN00001546,ACC0000595,WITHDRAWAL,Myntra,5718.6,APPROVED,2026-06-05 20:12:48.036829,
TXN00001547,CARD000232,PURCHASE,Croma,17658.27,APPROVED,2026-05-23 11:16:48.036829,
TXN00001548,ACC0000135,PURCHASE,BigBasket,24763.91,APPROVED,2026-06-13 19:36:48.036829,
TXN00001549,ACC0000341,PAYMENT,Ola,23658.51,APPROVED,2026-04-18 20:56:48.036829,
TXN00001550,ACC0000274,WITHDRAWAL,Zomato,51762.79,APPROVED,2026-04-05 12:29:48.036829,
TXN00001551,ACC0000515,PAYMENT,DMart,54206.96,APPROVED,2026-07-12 02:52:48.036829,
TXN00001552,ACC0000099,PAYMENT,Zomato,64967.76,APPROVED,2026-06-29 15:31:48.036829,
TXN00001553,CARD000076,PURCHASE,Flipkart,24276.4,APPROVED,2026-06-11 20:17:48.036829,
TXN00001554,CARD000231,PURCHASE,Jio Recharge,21867.42,DECLINED,2026-06-17 18:36:48.036829,MERCHANT_NOT_SUPPORTED
TXN00001555,ACC0000262,DEPOSIT,Amazon India,5749.45,APPROVED,2026-03-28 08:07:48.036829,
TXN00001556,CARD000025,PURCHASE,MakeMyTrip,39678.55,APPROVED,2026-06-16 07:50:48.036829,
TXN00001557,CARD000164,PURCHASE,DMart,19880.54,APPROVED,2026-06-26 16:24:48.036829,
TXN00001558,ACC0000189,DEPOSIT,Myntra,39093.14,APPROVED,2026-06-15 06:51:48.036829,
TXN00001559,ACC0000511,PAYMENT,MakeMyTrip,5264.56,APPROVED,2026-05-14 04:05:48.036829,
TXN00001560,CARD000029,PURCHASE,Swiggy,28784.48,APPROVED,2026-06-25 01:55:48.036829,
TXN00001561,ACC0000150,WITHDRAWAL,Swiggy,34005.08,APPROVED,2026-05-29 19:44:48.036829,
TXN00001562,ACC0000240,TRANSFER,MakeMyTrip,52286.67,APPROVED,2026-06-23 18:26:48.036829,
TXN00001563,CARD000290,PURCHASE,Flipkart,52064.35,APPROVED,2026-06-29 13:34:48.036829,
TXN00001564,CARD000091,PURCHASE,IRCTC,46155.55,APPROVED,2026-03-29 06:41:48.036829,
TXN00001565,CARD000061,PURCHASE,Croma,36303.05,PENDING,2026-04-20 21:26:48.036829,
TXN00001566,CARD000275,PURCHASE,Uber,43687.39,APPROVED,2026-06-12 03:17:48.036829,
TXN00001567,ACC0000241,PAYMENT,Myntra,40782.15,APPROVED,2026-06-14 13:51:48.036829,
TXN00001568,ACC0000533,PURCHASE,Nykaa,16570.03,PENDING,2026-05-01 21:53:48.036829,
TXN00001569,ACC0000079,TRANSFER,IRCTC,15572.93,APPROVED,2026-04-02 18:56:48.036829,
TXN00001570,ACC0000222,TRANSFER,BookMyShow,40395.55,DECLINED,2026-07-14 21:42:48.036829,INVALID_PIN
TXN00001571,ACC0000149,DEPOSIT,DMart,67839.5,APPROVED,2026-06-15 15:24:48.036829,
TXN00001572,ACC0000168,PAYMENT,DMart,57077.05,APPROVED,2026-06-10 00:58:48.036829,
TXN00001573,CARD000242,PURCHASE,Jio Recharge,47197.37,APPROVED,2026-05-29 00:15:48.036829,
TXN00001574,CARD000212,PURCHASE,DMart,29405.64,APPROVED,2026-06-13 18:41:48.036829,
TXN00001575,ACC0000056,WITHDRAWAL,BigBasket,48383.94,APPROVED,2026-05-25 06:06:48.036829,
TXN00001576,CARD000256,PURCHASE,Myntra,34292.53,APPROVED,2026-05-26 17:04:48.036829,
TXN00001577,CARD000239,PURCHASE,Nykaa,43356.75,APPROVED,2026-04-08 10:41:48.036829,
TXN00001578,CARD000014,PURCHASE,Swiggy,38061.9,APPROVED,2026-04-21 05:22:48.036829,
TXN00001579,ACC0000679,PAYMENT,Myntra,63982.7,APPROVED,2026-05-25 06:27:48.036829,
TXN00001580,ACC0000198,PURCHASE,DMart,60933.27,APPROVED,2026-04-25 21:32:48.036829,
TXN00001581,CARD000068,PURCHASE,Croma,73518.79,APPROVED,2026-06-02 08:49:48.036829,
TXN00001582,ACC0000363,PURCHASE,Jio Recharge,66910.5,APPROVED,2026-04-18 00:41:48.036829,
TXN00001583,CARD000243,PURCHASE,Apollo Pharmacy,23908.36,APPROVED,2026-07-22 19:10:48.036829,
TXN00001584,ACC0000315,TRANSFER,Croma,8547.09,APPROVED,2026-05-23 17:46:48.036829,
TXN00001585,CARD000204,PURCHASE,Apollo Pharmacy,30397.48,APPROVED,2026-04-25 06:48:48.036829,
TXN00001586,CARD000102,PURCHASE,Ola,29712.83,APPROVED,2026-06-22 16:29:48.036829,
TXN00001587,CARD000033,PURCHASE,Flipkart,12113.04,APPROVED,2026-06-22 12:11:48.036829,
TXN00001588,ACC0000145,WITHDRAWAL,Jio Recharge,24806.2,PENDING,2026-06-05 14:35:48.036829,
TXN00001589,ACC0000666,DEPOSIT,Nykaa,26420.79,APPROVED,2026-06-16 11:13:48.036829,
TXN00001590,CARD000192,PURCHASE,BigBasket,9310.56,APPROVED,2026-05-08 12:35:48.036829,
TXN00001591,ACC0000479,DEPOSIT,BigBasket,57951.21,APPROVED,2026-04-03 01:45:48.036829,
TXN00001592,CARD000204,PURCHASE,Jio Recharge,70489.29,APPROVED,2026-05-12 22:01:48.036829,
TXN00001593,ACC0000152,PURCHASE,Apollo Pharmacy,27981.11,APPROVED,2026-06-10 22:06:48.036829,
TXN00001594,ACC0000384,PURCHASE,BigBasket,65698.03,APPROVED,2026-04-07 14:32:48.036829,
TXN00001595,ACC0000622,TRANSFER,IRCTC,8685.85,APPROVED,2026-06-01 13:56:48.036829,
TXN00001596,CARD000072,PURCHASE,Apollo Pharmacy,2326.57,APPROVED,2026-06-30 17:04:48.036829,
TXN00001597,ACC0000065,WITHDRAWAL,Croma,46363.59,APPROVED,2026-07-18 02:52:48.036829,
TXN00001598,ACC0000594,TRANSFER,Tata CLiQ,31455.22,APPROVED,2026-06-24 13:09:48.036829,
TXN00001599,ACC0000206,DEPOSIT,IRCTC,9067.65,APPROVED,2026-04-08 08:50:48.036829,
TXN00001600,CARD000207,PURCHASE,Uber,62838.68,APPROVED,2026-05-05 01:03:48.036829,
TXN00001601,ACC0000380,DEPOSIT,Swiggy,41183.35,APPROVED,2026-07-01 09:25:48.036829,
TXN00001602,ACC0000316,TRANSFER,BookMyShow,11199.02,APPROVED,2026-07-20 02:52:48.036829,
TXN00001603,CARD000165,PURCHASE,BookMyShow,73245.11,APPROVED,2026-06-28 05:07:48.036829,
TXN00001604,CARD000282,PURCHASE,Amazon India,46236.96,APPROVED,2026-06-10 10:04:48.036829,
TXN00001605,ACC0000175,PAYMENT,IRCTC,45205.21,DECLINED,2026-05-08 06:19:48.036829,INVALID_PIN
TXN00001606,ACC0000530,DEPOSIT,Uber,28540.85,APPROVED,2026-07-06 18:26:48.036829,
TXN00001607,ACC0000317,PAYMENT,Reliance Digital,60299.79,DECLINED,2026-05-02 14:19:48.036829,INSUFFICIENT_FUNDS
TXN00001608,ACC0000691,PURCHASE,Jio Recharge,39157.97,APPROVED,2026-04-14 13:29:48.036829,
TXN00001609,ACC0000100,DEPOSIT,Flipkart,23672.73,APPROVED,2026-05-20 18:10:48.036829,
TXN00001610,ACC0000423,WITHDRAWAL,Tata CLiQ,10558.64,APPROVED,2026-07-15 13:17:48.036829,
TXN00001611,ACC0000576,WITHDRAWAL,MakeMyTrip,36461.58,DECLINED,2026-07-13 12:12:48.036829,SUSPECTED_FRAUD
TXN00001612,ACC0000217,DEPOSIT,DMart,33151.48,APPROVED,2026-06-08 13:45:48.036829,
TXN00001613,CARD000091,PURCHASE,MakeMyTrip,62197.66,APPROVED,2026-06-23 07:00:48.036829,
TXN00001614,ACC0000394,PURCHASE,DMart,2694.07,APPROVED,2026-05-23 17:46:48.036829,
TXN00001615,ACC0000375,TRANSFER,Tata CLiQ,34276.98,APPROVED,2026-06-26 10:29:48.036829,
TXN00001616,CARD000212,PURCHASE,Flipkart,39342.15,APPROVED,2026-05-04 23:34:48.036829,
TXN00001617,ACC0000286,PURCHASE,Jio Recharge,9518.86,APPROVED,2026-06-18 18:25:48.036829,
TXN00001618,ACC0000332,WITHDRAWAL,Ola,13994.38,APPROVED,2026-07-04 06:46:48.036829,
TXN00001619,ACC0000567,WITHDRAWAL,Zomato,59078.34,DECLINED,2026-05-27 21:49:48.036829,SUSPECTED_FRAUD
TXN00001620,CARD000105,PURCHASE,MakeMyTrip,19327.45,DECLINED,2026-05-08 01:26:48.036829,INCORRECT_CVV
TXN00001621,CARD000010,PURCHASE,MakeMyTrip,14957.88,APPROVED,2026-04-11 23:39:48.036829,
TXN00001622,ACC0000036,WITHDRAWAL,BigBasket,11506.13,APPROVED,2026-06-04 19:46:48.036829,
TXN00001623,CARD000141,PURCHASE,Flipkart,3035.87,APPROVED,2026-05-08 03:19:48.036829,
TXN00001624,CARD000176,PURCHASE,Apollo Pharmacy,28346.14,APPROVED,2026-05-30 18:55:48.036829,
TXN00001625,ACC0000612,TRANSFER,Nykaa,38436.63,APPROVED,2026-05-19 23:25:48.036829,
TXN00001626,CARD000048,PURCHASE,Reliance Digital,68955.81,APPROVED,2026-05-30 21:19:48.036829,
TXN00001627,CARD000022,PURCHASE,IRCTC,54008.77,DECLINED,2026-06-09 17:29:48.036829,MERCHANT_NOT_SUPPORTED
TXN00001628,CARD000209,PURCHASE,Reliance Digital,20607.82,APPROVED,2026-06-15 12:26:48.036829,
TXN00001629,ACC0000424,WITHDRAWAL,Reliance Digital,18604.86,DECLINED,2026-06-18 05:59:48.036829,DAILY_LIMIT_EXCEEDED
TXN00001630,CARD000115,PURCHASE,Jio Recharge,12431.04,APPROVED,2026-06-27 11:12:48.036829,
TXN00001631,CARD000139,PURCHASE,Myntra,58723.17,APPROVED,2026-07-04 01:16:48.036829,
TXN00001632,CARD000154,PURCHASE,Ola,33173.81,PENDING,2026-07-09 11:44:48.036829,
TXN00001633,ACC0000408,DEPOSIT,Nykaa,40484.39,APPROVED,2026-06-20 17:11:48.036829,
TXN00001634,ACC0000369,TRANSFER,Croma,7845.35,APPROVED,2026-06-04 09:13:48.036829,
TXN00001635,ACC0000465,TRANSFER,Zomato,22769.93,APPROVED,2026-05-28 13:39:48.036829,
TXN00001636,CARD000186,PURCHASE,Swiggy,70787.94,APPROVED,2026-05-02 01:19:48.036829,
TXN00001637,CARD000013,PURCHASE,Amazon India,18272.56,APPROVED,2026-05-20 01:40:48.036829,
TXN00001638,ACC0000343,PURCHASE,Croma,21396.81,APPROVED,2026-06-21 17:48:48.036829,
TXN00001639,CARD000256,PURCHASE,Swiggy,28500.05,APPROVED,2026-07-19 19:17:48.036829,
TXN00001640,ACC0000309,PURCHASE,Apollo Pharmacy,21165.36,APPROVED,2026-05-08 15:26:48.036829,
TXN00001641,CARD000276,PURCHASE,Zomato,3837.2,APPROVED,2026-07-06 09:55:48.036829,
TXN00001642,ACC0000589,WITHDRAWAL,DMart,36645.83,APPROVED,2026-06-28 00:20:48.036829,
TXN00001643,ACC0000413,TRANSFER,Uber,5956.05,APPROVED,2026-04-02 16:56:48.036829,
TXN00001644,ACC0000022,PAYMENT,MakeMyTrip,39352.33,APPROVED,2026-04-20 03:49:48.036829,
TXN00001645,CARD000293,PURCHASE,Apollo Pharmacy,36269.77,APPROVED,2026-04-09 00:59:48.036829,
TXN00001646,ACC0000310,PURCHASE,Myntra,70905.46,APPROVED,2026-04-04 22:30:48.036829,
TXN00001647,ACC0000505,PURCHASE,Croma,56682.38,APPROVED,2026-07-04 22:08:48.036829,
TXN00001648,ACC0000013,WITHDRAWAL,Ola,58284.58,APPROVED,2026-07-09 15:46:48.036829,
TXN00001649,ACC0000355,WITHDRAWAL,Nykaa,35727.15,APPROVED,2026-04-21 14:27:48.036829,
TXN00001650,CARD000200,PURCHASE,BookMyShow,56152.64,APPROVED,2026-07-24 21:20:48.036829,
TXN00001651,ACC0000518,WITHDRAWAL,Nykaa,71989.38,APPROVED,2026-07-17 10:51:48.036829,
TXN00001652,CARD000247,PURCHASE,Jio Recharge,1310.38,APPROVED,2026-04-25 02:02:48.036829,
TXN00001653,ACC0000502,PAYMENT,BigBasket,51527.58,APPROVED,2026-06-07 12:04:48.036829,
TXN00001654,CARD000222,PURCHASE,Apollo Pharmacy,20874.84,APPROVED,2026-06-25 08:25:48.036829,
TXN00001655,CARD000291,PURCHASE,IRCTC,46301.27,APPROVED,2026-07-06 10:56:48.036829,
TXN00001656,CARD000158,PURCHASE,Uber,57391.37,APPROVED,2026-04-03 12:39:48.036829,
TXN00001657,ACC0000123,TRANSFER,Nykaa,32742.96,APPROVED,2026-06-18 20:54:48.036829,
TXN00001658,ACC0000032,WITHDRAWAL,MakeMyTrip,57716.66,APPROVED,2026-06-02 20:22:48.036829,
TXN00001659,CARD000221,PURCHASE,Jio Recharge,38816.77,APPROVED,2026-06-28 14:42:48.036829,
TXN00001660,CARD000294,PURCHASE,BookMyShow,3456.48,APPROVED,2026-07-05 05:22:48.036829,
TXN00001661,ACC0000538,PAYMENT,Jio Recharge,21977.03,APPROVED,2026-05-23 04:40:48.036829,
TXN00001662,ACC0000258,PURCHASE,Amazon India,44074.74,APPROVED,2026-05-12 13:52:48.036829,
TXN00001663,ACC0000199,PURCHASE,Myntra,50604.22,APPROVED,2026-07-23 10:23:48.036829,
TXN00001664,CARD000021,PURCHASE,Ola,61141.18,APPROVED,2026-06-02 16:43:48.036829,
TXN00001665,CARD000169,PURCHASE,Apollo Pharmacy,66140.2,APPROVED,2026-07-10 19:24:48.036829,
TXN00001666,ACC0000507,WITHDRAWAL,Reliance Digital,69950.22,APPROVED,2026-05-04 16:29:48.036829,
TXN00001667,CARD000152,PURCHASE,Tata CLiQ,8452.18,APPROVED,2026-04-22 13:51:48.036829,
TXN00001668,CARD000037,PURCHASE,Ola,53936.43,APPROVED,2026-07-25 14:48:48.036829,
TXN00001669,ACC0000078,TRANSFER,BookMyShow,37465.7,DECLINED,2026-07-21 01:45:48.036829,SUSPECTED_FRAUD
TXN00001670,CARD000238,PURCHASE,Myntra,60676.19,APPROVED,2026-06-26 08:31:48.036829,
TXN00001671,ACC0000145,WITHDRAWAL,Nykaa,6506.89,APPROVED,2026-05-06 12:16:48.036829,
TXN00001672,CARD000143,PURCHASE,Nykaa,50752.91,APPROVED,2026-04-25 07:46:48.036829,
TXN00001673,ACC0000511,TRANSFER,Ola,25779.88,APPROVED,2026-06-23 02:58:48.036829,
TXN00001674,ACC0000300,PURCHASE,Nykaa,63363.76,APPROVED,2026-05-15 13:38:48.036829,
TXN00001675,ACC0000071,PURCHASE,BookMyShow,22811.41,APPROVED,2026-06-30 02:15:48.036829,
TXN00001676,ACC0000550,TRANSFER,BigBasket,40742.25,APPROVED,2026-04-29 08:08:48.036829,
TXN00001677,ACC0000198,PAYMENT,Swiggy,69354.91,APPROVED,2026-03-30 00:32:48.036829,
TXN00001678,ACC0000646,DEPOSIT,Ola,5805.98,DECLINED,2026-07-01 22:19:48.036829,SUSPECTED_FRAUD
TXN00001679,ACC0000567,PURCHASE,Nykaa,72028.28,DECLINED,2026-04-10 21:19:48.036829,DAILY_LIMIT_EXCEEDED
TXN00001680,ACC0000561,WITHDRAWAL,MakeMyTrip,71268.66,DECLINED,2026-03-28 04:01:48.036829,DAILY_LIMIT_EXCEEDED
TXN00001681,ACC0000332,TRANSFER,Nykaa,15164.3,APPROVED,2026-05-30 00:03:48.036829,
TXN00001682,ACC0000608,PAYMENT,Uber,46325.8,APPROVED,2026-07-20 12:44:48.036829,
TXN00001683,ACC0000430,DEPOSIT,Uber,46134.52,APPROVED,2026-07-19 01:55:48.036829,
TXN00001684,ACC0000460,WITHDRAWAL,Croma,13031.96,APPROVED,2026-04-17 13:13:48.036829,
TXN00001685,CARD000109,PURCHASE,Nykaa,22190.56,APPROVED,2026-07-04 04:25:48.036829,
TXN00001686,CARD000173,PURCHASE,Reliance Digital,66259.41,APPROVED,2026-06-11 11:06:48.036829,
TXN00001687,CARD000121,PURCHASE,Amazon India,46679.74,APPROVED,2026-05-10 09:01:48.036829,
TXN00001688,CARD000108,PURCHASE,Uber,34792.43,APPROVED,2026-04-04 00:22:48.036829,
TXN00001689,ACC0000446,PURCHASE,BigBasket,39411.91,APPROVED,2026-04-03 02:54:48.036829,
TXN00001690,ACC0000325,WITHDRAWAL,Jio Recharge,54679.09,APPROVED,2026-05-06 11:22:48.036829,
TXN00001691,CARD000263,PURCHASE,Jio Recharge,19757.87,APPROVED,2026-04-16 20:47:48.036829,
TXN00001692,CARD000117,PURCHASE,Croma,70527.94,DECLINED,2026-04-10 12:51:48.036829,INSUFFICIENT_CREDIT_LIMIT
TXN00001693,ACC0000539,DEPOSIT,Reliance Digital,4703.23,APPROVED,2026-05-27 03:32:48.036829,
TXN00001694,CARD000036,PURCHASE,BigBasket,25010.6,APPROVED,2026-05-04 20:41:48.036829,
TXN00001695,ACC0000254,PAYMENT,Reliance Digital,6206.54,APPROVED,2026-03-30 19:52:48.036829,
TXN00001696,ACC0000361,PAYMENT,Uber,46084.31,DECLINED,2026-05-05 23:55:48.036829,ACCOUNT_FROZEN
TXN00001697,CARD000065,PURCHASE,BigBasket,50652.28,APPROVED,2026-06-26 13:44:48.036829,
TXN00001698,CARD000287,PURCHASE,Myntra,49649.73,APPROVED,2026-06-06 07:17:48.036829,
TXN00001699,ACC0000376,PAYMENT,Uber,4615.96,APPROVED,2026-07-15 18:01:48.036829,
TXN00001700,ACC0000639,PAYMENT,Flipkart,12150.93,DECLINED,2026-04-26 08:38:48.036829,INVALID_PIN
TXN00001701,ACC0000370,PAYMENT,Tata CLiQ,8041.89,APPROVED,2026-05-06 02:50:48.036829,
TXN00001702,ACC0000225,DEPOSIT,Swiggy,28367.97,APPROVED,2026-05-21 13:54:48.036829,
TXN00001703,CARD000240,PURCHASE,Uber,37946.74,APPROVED,2026-06-17 17:31:48.036829,
TXN00001704,CARD000276,PURCHASE,Croma,58298.05,APPROVED,2026-05-04 15:05:48.036829,
TXN00001705,CARD000076,PURCHASE,BigBasket,42187.35,APPROVED,2026-04-07 11:25:48.036829,
TXN00001706,ACC0000049,PURCHASE,Ola,53347.48,APPROVED,2026-04-16 13:14:48.036829,
TXN00001707,CARD000205,PURCHASE,BookMyShow,10462.47,APPROVED,2026-04-27 15:34:48.036829,
TXN00001708,CARD000270,PURCHASE,Ola,61516.73,APPROVED,2026-05-20 07:31:48.036829,
TXN00001709,ACC0000666,PURCHASE,Nykaa,58036.83,APPROVED,2026-07-01 17:01:48.036829,
TXN00001710,ACC0000641,TRANSFER,Ola,70960.5,APPROVED,2026-04-24 05:00:48.036829,
TXN00001711,ACC0000512,DEPOSIT,Croma,33112.92,APPROVED,2026-04-08 19:30:48.036829,
TXN00001712,CARD000060,PURCHASE,Croma,6345.08,APPROVED,2026-04-24 11:46:48.036829,
TXN00001713,CARD000251,PURCHASE,Amazon India,72069.12,APPROVED,2026-05-14 16:34:48.036829,
TXN00001714,ACC0000552,WITHDRAWAL,DMart,38161.5,APPROVED,2026-06-25 07:10:48.036829,
TXN00001715,CARD000204,PURCHASE,Tata CLiQ,10619.05,APPROVED,2026-06-09 23:55:48.036829,
TXN00001716,CARD000055,PURCHASE,Flipkart,64529.01,APPROVED,2026-04-29 11:28:48.036829,
TXN00001717,CARD000063,PURCHASE,BookMyShow,65189.91,APPROVED,2026-06-17 15:46:48.036829,
TXN00001718,CARD000293,PURCHASE,Uber,7969.98,APPROVED,2026-04-25 21:18:48.036829,
TXN00001719,ACC0000262,PURCHASE,MakeMyTrip,21220.81,APPROVED,2026-04-26 19:47:48.036829,
TXN00001720,ACC0000549,PAYMENT,Reliance Digital,49741.57,APPROVED,2026-05-27 00:12:48.036829,
TXN00001721,CARD000171,PURCHASE,Jio Recharge,27379.4,DECLINED,2026-07-03 18:59:48.036829,CARD_BLOCKED
TXN00001722,CARD000214,PURCHASE,Tata CLiQ,28554.75,APPROVED,2026-03-28 06:40:48.036829,
TXN00001723,ACC0000588,WITHDRAWAL,Ola,25992.28,APPROVED,2026-04-23 02:27:48.036829,
TXN00001724,ACC0000171,DEPOSIT,Nykaa,15962.86,APPROVED,2026-05-04 06:28:48.036829,
TXN00001725,CARD000277,PURCHASE,Myntra,34658.1,APPROVED,2026-04-07 19:40:48.036829,
TXN00001726,CARD000142,PURCHASE,Jio Recharge,23345.04,APPROVED,2026-05-28 01:26:48.036829,
TXN00001727,ACC0000085,PURCHASE,Apollo Pharmacy,31310.97,APPROVED,2026-05-23 15:03:48.036829,
TXN00001728,CARD000132,PURCHASE,Croma,51527.36,APPROVED,2026-04-09 06:56:48.036829,
TXN00001729,ACC0000017,PURCHASE,IRCTC,30089.79,APPROVED,2026-04-18 12:35:48.036829,
TXN00001730,ACC0000602,TRANSFER,Amazon India,39258.14,APPROVED,2026-07-20 18:09:48.036829,
TXN00001731,ACC0000074,TRANSFER,Amazon India,17207.46,APPROVED,2026-06-21 02:54:48.036829,
TXN00001732,CARD000278,PURCHASE,Amazon India,52469.81,APPROVED,2026-06-06 01:05:48.036829,
TXN00001733,ACC0000233,PURCHASE,Reliance Digital,57609.75,APPROVED,2026-04-30 00:24:48.036829,
TXN00001734,ACC0000451,WITHDRAWAL,Croma,34366.82,APPROVED,2026-05-24 06:35:48.036829,
TXN00001735,ACC0000154,TRANSFER,Uber,29457.79,APPROVED,2026-07-11 02:17:48.036829,
TXN00001736,ACC0000022,PURCHASE,Nykaa,71175.77,APPROVED,2026-04-26 15:47:48.036829,
TXN00001737,CARD000023,PURCHASE,DMart,10179.61,APPROVED,2026-05-17 01:10:48.036829,
TXN00001738,ACC0000584,TRANSFER,Apollo Pharmacy,20342.56,APPROVED,2026-05-16 16:16:48.036829,
TXN00001739,ACC0000441,PURCHASE,DMart,4852.36,APPROVED,2026-07-05 04:21:48.036829,
TXN00001740,CARD000242,PURCHASE,DMart,36714.65,APPROVED,2026-07-08 03:30:48.036829,
TXN00001741,CARD000095,PURCHASE,Zomato,15216.59,APPROVED,2026-06-26 04:17:48.036829,
TXN00001742,CARD000210,PURCHASE,MakeMyTrip,39677.22,APPROVED,2026-06-08 05:33:48.036829,
TXN00001743,ACC0000407,PAYMENT,BookMyShow,14178.73,DECLINED,2026-05-07 22:32:48.036829,INVALID_PIN
TXN00001744,ACC0000630,DEPOSIT,IRCTC,31745.92,APPROVED,2026-07-24 00:35:48.036829,
TXN00001745,CARD000034,PURCHASE,Amazon India,3889.31,APPROVED,2026-04-05 06:46:48.036829,
TXN00001746,CARD000039,PURCHASE,Swiggy,6103.14,DECLINED,2026-04-14 02:38:48.036829,CARD_BLOCKED
TXN00001747,ACC0000159,PURCHASE,BookMyShow,4739.27,APPROVED,2026-04-26 18:12:48.036829,
TXN00001748,CARD000068,PURCHASE,IRCTC,34321.52,APPROVED,2026-07-10 04:55:48.036829,
TXN00001749,CARD000107,PURCHASE,Uber,62149.31,APPROVED,2026-06-30 18:39:48.036829,
TXN00001750,CARD000025,PURCHASE,BigBasket,67311.6,APPROVED,2026-07-18 21:19:48.036829,
TXN00001751,CARD000030,PURCHASE,Tata CLiQ,51075.35,APPROVED,2026-06-04 23:24:48.036829,
TXN00001752,ACC0000308,PURCHASE,Flipkart,53454.73,APPROVED,2026-04-04 13:37:48.036829,
TXN00001753,ACC0000316,PURCHASE,IRCTC,59934.86,APPROVED,2026-04-04 14:04:48.036829,
TXN00001754,ACC0000386,WITHDRAWAL,Myntra,49858.21,APPROVED,2026-04-13 08:31:48.036829,
TXN00001755,CARD000170,PURCHASE,Flipkart,48927.77,DECLINED,2026-07-10 00:09:48.036829,INSUFFICIENT_CREDIT_LIMIT
TXN00001756,ACC0000224,PAYMENT,MakeMyTrip,41016.04,APPROVED,2026-05-25 04:55:48.036829,
TXN00001757,ACC0000255,TRANSFER,Uber,63624.76,APPROVED,2026-05-30 07:29:48.036829,
TXN00001758,ACC0000550,PURCHASE,BookMyShow,49925.32,APPROVED,2026-05-29 04:08:48.036829,
TXN00001759,CARD000189,PURCHASE,Amazon India,66144.44,APPROVED,2026-07-14 03:32:48.036829,
TXN00001760,ACC0000522,PAYMENT,Nykaa,48902.67,APPROVED,2026-06-04 14:52:48.036829,
TXN00001761,CARD000231,PURCHASE,BigBasket,43642.04,APPROVED,2026-06-25 05:52:48.036829,
TXN00001762,ACC0000518,WITHDRAWAL,Apollo Pharmacy,73129.1,DECLINED,2026-06-23 14:08:48.036829,DAILY_LIMIT_EXCEEDED
TXN00001763,ACC0000010,PAYMENT,Uber,69997.19,APPROVED,2026-07-19 03:05:48.036829,
TXN00001764,CARD000074,PURCHASE,Apollo Pharmacy,60917.05,APPROVED,2026-04-18 04:36:48.036829,
TXN00001765,CARD000002,PURCHASE,Ola,13699.76,APPROVED,2026-07-07 22:12:48.036829,
TXN00001766,CARD000007,PURCHASE,Amazon India,13729.18,APPROVED,2026-07-12 13:21:48.036829,
TXN00001767,CARD000169,PURCHASE,Ola,23614.78,APPROVED,2026-05-16 16:51:48.036829,
TXN00001768,CARD000097,PURCHASE,Myntra,63918.12,DECLINED,2026-05-19 23:57:48.036829,CARD_BLOCKED
TXN00001769,CARD000181,PURCHASE,Croma,4255.4,DECLINED,2026-04-08 00:41:48.036829,EXPIRED_CARD
TXN00001770,CARD000297,PURCHASE,Ola,37440.6,APPROVED,2026-05-29 20:59:48.036829,
TXN00001771,ACC0000134,TRANSFER,Jio Recharge,48951.08,APPROVED,2026-04-29 15:38:48.036829,
TXN00001772,ACC0000331,WITHDRAWAL,BigBasket,62263.08,APPROVED,2026-07-20 14:07:48.036829,
TXN00001773,ACC0000260,PAYMENT,Myntra,39971.27,APPROVED,2026-06-02 18:32:48.036829,
TXN00001774,CARD000249,PURCHASE,Zomato,1464.59,APPROVED,2026-05-31 12:01:48.036829,
TXN00001775,ACC0000105,TRANSFER,Ola,15941.69,APPROVED,2026-06-16 04:53:48.036829,
TXN00001776,ACC0000236,PAYMENT,Zomato,65550.91,APPROVED,2026-06-03 13:39:48.036829,
TXN00001777,ACC0000097,PURCHASE,Ola,25715.48,APPROVED,2026-05-07 12:10:48.036829,
TXN00001778,ACC0000192,DEPOSIT,Reliance Digital,7355.72,APPROVED,2026-06-01 10:50:48.036829,
TXN00001779,CARD000072,PURCHASE,Reliance Digital,64214.26,APPROVED,2026-06-11 03:52:48.036829,
TXN00001780,ACC0000689,PAYMENT,Zomato,58293.4,APPROVED,2026-06-27 10:18:48.036829,
TXN00001781,ACC0000039,TRANSFER,Uber,4583.07,APPROVED,2026-05-08 04:20:48.036829,
TXN00001782,ACC0000169,DEPOSIT,Apollo Pharmacy,67459.9,PENDING,2026-04-02 07:22:48.036829,
TXN00001783,CARD000153,PURCHASE,BigBasket,31714.06,APPROVED,2026-05-03 14:25:48.036829,
TXN00001784,CARD000217,PURCHASE,Ola,8681.3,APPROVED,2026-05-08 12:44:48.036829,
TXN00001785,CARD000064,PURCHASE,Croma,27826.57,PENDING,2026-07-03 10:29:48.036829,
TXN00001786,ACC0000564,TRANSFER,Amazon India,22083.33,APPROVED,2026-03-31 21:59:48.036829,
TXN00001787,ACC0000128,DEPOSIT,Reliance Digital,54392.36,APPROVED,2026-05-26 03:47:48.036829,
TXN00001788,ACC0000182,TRANSFER,Myntra,5232.69,APPROVED,2026-06-26 13:08:48.036829,
TXN00001789,ACC0000438,PAYMENT,Jio Recharge,37685.36,DECLINED,2026-06-29 09:47:48.036829,DAILY_LIMIT_EXCEEDED
TXN00001790,ACC0000587,TRANSFER,MakeMyTrip,71324.65,APPROVED,2026-06-19 03:48:48.036829,
TXN00001791,ACC0000425,WITHDRAWAL,Reliance Digital,70705.53,APPROVED,2026-07-13 18:29:48.036829,
TXN00001792,ACC0000284,PAYMENT,Zomato,64110.02,APPROVED,2026-06-06 14:22:48.036829,
TXN00001793,CARD000157,PURCHASE,BookMyShow,26195.83,APPROVED,2026-07-08 01:16:48.036829,
TXN00001794,CARD000145,PURCHASE,Zomato,16063.53,APPROVED,2026-04-17 04:03:48.036829,
TXN00001795,CARD000065,PURCHASE,Uber,34036.35,APPROVED,2026-06-19 21:52:48.036829,
TXN00001796,CARD000110,PURCHASE,Apollo Pharmacy,9467.5,APPROVED,2026-04-16 22:14:48.036829,
TXN00001797,ACC0000476,DEPOSIT,BookMyShow,21067.52,DECLINED,2026-05-04 14:34:48.036829,INVALID_PIN
TXN00001798,CARD000091,PURCHASE,Uber,59199.97,APPROVED,2026-07-04 04:37:48.036829,
TXN00001799,ACC0000116,TRANSFER,BigBasket,52900.74,APPROVED,2026-05-03 06:37:48.036829,
TXN00001800,CARD000119,PURCHASE,Swiggy,27908.18,DECLINED,2026-04-30 23:36:48.036829,EXPIRED_CARD
TXN00001801,ACC0000615,TRANSFER,Nykaa,60321.97,APPROVED,2026-05-23 18:11:48.036829,
TXN00001802,CARD000030,PURCHASE,Uber,24868.85,APPROVED,2026-05-10 23:11:48.036829,
TXN00001803,CARD000210,PURCHASE,Swiggy,404.53,APPROVED,2026-07-03 04:13:48.036829,
TXN00001804,ACC0000531,TRANSFER,BigBasket,35936.57,APPROVED,2026-07-16 12:14:48.036829,
TXN00001805,ACC0000027,TRANSFER,MakeMyTrip,3125.59,APPROVED,2026-06-21 13:55:48.036829,
TXN00001806,ACC0000487,TRANSFER,Ola,38940.64,APPROVED,2026-07-06 19:37:48.036829,
TXN00001807,CARD000195,PURCHASE,Jio Recharge,38547.93,APPROVED,2026-07-17 11:42:48.036829,
TXN00001808,CARD000127,PURCHASE,Ola,52906.6,DECLINED,2026-07-08 21:56:48.036829,CARD_BLOCKED
TXN00001809,CARD000107,PURCHASE,DMart,48149.99,APPROVED,2026-06-02 17:19:48.036829,
TXN00001810,CARD000097,PURCHASE,BigBasket,29949.73,APPROVED,2026-07-13 21:53:48.036829,
TXN00001811,CARD000231,PURCHASE,BigBasket,6143.75,APPROVED,2026-04-22 14:33:48.036829,
TXN00001812,CARD000296,PURCHASE,Nykaa,16701.26,APPROVED,2026-06-15 06:59:48.036829,
TXN00001813,CARD000255,PURCHASE,IRCTC,63998.95,DECLINED,2026-07-02 01:22:48.036829,SUSPECTED_FRAUD
TXN00001814,ACC0000092,WITHDRAWAL,Apollo Pharmacy,33769.54,APPROVED,2026-06-27 21:50:48.036829,
TXN00001815,ACC0000201,TRANSFER,Amazon India,52009.18,DECLINED,2026-07-05 02:43:48.036829,INSUFFICIENT_FUNDS
TXN00001816,CARD000133,PURCHASE,Swiggy,10499.24,APPROVED,2026-07-20 09:10:48.036829,
TXN00001817,CARD000045,PURCHASE,Zomato,14596.58,APPROVED,2026-05-19 02:57:48.036829,
TXN00001818,ACC0000573,WITHDRAWAL,Flipkart,11148.64,APPROVED,2026-04-19 18:34:48.036829,
TXN00001819,CARD000077,PURCHASE,MakeMyTrip,4804.24,APPROVED,2026-05-29 10:05:48.036829,
TXN00001820,CARD000296,PURCHASE,Croma,5411.73,APPROVED,2026-05-29 07:50:48.036829,
TXN00001821,CARD000057,PURCHASE,Jio Recharge,68093.62,APPROVED,2026-04-21 16:15:48.036829,
TXN00001822,CARD000029,PURCHASE,Swiggy,7014.94,APPROVED,2026-06-16 19:25:48.036829,
TXN00001823,CARD000191,PURCHASE,BigBasket,44138.91,DECLINED,2026-07-22 18:22:48.036829,EXPIRED_CARD
TXN00001824,CARD000091,PURCHASE,IRCTC,62177.96,APPROVED,2026-05-05 20:47:48.036829,
TXN00001825,CARD000106,PURCHASE,Myntra,30301.7,APPROVED,2026-05-11 04:20:48.036829,
TXN00001826,ACC0000123,TRANSFER,DMart,66213.84,APPROVED,2026-04-30 14:40:48.036829,
TXN00001827,ACC0000075,PAYMENT,Amazon India,72960.35,DECLINED,2026-05-13 06:18:48.036829,ACCOUNT_FROZEN
TXN00001828,ACC0000450,DEPOSIT,Reliance Digital,15007.48,APPROVED,2026-07-16 02:12:48.036829,
TXN00001829,CARD000020,PURCHASE,Reliance Digital,13160.63,APPROVED,2026-05-14 10:59:48.036829,
TXN00001830,ACC0000533,TRANSFER,Jio Recharge,58569.07,APPROVED,2026-05-09 21:47:48.036829,
TXN00001831,CARD000255,PURCHASE,Reliance Digital,39721.93,APPROVED,2026-07-18 03:47:48.036829,
TXN00001832,CARD000134,PURCHASE,DMart,2838.19,APPROVED,2026-04-14 07:23:48.036829,
TXN00001833,ACC0000236,WITHDRAWAL,Nykaa,22367.72,DECLINED,2026-06-24 18:20:48.036829,INVALID_PIN
TXN00001834,CARD000173,PURCHASE,Ola,58823.67,APPROVED,2026-04-05 14:00:48.036829,
TXN00001835,ACC0000620,PURCHASE,Reliance Digital,48657.15,APPROVED,2026-04-24 13:12:48.036829,
TXN00001836,CARD000138,PURCHASE,Amazon India,45154.8,APPROVED,2026-06-12 20:49:48.036829,
TXN00001837,ACC0000177,PURCHASE,IRCTC,12387.5,APPROVED,2026-07-25 20:30:48.036829,
TXN00001838,CARD000186,PURCHASE,MakeMyTrip,38590.43,APPROVED,2026-03-29 03:06:48.036829,
TXN00001839,CARD000010,PURCHASE,BookMyShow,24663.24,APPROVED,2026-06-25 07:31:48.036829,
TXN00001840,ACC0000066,TRANSFER,DMart,18873.07,APPROVED,2026-07-06 11:25:48.036829,
TXN00001841,ACC0000670,PURCHASE,Uber,15286.21,APPROVED,2026-04-09 10:43:48.036829,
TXN00001842,ACC0000061,DEPOSIT,Swiggy,63997.54,DECLINED,2026-06-29 11:09:48.036829,INVALID_PIN
TXN00001843,ACC0000345,PURCHASE,Apollo Pharmacy,13636.95,APPROVED,2026-05-26 18:20:48.036829,
TXN00001844,CARD000181,PURCHASE,Uber,66336.46,APPROVED,2026-05-28 06:58:48.036829,
TXN00001845,ACC0000447,WITHDRAWAL,MakeMyTrip,15612.52,APPROVED,2026-05-22 11:45:48.036829,
TXN00001846,CARD000269,PURCHASE,IRCTC,5834.5,APPROVED,2026-06-22 13:37:48.036829,
TXN00001847,ACC0000254,PURCHASE,Zomato,16548.02,APPROVED,2026-04-05 16:17:48.036829,
TXN00001848,CARD000222,PURCHASE,Swiggy,58356.89,APPROVED,2026-04-26 03:59:48.036829,
TXN00001849,CARD000016,PURCHASE,IRCTC,43692.56,DECLINED,2026-04-25 21:12:48.036829,MERCHANT_NOT_SUPPORTED
TXN00001850,CARD000198,PURCHASE,IRCTC,51720.95,DECLINED,2026-04-11 17:23:48.036829,INSUFFICIENT_CREDIT_LIMIT
TXN00001851,ACC0000656,TRANSFER,BookMyShow,47002.87,APPROVED,2026-05-22 15:31:48.036829,
TXN00001852,ACC0000476,DEPOSIT,Apollo Pharmacy,12403.43,APPROVED,2026-04-24 08:08:48.036829,
TXN00001853,CARD000133,PURCHASE,Nykaa,2369.02,APPROVED,2026-04-23 21:41:48.036829,
TXN00001854,CARD000115,PURCHASE,Reliance Digital,70545.63,PENDING,2026-06-05 05:04:48.036829,
TXN00001855,ACC0000064,WITHDRAWAL,Croma,23489.12,APPROVED,2026-05-16 07:15:48.036829,
TXN00001856,CARD000207,PURCHASE,DMart,49107.97,APPROVED,2026-05-20 18:14:48.036829,
TXN00001857,ACC0000667,WITHDRAWAL,Ola,74682.16,APPROVED,2026-04-26 01:05:48.036829,
TXN00001858,ACC0000290,PAYMENT,BigBasket,20197.65,APPROVED,2026-04-15 01:03:48.036829,
TXN00001859,ACC0000008,PURCHASE,DMart,63651.6,APPROVED,2026-05-22 00:23:48.036829,
TXN00001860,ACC0000126,TRANSFER,Tata CLiQ,20417.88,APPROVED,2026-04-05 10:52:48.036829,
TXN00001861,ACC0000568,TRANSFER,Nykaa,62888.23,APPROVED,2026-06-03 05:21:48.036829,
TXN00001862,ACC0000164,PURCHASE,Myntra,73113.47,APPROVED,2026-05-18 03:29:48.036829,
TXN00001863,CARD000145,PURCHASE,MakeMyTrip,32017.77,APPROVED,2026-05-07 00:51:48.036829,
TXN00001864,ACC0000346,TRANSFER,Zomato,56061.25,DECLINED,2026-06-29 15:15:48.036829,SUSPECTED_FRAUD
TXN00001865,CARD000263,PURCHASE,Tata CLiQ,66261.59,APPROVED,2026-07-25 15:43:48.036829,
TXN00001866,CARD000075,PURCHASE,Nykaa,37983.78,APPROVED,2026-05-01 10:14:48.036829,
TXN00001867,CARD000269,PURCHASE,DMart,61484.95,APPROVED,2026-05-02 06:55:48.036829,
TXN00001868,ACC0000577,PAYMENT,IRCTC,37851.73,APPROVED,2026-04-15 16:52:48.036829,
TXN00001869,ACC0000212,WITHDRAWAL,Nykaa,372.63,APPROVED,2026-05-15 18:38:48.036829,
TXN00001870,ACC0000284,DEPOSIT,Croma,3397.01,APPROVED,2026-04-27 16:13:48.036829,
TXN00001871,ACC0000654,TRANSFER,Nykaa,28055.86,APPROVED,2026-06-28 21:54:48.036829,
TXN00001872,ACC0000318,PURCHASE,Zomato,20309.61,APPROVED,2026-05-20 22:50:48.036829,
TXN00001873,ACC0000101,PURCHASE,Myntra,932.72,APPROVED,2026-04-28 20:38:48.036829,
TXN00001874,ACC0000197,PAYMENT,Amazon India,3820.82,APPROVED,2026-05-28 04:38:48.036829,
TXN00001875,ACC0000412,PURCHASE,IRCTC,9608.44,APPROVED,2026-05-24 01:07:48.036829,
TXN00001876,ACC0000496,WITHDRAWAL,Nykaa,28204.08,APPROVED,2026-06-03 00:51:48.036829,
TXN00001877,CARD000048,PURCHASE,Jio Recharge,37835.67,APPROVED,2026-06-13 01:53:48.036829,
TXN00001878,CARD000149,PURCHASE,MakeMyTrip,19253.28,APPROVED,2026-07-25 08:22:48.036829,
TXN00001879,ACC0000656,PAYMENT,Amazon India,18418.61,APPROVED,2026-07-19 14:10:48.036829,
TXN00001880,ACC0000684,TRANSFER,Amazon India,66639.64,APPROVED,2026-04-09 22:41:48.036829,
TXN00001881,ACC0000008,PURCHASE,Uber,22842.6,DECLINED,2026-04-05 04:59:48.036829,DAILY_LIMIT_EXCEEDED
TXN00001882,ACC0000308,WITHDRAWAL,Myntra,29362.78,APPROVED,2026-04-06 22:50:48.036829,
TXN00001883,CARD000277,PURCHASE,Tata CLiQ,58020.74,APPROVED,2026-07-18 21:59:48.036829,
TXN00001884,ACC0000100,TRANSFER,Uber,16685.42,APPROVED,2026-07-16 04:54:48.036829,
TXN00001885,ACC0000043,TRANSFER,Tata CLiQ,22976.22,DECLINED,2026-04-27 23:38:48.036829,ACCOUNT_FROZEN
TXN00001886,ACC0000527,DEPOSIT,Nykaa,58683.98,APPROVED,2026-06-30 03:36:48.036829,
TXN00001887,ACC0000658,TRANSFER,BigBasket,50571.19,DECLINED,2026-06-27 17:11:48.036829,INSUFFICIENT_FUNDS
TXN00001888,ACC0000367,TRANSFER,Myntra,58087.71,DECLINED,2026-04-21 17:27:48.036829,INSUFFICIENT_FUNDS
TXN00001889,ACC0000269,PURCHASE,Zomato,57748.62,DECLINED,2026-07-02 03:21:48.036829,SUSPECTED_FRAUD
TXN00001890,CARD000165,PURCHASE,Uber,59111.19,DECLINED,2026-07-01 12:38:48.036829,SUSPECTED_FRAUD
TXN00001891,CARD000293,PURCHASE,Amazon India,61588.13,APPROVED,2026-06-06 07:42:48.036829,
TXN00001892,ACC0000581,DEPOSIT,Swiggy,65059.07,APPROVED,2026-04-21 17:00:48.036829,
TXN00001893,ACC0000196,PURCHASE,Ola,58179.77,APPROVED,2026-05-28 18:25:48.036829,
TXN00001894,CARD000184,PURCHASE,Zomato,44945.91,PENDING,2026-04-20 09:46:48.036829,
TXN00001895,ACC0000238,PAYMENT,MakeMyTrip,72991.82,APPROVED,2026-05-28 06:52:48.036829,
TXN00001896,CARD000262,PURCHASE,Zomato,24225.42,APPROVED,2026-06-16 22:01:48.036829,
TXN00001897,ACC0000680,PURCHASE,Reliance Digital,45876.13,DECLINED,2026-04-12 17:06:48.036829,INSUFFICIENT_FUNDS
TXN00001898,CARD000109,PURCHASE,Flipkart,20663.21,APPROVED,2026-04-02 15:11:48.036829,
TXN00001899,ACC0000202,DEPOSIT,Myntra,31448.16,APPROVED,2026-03-28 00:36:48.036829,
TXN00001900,ACC0000472,TRANSFER,Swiggy,31868.66,APPROVED,2026-05-10 14:23:48.036829,
TXN00001901,ACC0000431,PAYMENT,Tata CLiQ,27327.05,APPROVED,2026-06-04 17:17:48.036829,
TXN00001902,CARD000221,PURCHASE,Zomato,56695.93,APPROVED,2026-04-19 20:06:48.036829,
TXN00001903,ACC0000593,WITHDRAWAL,BigBasket,67314.55,APPROVED,2026-05-16 22:46:48.036829,
TXN00001904,ACC0000033,WITHDRAWAL,BigBasket,36362.92,APPROVED,2026-04-03 23:53:48.036829,
TXN00001905,ACC0000226,TRANSFER,Tata CLiQ,36785.64,APPROVED,2026-03-31 19:02:48.036829,
TXN00001906,CARD000136,PURCHASE,Uber,18522.1,APPROVED,2026-06-08 07:11:48.036829,
TXN00001907,ACC0000310,DEPOSIT,Zomato,45806.43,APPROVED,2026-04-13 05:45:48.036829,
TXN00001908,ACC0000139,PAYMENT,Flipkart,203.72,APPROVED,2026-06-16 11:06:48.036829,
TXN00001909,CARD000255,PURCHASE,Swiggy,25669.25,APPROVED,2026-05-09 15:45:48.036829,
TXN00001910,ACC0000617,DEPOSIT,Apollo Pharmacy,3302.17,APPROVED,2026-06-19 16:19:48.036829,
TXN00001911,ACC0000413,WITHDRAWAL,BookMyShow,34110.96,APPROVED,2026-07-20 16:28:48.036829,
TXN00001912,ACC0000094,TRANSFER,DMart,74277.42,DECLINED,2026-06-16 00:00:48.036829,ACCOUNT_FROZEN
TXN00001913,ACC0000187,PURCHASE,Nykaa,72820.98,APPROVED,2026-05-20 05:14:48.036829,
TXN00001914,ACC0000456,PURCHASE,Flipkart,5428.1,APPROVED,2026-07-25 15:51:48.036829,
TXN00001915,ACC0000614,PAYMENT,Myntra,61497.58,APPROVED,2026-05-03 09:22:48.036829,
TXN00001916,ACC0000107,PAYMENT,MakeMyTrip,29406.38,APPROVED,2026-06-28 00:50:48.036829,
TXN00001917,ACC0000165,PAYMENT,Apollo Pharmacy,15960.37,DECLINED,2026-06-10 10:39:48.036829,INSUFFICIENT_FUNDS
TXN00001918,ACC0000700,WITHDRAWAL,Nykaa,49048.22,APPROVED,2026-07-22 00:13:48.036829,
TXN00001919,ACC0000462,WITHDRAWAL,Amazon India,8047.22,APPROVED,2026-06-19 09:41:48.036829,
TXN00001920,ACC0000166,PAYMENT,Reliance Digital,73803.47,APPROVED,2026-05-17 12:20:48.036829,
TXN00001921,ACC0000225,TRANSFER,BigBasket,31349.98,APPROVED,2026-06-17 21:31:48.036829,
TXN00001922,ACC0000238,WITHDRAWAL,Apollo Pharmacy,41898.73,PENDING,2026-03-29 10:49:48.036829,
TXN00001923,ACC0000045,PURCHASE,Amazon India,29241.88,APPROVED,2026-05-24 09:33:48.036829,
TXN00001924,CARD000212,PURCHASE,Amazon India,57853.23,APPROVED,2026-05-20 05:15:48.036829,
TXN00001925,ACC0000281,DEPOSIT,Nykaa,55086.72,APPROVED,2026-06-03 14:23:48.036829,
TXN00001926,ACC0000635,DEPOSIT,Ola,987.75,APPROVED,2026-05-01 06:02:48.036829,
TXN00001927,ACC0000468,TRANSFER,Tata CLiQ,41070.3,APPROVED,2026-05-08 14:42:48.036829,
TXN00001928,CARD000278,PURCHASE,Apollo Pharmacy,31534.66,DECLINED,2026-05-31 14:43:48.036829,CARD_BLOCKED
TXN00001929,CARD000161,PURCHASE,BigBasket,38541.13,DECLINED,2026-04-13 06:09:48.036829,EXPIRED_CARD
TXN00001930,ACC0000533,WITHDRAWAL,Jio Recharge,20417.25,APPROVED,2026-06-17 07:37:48.036829,
TXN00001931,ACC0000215,PAYMENT,Myntra,1873.75,DECLINED,2026-04-28 00:36:48.036829,INVALID_PIN
TXN00001932,ACC0000453,TRANSFER,BookMyShow,760.78,APPROVED,2026-04-23 13:38:48.036829,
TXN00001933,CARD000268,PURCHASE,Flipkart,63163.16,APPROVED,2026-04-26 19:50:48.036829,
TXN00001934,CARD000098,PURCHASE,Myntra,41613.42,DECLINED,2026-05-20 10:28:48.036829,INCORRECT_CVV
TXN00001935,ACC0000564,DEPOSIT,BigBasket,28208.22,APPROVED,2026-07-21 17:47:48.036829,
TXN00001936,CARD000214,PURCHASE,IRCTC,34834.78,APPROVED,2026-06-09 06:55:48.036829,
TXN00001937,ACC0000592,PAYMENT,Zomato,22997.66,APPROVED,2026-06-20 03:57:48.036829,
TXN00001938,ACC0000109,PURCHASE,Myntra,59220.11,APPROVED,2026-04-01 07:48:48.036829,
TXN00001939,ACC0000604,WITHDRAWAL,Swiggy,28430.31,DECLINED,2026-07-07 11:08:48.036829,SUSPECTED_FRAUD
TXN00001940,ACC0000149,WITHDRAWAL,IRCTC,37971.16,APPROVED,2026-04-07 13:47:48.036829,
TXN00001941,ACC0000272,PAYMENT,BookMyShow,46550.02,APPROVED,2026-05-24 11:34:48.036829,
TXN00001942,ACC0000234,TRANSFER,IRCTC,18835.24,APPROVED,2026-06-03 09:18:48.036829,
TXN00001943,ACC0000442,DEPOSIT,Myntra,9166.43,DECLINED,2026-03-27 14:02:48.036829,SUSPECTED_FRAUD
TXN00001944,ACC0000504,PURCHASE,Zomato,28701.32,DECLINED,2026-06-19 04:28:48.036829,SUSPECTED_FRAUD
TXN00001945,CARD000297,PURCHASE,IRCTC,45414.69,DECLINED,2026-06-13 10:59:48.036829,CARD_BLOCKED
TXN00001946,ACC0000094,PAYMENT,DMart,8446.44,APPROVED,2026-04-02 20:01:48.036829,
TXN00001947,CARD000185,PURCHASE,Croma,61735.18,APPROVED,2026-04-01 01:59:48.036829,
TXN00001948,ACC0000514,TRANSFER,Jio Recharge,46710.77,APPROVED,2026-04-05 01:06:48.036829,
TXN00001949,ACC0000077,PURCHASE,IRCTC,63268.28,DECLINED,2026-04-08 19:41:48.036829,DAILY_LIMIT_EXCEEDED
TXN00001950,ACC0000005,PURCHASE,Jio Recharge,71554.26,APPROVED,2026-04-18 22:05:48.036829,
TXN00001951,ACC0000062,TRANSFER,IRCTC,13254.03,APPROVED,2026-06-03 01:50:48.036829,
TXN00001952,CARD000251,PURCHASE,DMart,20292.03,APPROVED,2026-05-26 01:59:48.036829,
TXN00001953,CARD000007,PURCHASE,Swiggy,8301.52,APPROVED,2026-05-16 12:06:48.036829,
TXN00001954,ACC0000355,PAYMENT,Uber,37258.42,APPROVED,2026-04-20 22:26:48.036829,
TXN00001955,CARD000040,PURCHASE,DMart,7028.71,APPROVED,2026-06-29 21:57:48.036829,
TXN00001956,CARD000202,PURCHASE,Myntra,40669.82,APPROVED,2026-05-19 20:27:48.036829,
TXN00001957,ACC0000378,TRANSFER,BigBasket,59324.09,APPROVED,2026-07-11 05:42:48.036829,
TXN00001958,ACC0000549,PURCHASE,Myntra,27345.53,APPROVED,2026-05-22 16:01:48.036829,
TXN00001959,CARD000186,PURCHASE,Nykaa,33079.49,APPROVED,2026-06-17 08:07:48.036829,
TXN00001960,CARD000213,PURCHASE,Uber,57960.23,PENDING,2026-04-09 16:36:48.036829,
TXN00001961,CARD000016,PURCHASE,BigBasket,49361.67,APPROVED,2026-06-11 02:51:48.036829,
TXN00001962,ACC0000421,PURCHASE,Zomato,39402.78,APPROVED,2026-05-18 13:45:48.036829,
TXN00001963,ACC0000350,DEPOSIT,Flipkart,43006.91,APPROVED,2026-07-11 07:38:48.036829,
TXN00001964,ACC0000356,TRANSFER,IRCTC,36808.05,DECLINED,2026-04-16 01:21:48.036829,INVALID_PIN
TXN00001965,ACC0000023,WITHDRAWAL,BigBasket,25260.16,APPROVED,2026-05-29 21:02:48.036829,
TXN00001966,CARD000156,PURCHASE,Croma,54978.73,APPROVED,2026-06-01 21:32:48.036829,
TXN00001967,CARD000006,PURCHASE,Reliance Digital,21787.87,APPROVED,2026-06-14 13:23:48.036829,
TXN00001968,CARD000023,PURCHASE,Zomato,61109.05,APPROVED,2026-04-13 17:12:48.036829,
TXN00001969,ACC0000150,DEPOSIT,Apollo Pharmacy,42177.84,APPROVED,2026-05-09 20:04:48.036829,
TXN00001970,CARD000194,PURCHASE,Ola,37247.26,APPROVED,2026-05-04 04:39:48.036829,
TXN00001971,ACC0000520,DEPOSIT,Apollo Pharmacy,59966.06,DECLINED,2026-05-26 04:35:48.036829,ACCOUNT_FROZEN
TXN00001972,CARD000060,PURCHASE,MakeMyTrip,54950.89,APPROVED,2026-05-29 12:29:48.036829,
TXN00001973,CARD000248,PURCHASE,Tata CLiQ,29218.88,DECLINED,2026-03-29 15:08:48.036829,EXPIRED_CARD
TXN00001974,ACC0000544,PURCHASE,IRCTC,63122.85,DECLINED,2026-07-01 18:57:48.036829,INSUFFICIENT_FUNDS
TXN00001975,CARD000069,PURCHASE,MakeMyTrip,74214.39,APPROVED,2026-04-28 16:23:48.036829,
TXN00001976,ACC0000207,WITHDRAWAL,Croma,26919.2,APPROVED,2026-05-15 14:02:48.036829,
TXN00001977,ACC0000420,TRANSFER,DMart,31895.65,APPROVED,2026-05-16 01:47:48.036829,
TXN00001978,CARD000290,PURCHASE,Ola,17552.7,DECLINED,2026-04-21 08:10:48.036829,INSUFFICIENT_CREDIT_LIMIT
TXN00001979,CARD000057,PURCHASE,Amazon India,27921.0,DECLINED,2026-07-21 19:15:48.036829,INCORRECT_CVV
TXN00001980,ACC0000416,DEPOSIT,Flipkart,63783.71,APPROVED,2026-06-27 13:57:48.036829,
TXN00001981,ACC0000531,DEPOSIT,Apollo Pharmacy,12309.91,APPROVED,2026-04-14 20:17:48.036829,
TXN00001982,ACC0000016,PURCHASE,Ola,55743.15,APPROVED,2026-07-25 03:05:48.036829,
TXN00001983,CARD000298,PURCHASE,Apollo Pharmacy,14136.55,APPROVED,2026-05-19 18:13:48.036829,
TXN00001984,ACC0000093,PAYMENT,BigBasket,17637.71,APPROVED,2026-06-15 15:59:48.036829,
TXN00001985,ACC0000492,PURCHASE,DMart,31466.53,DECLINED,2026-07-18 14:00:48.036829,ACCOUNT_FROZEN
TXN00001986,CARD000193,PURCHASE,Myntra,40503.2,APPROVED,2026-05-14 03:38:48.036829,
TXN00001987,ACC0000178,TRANSFER,Myntra,41098.59,APPROVED,2026-05-20 05:10:48.036829,
TXN00001988,ACC0000567,PAYMENT,Tata CLiQ,69975.69,APPROVED,2026-05-11 10:20:48.036829,
TXN00001989,ACC0000275,TRANSFER,Amazon India,60533.13,APPROVED,2026-05-05 11:29:48.036829,
TXN00001990,ACC0000194,WITHDRAWAL,Nykaa,10674.98,APPROVED,2026-06-23 08:56:48.036829,
TXN00001991,ACC0000639,PURCHASE,Croma,1637.87,APPROVED,2026-06-23 13:19:48.036829,
TXN00001992,CARD000194,PURCHASE,IRCTC,22062.48,DECLINED,2026-04-30 07:25:48.036829,EXPIRED_CARD
TXN00001993,ACC0000452,PAYMENT,BookMyShow,63859.6,APPROVED,2026-04-06 21:25:48.036829,
TXN00001994,CARD000209,PURCHASE,Swiggy,53554.16,APPROVED,2026-06-29 12:25:48.036829,
TXN00001995,CARD000184,PURCHASE,Amazon India,1270.8,APPROVED,2026-06-12 05:02:48.036829,
TXN00001996,CARD000078,PURCHASE,Jio Recharge,35608.83,APPROVED,2026-05-19 02:13:48.036829,
TXN00001997,ACC0000439,TRANSFER,BigBasket,50226.98,APPROVED,2026-05-10 18:32:48.036829,
TXN00001998,CARD000291,PURCHASE,Ola,398.92,APPROVED,2026-03-28 18:39:48.036829,
TXN00001999,CARD000178,PURCHASE,BookMyShow,61263.6,APPROVED,2026-05-24 16:41:48.036829,
TXN00002000,CARD000060,PURCHASE,Croma,50173.13,APPROVED,2026-07-07 23:34:48.036829,
TXN00002001,ACC0000090,WITHDRAWAL,Apollo Pharmacy,11139.07,APPROVED,2026-06-15 22:59:48.036829,
TXN00002002,ACC0000154,WITHDRAWAL,Tata CLiQ,54314.14,APPROVED,2026-07-03 13:23:48.036829,
TXN00002003,ACC0000126,PURCHASE,BookMyShow,63565.68,APPROVED,2026-04-23 02:48:48.036829,
TXN00002004,ACC0000131,PURCHASE,Myntra,15284.11,DECLINED,2026-07-18 13:27:48.036829,ACCOUNT_FROZEN
TXN00002005,ACC0000451,WITHDRAWAL,Myntra,24480.25,APPROVED,2026-06-10 22:01:48.036829,
TXN00002006,ACC0000104,WITHDRAWAL,Zomato,33483.58,DECLINED,2026-07-22 14:31:48.036829,DAILY_LIMIT_EXCEEDED
TXN00002007,ACC0000134,TRANSFER,Zomato,66200.51,APPROVED,2026-04-28 02:09:48.036829,
TXN00002008,ACC0000090,DEPOSIT,Flipkart,9497.04,APPROVED,2026-05-17 13:26:48.036829,
TXN00002009,ACC0000275,DEPOSIT,Jio Recharge,18381.1,APPROVED,2026-05-24 21:21:48.036829,
TXN00002010,ACC0000684,TRANSFER,Zomato,73033.75,APPROVED,2026-04-15 18:22:48.036829,
TXN00002011,ACC0000479,PAYMENT,DMart,45507.35,APPROVED,2026-05-14 19:30:48.036829,
TXN00002012,ACC0000440,PURCHASE,Myntra,41920.44,APPROVED,2026-03-31 09:32:48.036829,
TXN00002013,ACC0000032,PAYMENT,Croma,38065.42,APPROVED,2026-04-06 20:50:48.036829,
TXN00002014,CARD000117,PURCHASE,Ola,29714.13,APPROVED,2026-05-11 00:45:48.036829,
TXN00002015,ACC0000335,TRANSFER,Reliance Digital,10165.7,APPROVED,2026-05-12 12:05:48.036829,
TXN00002016,CARD000067,PURCHASE,Tata CLiQ,5608.61,APPROVED,2026-06-13 14:21:48.036829,
TXN00002017,ACC0000652,DEPOSIT,Nykaa,62879.97,DECLINED,2026-04-25 20:28:48.036829,SUSPECTED_FRAUD
TXN00002018,ACC0000323,TRANSFER,MakeMyTrip,1455.5,APPROVED,2026-05-28 15:10:48.036829,
TXN00002019,CARD000159,PURCHASE,Myntra,17049.25,APPROVED,2026-07-10 21:59:48.036829,
TXN00002020,CARD000026,PURCHASE,IRCTC,3531.91,APPROVED,2026-05-26 13:13:48.036829,
TXN00002021,ACC0000424,DEPOSIT,Flipkart,45950.49,APPROVED,2026-07-23 04:29:48.036829,
TXN00002022,CARD000076,PURCHASE,DMart,70939.42,APPROVED,2026-06-15 14:35:48.036829,
TXN00002023,CARD000295,PURCHASE,IRCTC,34355.83,APPROVED,2026-04-16 01:48:48.036829,
TXN00002024,CARD000293,PURCHASE,Uber,52312.74,APPROVED,2026-06-20 10:38:48.036829,
TXN00002025,CARD000154,PURCHASE,Uber,53742.01,APPROVED,2026-07-12 01:51:48.036829,
TXN00002026,CARD000080,PURCHASE,Nykaa,7938.53,APPROVED,2026-05-18 23:59:48.036829,
TXN00002027,ACC0000428,PAYMENT,Myntra,44532.61,APPROVED,2026-04-06 21:40:48.036829,
TXN00002028,CARD000106,PURCHASE,BigBasket,40966.84,APPROVED,2026-04-13 18:31:48.036829,
TXN00002029,ACC0000227,DEPOSIT,Croma,48435.0,APPROVED,2026-05-06 12:26:48.036829,
TXN00002030,ACC0000631,PAYMENT,Uber,41750.18,APPROVED,2026-04-03 19:35:48.036829,
TXN00002031,CARD000191,PURCHASE,Flipkart,61630.85,APPROVED,2026-06-01 07:14:48.036829,
TXN00002032,CARD000067,PURCHASE,Zomato,42910.89,APPROVED,2026-05-03 21:10:48.036829,
TXN00002033,CARD000189,PURCHASE,Jio Recharge,3981.5,DECLINED,2026-05-11 00:58:48.036829,INCORRECT_CVV
TXN00002034,CARD000265,PURCHASE,Myntra,60172.41,APPROVED,2026-05-26 22:20:48.036829,
TXN00002035,ACC0000074,WITHDRAWAL,Reliance Digital,70770.97,APPROVED,2026-07-02 06:32:48.036829,
TXN00002036,CARD000084,PURCHASE,Jio Recharge,27842.49,APPROVED,2026-05-08 10:44:48.036829,
TXN00002037,CARD000283,PURCHASE,Zomato,43527.24,PENDING,2026-04-28 06:19:48.036829,
TXN00002038,CARD000143,PURCHASE,IRCTC,59156.01,APPROVED,2026-04-21 05:13:48.036829,
TXN00002039,CARD000209,PURCHASE,Nykaa,8776.3,APPROVED,2026-07-26 03:09:48.036829,
TXN00002040,CARD000156,PURCHASE,Jio Recharge,13782.43,APPROVED,2026-05-21 02:52:48.036829,
TXN00002041,ACC0000315,PAYMENT,MakeMyTrip,52499.08,DECLINED,2026-04-26 19:40:48.036829,INSUFFICIENT_FUNDS
TXN00002042,ACC0000448,DEPOSIT,DMart,406.46,APPROVED,2026-04-26 09:24:48.036829,
TXN00002043,CARD000112,PURCHASE,Nykaa,43189.71,PENDING,2026-04-21 12:32:48.036829,
TXN00002044,CARD000174,PURCHASE,Amazon India,67775.2,APPROVED,2026-07-11 05:57:48.036829,
TXN00002045,CARD000032,PURCHASE,Flipkart,19194.76,DECLINED,2026-05-21 19:10:48.036829,CARD_BLOCKED
TXN00002046,ACC0000606,PURCHASE,BigBasket,39045.33,DECLINED,2026-06-12 15:10:48.036829,INSUFFICIENT_FUNDS
TXN00002047,CARD000162,PURCHASE,DMart,49340.14,APPROVED,2026-05-25 16:06:48.036829,
TXN00002048,ACC0000693,PURCHASE,Jio Recharge,16413.2,APPROVED,2026-04-06 05:44:48.036829,
TXN00002049,CARD000288,PURCHASE,Tata CLiQ,70123.09,DECLINED,2026-04-21 20:08:48.036829,SUSPECTED_FRAUD
TXN00002050,CARD000139,PURCHASE,Apollo Pharmacy,7949.34,APPROVED,2026-04-30 02:17:48.036829,
TXN00002051,ACC0000485,TRANSFER,Flipkart,28378.55,APPROVED,2026-04-02 06:13:48.036829,
TXN00002052,CARD000016,PURCHASE,Uber,61710.56,APPROVED,2026-07-20 12:36:48.036829,
TXN00002053,CARD000021,PURCHASE,Tata CLiQ,2833.88,DECLINED,2026-04-13 07:49:48.036829,MERCHANT_NOT_SUPPORTED
TXN00002054,ACC0000039,WITHDRAWAL,Jio Recharge,39803.61,APPROVED,2026-06-30 09:48:48.036829,
TXN00002055,ACC0000528,PURCHASE,IRCTC,34910.31,APPROVED,2026-07-08 20:44:48.036829,
TXN00002056,ACC0000170,DEPOSIT,Ola,47437.89,APPROVED,2026-06-11 13:31:48.036829,
TXN00002057,CARD000102,PURCHASE,Croma,14915.37,DECLINED,2026-05-18 20:08:48.036829,CARD_BLOCKED
TXN00002058,ACC0000097,DEPOSIT,BookMyShow,37186.84,APPROVED,2026-06-12 13:58:48.036829,
TXN00002059,ACC0000427,TRANSFER,Zomato,70574.55,APPROVED,2026-03-28 12:35:48.036829,
TXN00002060,CARD000006,PURCHASE,Apollo Pharmacy,39667.29,DECLINED,2026-07-12 22:25:48.036829,SUSPECTED_FRAUD
TXN00002061,CARD000153,PURCHASE,Swiggy,9298.06,DECLINED,2026-06-14 03:54:48.036829,EXPIRED_CARD
TXN00002062,CARD000124,PURCHASE,BookMyShow,42200.43,APPROVED,2026-04-20 05:44:48.036829,
TXN00002063,CARD000203,PURCHASE,Flipkart,65223.23,APPROVED,2026-05-14 19:59:48.036829,
TXN00002064,ACC0000684,WITHDRAWAL,BookMyShow,41110.54,APPROVED,2026-04-04 12:39:48.036829,
TXN00002065,ACC0000641,WITHDRAWAL,Tata CLiQ,36628.08,APPROVED,2026-06-20 22:25:48.036829,
TXN00002066,ACC0000448,DEPOSIT,Flipkart,1143.16,APPROVED,2026-06-30 09:04:48.036829,
TXN00002067,CARD000023,PURCHASE,Swiggy,21879.19,APPROVED,2026-04-14 23:10:48.036829,
TXN00002068,CARD000043,PURCHASE,Reliance Digital,43000.72,APPROVED,2026-04-08 15:22:48.036829,
TXN00002069,ACC0000321,WITHDRAWAL,Croma,27481.66,APPROVED,2026-05-21 11:26:48.036829,
TXN00002070,ACC0000628,DEPOSIT,DMart,26727.23,APPROVED,2026-05-07 10:29:48.036829,
TXN00002071,CARD000011,PURCHASE,MakeMyTrip,5281.15,PENDING,2026-05-13 13:37:48.036829,
TXN00002072,ACC0000579,PAYMENT,Zomato,18220.2,APPROVED,2026-05-31 03:17:48.036829,
TXN00002073,ACC0000466,DEPOSIT,Amazon India,30274.67,APPROVED,2026-04-26 15:08:48.036829,
TXN00002074,CARD000033,PURCHASE,Zomato,13117.58,APPROVED,2026-04-21 08:44:48.036829,
TXN00002075,ACC0000291,WITHDRAWAL,BookMyShow,29659.61,APPROVED,2026-05-30 14:13:48.036829,
TXN00002076,ACC0000043,PURCHASE,Nykaa,53317.72,APPROVED,2026-06-18 20:20:48.036829,
TXN00002077,ACC0000669,PAYMENT,Swiggy,37849.66,APPROVED,2026-06-30 01:15:48.036829,
TXN00002078,CARD000142,PURCHASE,IRCTC,30868.81,APPROVED,2026-04-02 12:51:48.036829,
TXN00002079,ACC0000473,PAYMENT,Apollo Pharmacy,52036.22,APPROVED,2026-04-23 01:33:48.036829,
TXN00002080,ACC0000490,DEPOSIT,Swiggy,69830.47,APPROVED,2026-07-04 06:02:48.036829,
TXN00002081,ACC0000696,PURCHASE,DMart,65564.04,DECLINED,2026-06-10 17:35:48.036829,INSUFFICIENT_FUNDS
TXN00002082,CARD000013,PURCHASE,Myntra,67834.4,DECLINED,2026-06-29 17:09:48.036829,CARD_BLOCKED
TXN00002083,CARD000284,PURCHASE,Swiggy,72350.57,APPROVED,2026-05-16 08:03:48.036829,
TXN00002084,ACC0000475,TRANSFER,Amazon India,73331.24,APPROVED,2026-06-10 08:16:48.036829,
TXN00002085,CARD000151,PURCHASE,Flipkart,27610.47,APPROVED,2026-05-04 15:01:48.036829,
TXN00002086,CARD000116,PURCHASE,Amazon India,63337.99,APPROVED,2026-03-31 20:56:48.036829,
TXN00002087,ACC0000202,TRANSFER,Amazon India,42449.18,APPROVED,2026-05-16 12:24:48.036829,
TXN00002088,CARD000043,PURCHASE,Ola,28325.01,APPROVED,2026-04-20 01:04:48.036829,
TXN00002089,CARD000020,PURCHASE,Uber,22964.39,APPROVED,2026-04-21 12:14:48.036829,
TXN00002090,CARD000114,PURCHASE,Flipkart,12129.16,APPROVED,2026-07-24 11:44:48.036829,
TXN00002091,ACC0000567,WITHDRAWAL,Ola,35570.17,APPROVED,2026-05-11 15:55:48.036829,
TXN00002092,ACC0000296,TRANSFER,Reliance Digital,37701.86,APPROVED,2026-06-22 13:04:48.036829,
TXN00002093,CARD000106,PURCHASE,MakeMyTrip,9911.49,APPROVED,2026-07-20 16:05:48.036829,
TXN00002094,CARD000013,PURCHASE,Zomato,63134.11,APPROVED,2026-05-01 21:54:48.036829,
TXN00002095,ACC0000472,PURCHASE,Apollo Pharmacy,66172.4,APPROVED,2026-05-20 19:47:48.036829,
TXN00002096,ACC0000318,DEPOSIT,Tata CLiQ,55646.58,APPROVED,2026-04-25 00:10:48.036829,
TXN00002097,CARD000115,PURCHASE,Tata CLiQ,1036.39,APPROVED,2026-04-13 22:46:48.036829,
TXN00002098,ACC0000479,DEPOSIT,IRCTC,54838.11,DECLINED,2026-07-14 10:14:48.036829,ACCOUNT_FROZEN
TXN00002099,ACC0000531,WITHDRAWAL,BigBasket,41055.29,APPROVED,2026-04-29 16:27:48.036829,
TXN00002100,CARD000019,PURCHASE,Nykaa,61779.09,APPROVED,2026-06-16 19:10:48.036829,
TXN00002101,ACC0000081,PURCHASE,Apollo Pharmacy,18997.44,APPROVED,2026-06-04 10:12:48.036829,
TXN00002102,ACC0000407,TRANSFER,Ola,52658.24,APPROVED,2026-05-28 17:15:48.036829,
TXN00002103,CARD000210,PURCHASE,Swiggy,71971.43,APPROVED,2026-04-10 13:24:48.036829,
TXN00002104,CARD000216,PURCHASE,IRCTC,41232.02,APPROVED,2026-03-27 19:33:48.036829,
TXN00002105,ACC0000285,TRANSFER,Tata CLiQ,24567.38,APPROVED,2026-06-10 18:57:48.036829,
TXN00002106,CARD000258,PURCHASE,Tata CLiQ,22359.94,APPROVED,2026-04-19 08:54:48.036829,
TXN00002107,CARD000229,PURCHASE,BigBasket,12308.53,APPROVED,2026-05-26 02:55:48.036829,
TXN00002108,ACC0000372,TRANSFER,MakeMyTrip,48089.84,APPROVED,2026-05-17 10:36:48.036829,
TXN00002109,ACC0000545,PURCHASE,BookMyShow,58871.86,APPROVED,2026-06-19 02:49:48.036829,
TXN00002110,CARD000247,PURCHASE,Nykaa,50923.96,APPROVED,2026-07-15 04:07:48.036829,
TXN00002111,CARD000227,PURCHASE,MakeMyTrip,40441.66,APPROVED,2026-04-02 03:25:48.036829,
TXN00002112,ACC0000220,PAYMENT,Ola,20992.1,APPROVED,2026-06-22 14:48:48.036829,
TXN00002113,ACC0000318,PAYMENT,Zomato,37404.53,APPROVED,2026-06-21 11:05:48.036829,
TXN00002114,ACC0000477,PAYMENT,IRCTC,29775.45,APPROVED,2026-07-06 19:59:48.036829,
TXN00002115,CARD000174,PURCHASE,Zomato,61310.55,APPROVED,2026-06-18 16:45:48.036829,
TXN00002116,ACC0000350,TRANSFER,Amazon India,69477.35,DECLINED,2026-07-20 01:28:48.036829,SUSPECTED_FRAUD
TXN00002117,CARD000193,PURCHASE,Nykaa,459.63,APPROVED,2026-06-02 09:45:48.036829,
TXN00002118,CARD000272,PURCHASE,Apollo Pharmacy,57563.45,APPROVED,2026-05-17 08:10:48.036829,
TXN00002119,ACC0000415,TRANSFER,Swiggy,66888.95,APPROVED,2026-07-13 16:20:48.036829,
TXN00002120,CARD000215,PURCHASE,MakeMyTrip,46246.49,PENDING,2026-06-15 23:41:48.036829,
TXN00002121,ACC0000127,PAYMENT,DMart,12895.93,APPROVED,2026-07-07 23:06:48.036829,
TXN00002122,ACC0000253,TRANSFER,Jio Recharge,4918.45,APPROVED,2026-07-05 20:41:48.036829,
TXN00002123,CARD000247,PURCHASE,Swiggy,11480.93,APPROVED,2026-05-31 06:46:48.036829,
TXN00002124,ACC0000291,WITHDRAWAL,Reliance Digital,33713.51,APPROVED,2026-06-10 16:29:48.036829,
TXN00002125,CARD000083,PURCHASE,Swiggy,74333.56,DECLINED,2026-05-28 05:18:48.036829,SUSPECTED_FRAUD
TXN00002126,CARD000227,PURCHASE,Tata CLiQ,22781.61,APPROVED,2026-04-16 05:31:48.036829,
TXN00002127,ACC0000554,DEPOSIT,Reliance Digital,17676.72,APPROVED,2026-07-22 15:42:48.036829,
TXN00002128,CARD000163,PURCHASE,Zomato,43554.2,DECLINED,2026-07-21 05:51:48.036829,CARD_BLOCKED
TXN00002129,ACC0000683,PAYMENT,Croma,11288.15,APPROVED,2026-04-14 22:18:48.036829,
TXN00002130,ACC0000233,WITHDRAWAL,Swiggy,18429.67,APPROVED,2026-07-03 00:52:48.036829,
TXN00002131,ACC0000086,TRANSFER,Reliance Digital,42362.92,APPROVED,2026-04-26 22:47:48.036829,
TXN00002132,CARD000159,PURCHASE,Flipkart,61967.09,APPROVED,2026-04-25 05:23:48.036829,
TXN00002133,ACC0000318,PURCHASE,Tata CLiQ,15020.58,PENDING,2026-06-26 03:51:48.036829,
TXN00002134,ACC0000167,PURCHASE,BigBasket,59732.29,APPROVED,2026-05-31 14:02:48.036829,
TXN00002135,ACC0000660,PAYMENT,Uber,35968.01,APPROVED,2026-05-25 11:07:48.036829,
TXN00002136,CARD000224,PURCHASE,Swiggy,14146.39,APPROVED,2026-04-23 17:15:48.036829,
TXN00002137,ACC0000054,DEPOSIT,Apollo Pharmacy,66877.44,APPROVED,2026-04-02 01:34:48.036829,
TXN00002138,ACC0000279,DEPOSIT,Apollo Pharmacy,21972.23,APPROVED,2026-04-26 02:41:48.036829,
TXN00002139,ACC0000285,TRANSFER,BigBasket,21630.09,APPROVED,2026-05-23 15:34:48.036829,
TXN00002140,ACC0000353,TRANSFER,Amazon India,57242.31,DECLINED,2026-04-21 02:48:48.036829,INSUFFICIENT_FUNDS
TXN00002141,ACC0000403,DEPOSIT,IRCTC,17057.59,APPROVED,2026-07-16 20:48:48.036829,
TXN00002142,ACC0000331,PAYMENT,Croma,7984.75,APPROVED,2026-05-10 11:48:48.036829,
TXN00002143,ACC0000641,WITHDRAWAL,Uber,24321.81,APPROVED,2026-04-20 03:28:48.036829,
TXN00002144,CARD000078,PURCHASE,IRCTC,5179.79,APPROVED,2026-05-27 14:32:48.036829,
TXN00002145,ACC0000217,TRANSFER,Flipkart,67870.61,DECLINED,2026-04-30 14:18:48.036829,DAILY_LIMIT_EXCEEDED
TXN00002146,CARD000223,PURCHASE,Zomato,36730.05,APPROVED,2026-07-03 03:40:48.036829,
TXN00002147,CARD000117,PURCHASE,DMart,56410.01,APPROVED,2026-06-18 03:04:48.036829,
TXN00002148,ACC0000029,TRANSFER,Uber,57305.22,DECLINED,2026-07-16 05:52:48.036829,SUSPECTED_FRAUD
TXN00002149,ACC0000006,DEPOSIT,DMart,46207.87,APPROVED,2026-03-29 06:11:48.036829,
TXN00002150,CARD000207,PURCHASE,Flipkart,36406.21,APPROVED,2026-06-28 08:30:48.036829,
TXN00002151,CARD000040,PURCHASE,BigBasket,43392.1,APPROVED,2026-04-28 15:34:48.036829,
TXN00002152,ACC0000551,DEPOSIT,Jio Recharge,65206.27,APPROVED,2026-07-03 18:34:48.036829,
TXN00002153,CARD000195,PURCHASE,Amazon India,49191.61,APPROVED,2026-07-16 20:03:48.036829,
TXN00002154,ACC0000250,TRANSFER,Croma,36331.88,APPROVED,2026-06-03 10:02:48.036829,
TXN00002155,CARD000008,PURCHASE,Amazon India,22055.37,APPROVED,2026-05-07 14:12:48.036829,
TXN00002156,ACC0000308,WITHDRAWAL,Tata CLiQ,53472.31,APPROVED,2026-04-02 12:30:48.036829,
TXN00002157,CARD000088,PURCHASE,Apollo Pharmacy,49990.2,APPROVED,2026-07-17 15:12:48.036829,
TXN00002158,CARD000190,PURCHASE,Uber,65821.47,APPROVED,2026-06-30 13:19:48.036829,
TXN00002159,ACC0000036,PURCHASE,Nykaa,34213.83,PENDING,2026-05-30 11:13:48.036829,
TXN00002160,CARD000240,PURCHASE,MakeMyTrip,13654.12,APPROVED,2026-06-28 04:11:48.036829,
TXN00002161,ACC0000479,WITHDRAWAL,MakeMyTrip,610.54,PENDING,2026-07-17 17:09:48.036829,
TXN00002162,ACC0000506,WITHDRAWAL,Jio Recharge,37053.01,APPROVED,2026-04-29 22:53:48.036829,
TXN00002163,ACC0000079,PURCHASE,Amazon India,60570.1,APPROVED,2026-06-06 10:39:48.036829,
TXN00002164,ACC0000513,PURCHASE,Ola,44403.86,DECLINED,2026-06-20 16:17:48.036829,ACCOUNT_FROZEN
TXN00002165,CARD000198,PURCHASE,Jio Recharge,12994.99,APPROVED,2026-05-11 05:15:48.036829,
TXN00002166,ACC0000244,PURCHASE,BookMyShow,27507.92,APPROVED,2026-06-06 23:16:48.036829,
TXN00002167,ACC0000679,PAYMENT,Amazon India,24203.56,APPROVED,2026-07-04 17:19:48.036829,
TXN00002168,CARD000163,PURCHASE,BigBasket,51249.67,DECLINED,2026-05-11 21:09:48.036829,EXPIRED_CARD
TXN00002169,ACC0000044,TRANSFER,Myntra,29333.81,APPROVED,2026-06-23 22:57:48.036829,
TXN00002170,ACC0000594,TRANSFER,Apollo Pharmacy,47005.57,APPROVED,2026-07-20 13:16:48.036829,
TXN00002171,ACC0000234,TRANSFER,Swiggy,14090.32,APPROVED,2026-06-26 04:56:48.036829,
TXN00002172,CARD000106,PURCHASE,Jio Recharge,56378.06,APPROVED,2026-07-21 04:07:48.036829,
TXN00002173,ACC0000581,PURCHASE,Apollo Pharmacy,31110.29,APPROVED,2026-06-06 14:58:48.036829,
TXN00002174,CARD000271,PURCHASE,Ola,9405.01,APPROVED,2026-04-23 05:43:48.036829,
TXN00002175,CARD000088,PURCHASE,Uber,8914.08,APPROVED,2026-04-08 20:59:48.036829,
TXN00002176,CARD000281,PURCHASE,BigBasket,20492.71,APPROVED,2026-07-16 11:47:48.036829,
TXN00002177,CARD000228,PURCHASE,Swiggy,40280.45,APPROVED,2026-05-20 06:52:48.036829,
TXN00002178,CARD000151,PURCHASE,Ola,61219.94,APPROVED,2026-07-03 08:01:48.036829,
TXN00002179,CARD000128,PURCHASE,BookMyShow,7335.43,APPROVED,2026-05-16 10:52:48.036829,
TXN00002180,CARD000134,PURCHASE,Reliance Digital,69400.7,APPROVED,2026-06-15 03:25:48.036829,
TXN00002181,ACC0000251,TRANSFER,BigBasket,72445.47,APPROVED,2026-05-24 05:19:48.036829,
TXN00002182,CARD000299,PURCHASE,DMart,10318.3,APPROVED,2026-06-14 16:04:48.036829,
TXN00002183,CARD000146,PURCHASE,Amazon India,57006.36,APPROVED,2026-05-22 06:07:48.036829,
TXN00002184,CARD000036,PURCHASE,Jio Recharge,53430.82,APPROVED,2026-04-16 21:07:48.036829,
TXN00002185,ACC0000069,PAYMENT,Jio Recharge,17331.4,APPROVED,2026-05-17 22:41:48.036829,
TXN00002186,CARD000092,PURCHASE,MakeMyTrip,59603.64,DECLINED,2026-05-20 00:26:48.036829,MERCHANT_NOT_SUPPORTED
TXN00002187,CARD000078,PURCHASE,Zomato,59344.34,DECLINED,2026-04-14 07:58:48.036829,EXPIRED_CARD
TXN00002188,CARD000131,PURCHASE,Jio Recharge,66116.87,APPROVED,2026-07-21 19:26:48.036829,
TXN00002189,ACC0000214,PURCHASE,BigBasket,45715.27,APPROVED,2026-04-25 02:41:48.036829,
TXN00002190,CARD000139,PURCHASE,Ola,65780.04,APPROVED,2026-06-30 11:20:48.036829,
TXN00002191,CARD000068,PURCHASE,Ola,63545.07,APPROVED,2026-07-02 21:17:48.036829,
TXN00002192,CARD000005,PURCHASE,MakeMyTrip,55849.1,APPROVED,2026-06-06 16:51:48.036829,
TXN00002193,ACC0000429,WITHDRAWAL,Flipkart,68827.62,APPROVED,2026-06-25 11:36:48.036829,
TXN00002194,CARD000063,PURCHASE,Amazon India,17715.39,APPROVED,2026-04-14 07:14:48.036829,
TXN00002195,CARD000040,PURCHASE,Ola,53187.09,APPROVED,2026-07-20 10:48:48.036829,
TXN00002196,ACC0000612,TRANSFER,DMart,13511.07,DECLINED,2026-07-18 23:17:48.036829,ACCOUNT_FROZEN
TXN00002197,ACC0000412,PAYMENT,MakeMyTrip,18929.37,APPROVED,2026-03-31 05:30:48.036829,
TXN00002198,ACC0000535,PAYMENT,DMart,50460.72,APPROVED,2026-06-07 11:26:48.036829,
TXN00002199,ACC0000608,WITHDRAWAL,BigBasket,74595.35,APPROVED,2026-07-12 07:22:48.036829,
TXN00002200,ACC0000527,PURCHASE,BigBasket,23914.54,APPROVED,2026-07-08 16:17:48.036829,
TXN00002201,CARD000180,PURCHASE,Nykaa,47557.24,APPROVED,2026-06-26 07:15:48.036829,
TXN00002202,CARD000167,PURCHASE,BookMyShow,23447.25,APPROVED,2026-03-30 11:12:48.036829,
TXN00002203,CARD000207,PURCHASE,BigBasket,23369.53,APPROVED,2026-05-09 01:33:48.036829,
TXN00002204,CARD000016,PURCHASE,Tata CLiQ,57433.44,APPROVED,2026-05-30 18:29:48.036829,
TXN00002205,CARD000259,PURCHASE,Croma,55663.91,APPROVED,2026-07-20 23:44:48.036829,
TXN00002206,CARD000197,PURCHASE,BigBasket,809.65,APPROVED,2026-07-17 12:29:48.036829,
TXN00002207,CARD000155,PURCHASE,Uber,631.86,APPROVED,2026-06-16 23:33:48.036829,
TXN00002208,ACC0000026,WITHDRAWAL,Apollo Pharmacy,38288.45,APPROVED,2026-07-06 10:31:48.036829,
TXN00002209,CARD000127,PURCHASE,Tata CLiQ,42255.28,APPROVED,2026-03-28 01:15:48.036829,
TXN00002210,CARD000182,PURCHASE,DMart,21780.13,APPROVED,2026-06-16 00:04:48.036829,
TXN00002211,CARD000284,PURCHASE,Myntra,62872.35,APPROVED,2026-05-12 20:18:48.036829,
TXN00002212,CARD000214,PURCHASE,Amazon India,9454.52,APPROVED,2026-07-05 21:57:48.036829,
TXN00002213,ACC0000231,WITHDRAWAL,BookMyShow,64755.52,APPROVED,2026-04-27 18:35:48.036829,
TXN00002214,CARD000290,PURCHASE,Jio Recharge,67574.54,APPROVED,2026-04-24 14:47:48.036829,
TXN00002215,ACC0000567,PURCHASE,Reliance Digital,47560.92,APPROVED,2026-07-26 00:15:48.036829,
TXN00002216,CARD000164,PURCHASE,BigBasket,70657.56,APPROVED,2026-05-13 05:39:48.036829,
TXN00002217,CARD000143,PURCHASE,Apollo Pharmacy,12199.95,APPROVED,2026-05-30 12:45:48.036829,
TXN00002218,CARD000257,PURCHASE,Tata CLiQ,27081.94,APPROVED,2026-07-14 15:21:48.036829,
TXN00002219,ACC0000202,DEPOSIT,Zomato,50967.71,APPROVED,2026-07-21 14:08:48.036829,
TXN00002220,CARD000159,PURCHASE,Jio Recharge,71427.08,APPROVED,2026-03-29 23:57:48.036829,
TXN00002221,CARD000240,PURCHASE,BookMyShow,61500.22,DECLINED,2026-06-03 00:36:48.036829,EXPIRED_CARD
TXN00002222,ACC0000552,WITHDRAWAL,Zomato,31892.65,APPROVED,2026-03-30 19:50:48.036829,
TXN00002223,CARD000289,PURCHASE,Swiggy,72325.27,APPROVED,2026-05-08 01:21:48.036829,
TXN00002224,CARD000074,PURCHASE,Swiggy,65032.05,APPROVED,2026-06-24 00:01:48.036829,
TXN00002225,ACC0000364,TRANSFER,BookMyShow,59393.38,APPROVED,2026-05-22 00:49:48.036829,
TXN00002226,ACC0000266,TRANSFER,Myntra,23727.18,APPROVED,2026-05-10 06:25:48.036829,
TXN00002227,CARD000031,PURCHASE,Apollo Pharmacy,47272.4,DECLINED,2026-07-24 17:07:48.036829,CARD_BLOCKED
TXN00002228,ACC0000183,TRANSFER,Amazon India,63896.69,APPROVED,2026-04-20 03:07:48.036829,
TXN00002229,ACC0000230,PAYMENT,Nykaa,52338.73,APPROVED,2026-05-19 08:01:48.036829,
TXN00002230,CARD000271,PURCHASE,Croma,32746.28,APPROVED,2026-04-19 10:54:48.036829,
TXN00002231,CARD000195,PURCHASE,Jio Recharge,49318.52,APPROVED,2026-04-27 18:00:48.036829,
TXN00002232,ACC0000287,PAYMENT,Myntra,61020.47,APPROVED,2026-07-04 00:18:48.036829,
TXN00002233,ACC0000472,DEPOSIT,DMart,37463.2,APPROVED,2026-05-14 08:46:48.036829,
TXN00002234,ACC0000089,PAYMENT,Uber,13308.52,APPROVED,2026-07-24 20:52:48.036829,
TXN00002235,ACC0000117,DEPOSIT,Jio Recharge,58144.91,APPROVED,2026-05-23 01:06:48.036829,
TXN00002236,ACC0000413,WITHDRAWAL,DMart,28929.29,APPROVED,2026-04-16 13:58:48.036829,
TXN00002237,ACC0000199,PURCHASE,Apollo Pharmacy,47357.46,APPROVED,2026-06-15 03:47:48.036829,
TXN00002238,CARD000086,PURCHASE,DMart,54247.53,APPROVED,2026-07-17 18:13:48.036829,
TXN00002239,ACC0000481,PAYMENT,Tata CLiQ,70167.82,APPROVED,2026-04-28 13:51:48.036829,
TXN00002240,ACC0000162,PURCHASE,Nykaa,3217.74,APPROVED,2026-07-19 11:44:48.036829,
TXN00002241,ACC0000390,TRANSFER,Tata CLiQ,60864.52,APPROVED,2026-04-13 07:49:48.036829,
TXN00002242,CARD000147,PURCHASE,Reliance Digital,60667.71,APPROVED,2026-07-12 17:44:48.036829,
TXN00002243,CARD000090,PURCHASE,BigBasket,42247.97,APPROVED,2026-05-25 10:23:48.036829,
TXN00002244,CARD000288,PURCHASE,Apollo Pharmacy,74560.86,APPROVED,2026-04-06 03:54:48.036829,
TXN00002245,CARD000059,PURCHASE,Swiggy,23391.64,APPROVED,2026-05-17 15:15:48.036829,
TXN00002246,CARD000234,PURCHASE,Jio Recharge,54647.37,APPROVED,2026-06-13 00:09:48.036829,
TXN00002247,ACC0000428,PURCHASE,Croma,59200.73,APPROVED,2026-04-25 16:27:48.036829,
TXN00002248,CARD000066,PURCHASE,Zomato,17059.42,DECLINED,2026-04-09 08:17:48.036829,CARD_BLOCKED
TXN00002249,ACC0000681,PAYMENT,Swiggy,36815.95,APPROVED,2026-05-07 23:55:48.036829,
TXN00002250,ACC0000020,TRANSFER,Apollo Pharmacy,8325.39,APPROVED,2026-04-26 23:26:48.036829,
TXN00002251,CARD000001,PURCHASE,DMart,44248.63,DECLINED,2026-04-16 16:26:48.036829,EXPIRED_CARD
TXN00002252,CARD000184,PURCHASE,Flipkart,20259.51,APPROVED,2026-06-08 11:56:48.036829,
TXN00002253,ACC0000537,TRANSFER,Zomato,36797.57,APPROVED,2026-07-20 12:35:48.036829,
TXN00002254,ACC0000289,TRANSFER,Tata CLiQ,59493.24,APPROVED,2026-03-29 14:44:48.036829,
TXN00002255,ACC0000239,PAYMENT,Apollo Pharmacy,40361.42,APPROVED,2026-04-13 12:36:48.036829,
TXN00002256,CARD000075,PURCHASE,Flipkart,17636.0,APPROVED,2026-05-15 23:11:48.036829,
TXN00002257,ACC0000030,DEPOSIT,Reliance Digital,18306.26,APPROVED,2026-04-02 06:21:48.036829,
TXN00002258,CARD000045,PURCHASE,Zomato,33871.5,DECLINED,2026-07-06 20:15:48.036829,MERCHANT_NOT_SUPPORTED
TXN00002259,CARD000057,PURCHASE,IRCTC,44658.83,APPROVED,2026-06-10 18:43:48.036829,
TXN00002260,ACC0000373,PURCHASE,Jio Recharge,28668.26,APPROVED,2026-04-28 01:04:48.036829,
TXN00002261,ACC0000280,WITHDRAWAL,DMart,8961.77,DECLINED,2026-06-30 05:22:48.036829,ACCOUNT_FROZEN
TXN00002262,CARD000129,PURCHASE,Tata CLiQ,1236.67,APPROVED,2026-03-27 18:31:48.036829,
TXN00002263,CARD000187,PURCHASE,Croma,50609.09,APPROVED,2026-06-28 09:27:48.036829,
TXN00002264,CARD000238,PURCHASE,Amazon India,51466.86,APPROVED,2026-05-30 15:20:48.036829,
TXN00002265,CARD000104,PURCHASE,Myntra,60257.83,APPROVED,2026-05-08 06:17:48.036829,
TXN00002266,ACC0000004,PURCHASE,BigBasket,57311.89,PENDING,2026-06-03 02:06:48.036829,
TXN00002267,ACC0000577,PURCHASE,Swiggy,22868.31,APPROVED,2026-04-03 15:37:48.036829,
TXN00002268,ACC0000088,TRANSFER,IRCTC,13622.97,APPROVED,2026-05-31 08:53:48.036829,
TXN00002269,ACC0000201,DEPOSIT,Jio Recharge,12363.16,APPROVED,2026-04-21 12:05:48.036829,
TXN00002270,ACC0000143,WITHDRAWAL,Croma,21630.48,APPROVED,2026-07-03 16:09:48.036829,
TXN00002271,CARD000186,PURCHASE,Croma,33727.82,APPROVED,2026-05-22 02:57:48.036829,
TXN00002272,ACC0000452,TRANSFER,Tata CLiQ,38769.24,APPROVED,2026-04-10 11:24:48.036829,
TXN00002273,ACC0000604,WITHDRAWAL,Zomato,13306.2,APPROVED,2026-06-29 13:51:48.036829,
TXN00002274,CARD000190,PURCHASE,Zomato,32756.59,APPROVED,2026-04-08 16:28:48.036829,
TXN00002275,ACC0000316,PURCHASE,Croma,63994.4,APPROVED,2026-04-03 09:21:48.036829,
TXN00002276,ACC0000548,PAYMENT,Jio Recharge,946.59,APPROVED,2026-04-19 06:36:48.036829,
TXN00002277,ACC0000357,WITHDRAWAL,Uber,66430.58,APPROVED,2026-05-09 23:05:48.036829,
TXN00002278,ACC0000335,WITHDRAWAL,BigBasket,1149.22,DECLINED,2026-06-15 19:08:48.036829,INVALID_PIN
TXN00002279,ACC0000241,PAYMENT,Ola,27903.56,APPROVED,2026-06-25 14:33:48.036829,
TXN00002280,ACC0000061,TRANSFER,Reliance Digital,48578.76,APPROVED,2026-06-09 23:21:48.036829,
TXN00002281,ACC0000326,PAYMENT,Myntra,51646.45,APPROVED,2026-05-19 01:59:48.036829,
TXN00002282,ACC0000211,PURCHASE,Myntra,58683.36,APPROVED,2026-03-30 08:40:48.036829,
TXN00002283,ACC0000137,PAYMENT,BigBasket,54752.19,APPROVED,2026-05-03 04:17:48.036829,
TXN00002284,CARD000105,PURCHASE,BookMyShow,54619.52,APPROVED,2026-06-26 05:14:48.036829,
TXN00002285,CARD000210,PURCHASE,MakeMyTrip,37092.27,APPROVED,2026-06-19 09:19:48.036829,
TXN00002286,ACC0000656,WITHDRAWAL,Reliance Digital,62588.0,DECLINED,2026-06-19 04:30:48.036829,INVALID_PIN
TXN00002287,CARD000008,PURCHASE,Tata CLiQ,9826.73,DECLINED,2026-07-07 21:32:48.036829,MERCHANT_NOT_SUPPORTED
TXN00002288,ACC0000487,DEPOSIT,Amazon India,3659.63,APPROVED,2026-04-04 22:21:48.036829,
TXN00002289,CARD000286,PURCHASE,Tata CLiQ,54829.88,APPROVED,2026-05-12 10:19:48.036829,
TXN00002290,ACC0000014,TRANSFER,Ola,34913.23,APPROVED,2026-07-23 04:36:48.036829,
TXN00002291,ACC0000661,DEPOSIT,Zomato,54038.8,APPROVED,2026-04-12 04:35:48.036829,
TXN00002292,CARD000210,PURCHASE,BookMyShow,38655.6,DECLINED,2026-07-03 05:48:48.036829,INCORRECT_CVV
TXN00002293,ACC0000248,WITHDRAWAL,MakeMyTrip,30939.91,DECLINED,2026-05-19 17:56:48.036829,ACCOUNT_FROZEN
TXN00002294,ACC0000383,PAYMENT,Myntra,39054.3,APPROVED,2026-03-30 02:23:48.036829,
TXN00002295,CARD000293,PURCHASE,Flipkart,39197.65,APPROVED,2026-06-25 19:47:48.036829,
TXN00002296,CARD000073,PURCHASE,Ola,55694.95,APPROVED,2026-04-15 23:37:48.036829,
TXN00002297,ACC0000625,WITHDRAWAL,Reliance Digital,46881.36,APPROVED,2026-06-07 02:01:48.036829,
TXN00002298,ACC0000442,DEPOSIT,MakeMyTrip,2223.49,APPROVED,2026-07-19 04:04:48.036829,
TXN00002299,CARD000295,PURCHASE,BigBasket,23195.45,APPROVED,2026-04-04 03:54:48.036829,
TXN00002300,ACC0000099,PURCHASE,Flipkart,22989.46,APPROVED,2026-04-16 21:43:48.036829,
TXN00002301,CARD000059,PURCHASE,Ola,49793.05,APPROVED,2026-04-20 10:06:48.036829,
TXN00002302,CARD000110,PURCHASE,BigBasket,19783.93,APPROVED,2026-05-12 12:53:48.036829,
TXN00002303,ACC0000367,PAYMENT,BookMyShow,66769.6,APPROVED,2026-06-01 15:52:48.036829,
TXN00002304,ACC0000559,DEPOSIT,IRCTC,23190.86,APPROVED,2026-05-30 11:13:48.036829,
TXN00002305,ACC0000271,TRANSFER,MakeMyTrip,63410.28,APPROVED,2026-06-30 18:49:48.036829,
TXN00002306,CARD000139,PURCHASE,Amazon India,15631.15,APPROVED,2026-05-06 07:48:48.036829,
TXN00002307,ACC0000675,PURCHASE,Reliance Digital,49254.14,APPROVED,2026-07-25 06:49:48.036829,
TXN00002308,ACC0000115,TRANSFER,BigBasket,22849.24,APPROVED,2026-06-06 15:25:48.036829,
TXN00002309,ACC0000056,DEPOSIT,Reliance Digital,45461.28,APPROVED,2026-05-23 03:29:48.036829,
TXN00002310,ACC0000300,WITHDRAWAL,Croma,1002.03,APPROVED,2026-04-14 19:52:48.036829,
TXN00002311,CARD000026,PURCHASE,Zomato,52331.09,APPROVED,2026-04-07 19:59:48.036829,
TXN00002312,ACC0000347,PAYMENT,MakeMyTrip,22029.08,APPROVED,2026-05-28 06:42:48.036829,
TXN00002313,CARD000222,PURCHASE,Flipkart,37961.77,APPROVED,2026-04-14 22:01:48.036829,
TXN00002314,CARD000095,PURCHASE,Croma,16817.05,DECLINED,2026-04-15 17:33:48.036829,INSUFFICIENT_CREDIT_LIMIT
TXN00002315,ACC0000262,WITHDRAWAL,Apollo Pharmacy,68210.69,APPROVED,2026-05-08 21:25:48.036829,
TXN00002316,ACC0000507,DEPOSIT,Apollo Pharmacy,1430.09,APPROVED,2026-05-03 16:38:48.036829,
TXN00002317,ACC0000074,PURCHASE,Swiggy,74182.8,APPROVED,2026-06-17 21:04:48.036829,
TXN00002318,ACC0000374,PURCHASE,Reliance Digital,16965.06,DECLINED,2026-04-19 17:09:48.036829,ACCOUNT_FROZEN
TXN00002319,CARD000073,PURCHASE,Croma,1749.87,APPROVED,2026-05-18 22:53:48.036829,
TXN00002320,ACC0000483,TRANSFER,Zomato,46657.89,DECLINED,2026-05-28 15:18:48.036829,SUSPECTED_FRAUD
TXN00002321,ACC0000252,PAYMENT,IRCTC,3655.09,APPROVED,2026-05-31 20:00:48.036829,
TXN00002322,ACC0000257,WITHDRAWAL,Amazon India,16705.93,APPROVED,2026-06-09 15:49:48.036829,
TXN00002323,ACC0000395,TRANSFER,Swiggy,17202.55,APPROVED,2026-05-29 08:50:48.036829,
TXN00002324,ACC0000615,DEPOSIT,Reliance Digital,38484.6,APPROVED,2026-05-31 01:18:48.036829,
TXN00002325,ACC0000171,DEPOSIT,Myntra,7432.76,APPROVED,2026-05-10 22:13:48.036829,
TXN00002326,ACC0000372,PURCHASE,IRCTC,39013.18,APPROVED,2026-07-19 20:11:48.036829,
TXN00002327,CARD000250,PURCHASE,Uber,55212.09,APPROVED,2026-07-21 20:05:48.036829,
TXN00002328,CARD000273,PURCHASE,DMart,45233.17,APPROVED,2026-05-29 22:03:48.036829,
TXN00002329,CARD000164,PURCHASE,Swiggy,59403.34,APPROVED,2026-06-18 07:56:48.036829,
TXN00002330,CARD000025,PURCHASE,Ola,29728.94,APPROVED,2026-06-10 22:34:48.036829,
TXN00002331,ACC0000459,DEPOSIT,BookMyShow,72954.01,APPROVED,2026-05-06 05:49:48.036829,
TXN00002332,CARD000184,PURCHASE,Ola,74574.17,APPROVED,2026-05-04 14:30:48.036829,
TXN00002333,CARD000259,PURCHASE,Myntra,45461.27,APPROVED,2026-06-29 23:51:48.036829,
TXN00002334,CARD000120,PURCHASE,Zomato,30338.56,APPROVED,2026-04-30 06:45:48.036829,
TXN00002335,ACC0000336,TRANSFER,Zomato,47393.66,APPROVED,2026-04-16 17:51:48.036829,
TXN00002336,ACC0000101,PAYMENT,Ola,2505.06,APPROVED,2026-06-21 09:56:48.036829,
TXN00002337,ACC0000210,DEPOSIT,Jio Recharge,38877.83,APPROVED,2026-07-05 11:20:48.036829,
TXN00002338,ACC0000146,PURCHASE,Zomato,43656.64,APPROVED,2026-04-03 22:22:48.036829,
TXN00002339,ACC0000690,TRANSFER,BigBasket,46363.98,APPROVED,2026-06-24 12:35:48.036829,
TXN00002340,CARD000165,PURCHASE,BigBasket,23275.49,APPROVED,2026-05-24 14:29:48.036829,
TXN00002341,CARD000054,PURCHASE,Flipkart,50556.78,APPROVED,2026-07-24 04:53:48.036829,
TXN00002342,ACC0000497,PAYMENT,IRCTC,68013.33,APPROVED,2026-07-15 01:42:48.036829,
TXN00002343,ACC0000548,TRANSFER,Tata CLiQ,34615.27,APPROVED,2026-07-14 12:51:48.036829,
TXN00002344,CARD000158,PURCHASE,Flipkart,2621.27,DECLINED,2026-04-09 19:08:48.036829,INSUFFICIENT_CREDIT_LIMIT
TXN00002345,ACC0000347,PURCHASE,Nykaa,9478.22,APPROVED,2026-05-21 02:03:48.036829,
TXN00002346,ACC0000510,WITHDRAWAL,Uber,55319.52,APPROVED,2026-04-08 18:07:48.036829,
TXN00002347,CARD000023,PURCHASE,Reliance Digital,27153.21,APPROVED,2026-04-02 14:47:48.036829,
TXN00002348,ACC0000179,PURCHASE,Reliance Digital,46375.95,APPROVED,2026-06-11 10:06:48.036829,
TXN00002349,ACC0000636,WITHDRAWAL,Myntra,24853.76,APPROVED,2026-05-28 07:22:48.036829,
TXN00002350,ACC0000658,DEPOSIT,Uber,42766.44,APPROVED,2026-06-14 00:42:48.036829,
TXN00002351,ACC0000643,PURCHASE,Myntra,40479.76,APPROVED,2026-06-06 22:59:48.036829,
TXN00002352,CARD000068,PURCHASE,Jio Recharge,60865.55,APPROVED,2026-06-02 15:42:48.036829,
TXN00002353,ACC0000060,PAYMENT,Uber,39625.21,APPROVED,2026-04-05 02:14:48.036829,
TXN00002354,ACC0000415,WITHDRAWAL,IRCTC,73317.55,APPROVED,2026-07-01 22:30:48.036829,
TXN00002355,ACC0000004,WITHDRAWAL,Apollo Pharmacy,39719.13,APPROVED,2026-05-05 13:35:48.036829,
TXN00002356,ACC0000620,PURCHASE,Nykaa,54325.6,APPROVED,2026-07-18 08:58:48.036829,
TXN00002357,ACC0000480,PURCHASE,Tata CLiQ,19404.82,APPROVED,2026-06-12 17:37:48.036829,
TXN00002358,ACC0000181,WITHDRAWAL,Uber,64200.28,APPROVED,2026-05-10 18:33:48.036829,
TXN00002359,CARD000097,PURCHASE,DMart,782.07,APPROVED,2026-04-25 23:26:48.036829,
TXN00002360,ACC0000238,DEPOSIT,Zomato,38239.61,APPROVED,2026-06-18 22:04:48.036829,
TXN00002361,ACC0000415,DEPOSIT,Reliance Digital,65264.11,APPROVED,2026-05-24 15:16:48.036829,
TXN00002362,ACC0000627,PAYMENT,Ola,53685.28,APPROVED,2026-05-18 23:47:48.036829,
TXN00002363,CARD000056,PURCHASE,Uber,27185.56,APPROVED,2026-05-19 03:17:48.036829,
TXN00002364,CARD000015,PURCHASE,Jio Recharge,29626.34,APPROVED,2026-06-23 12:38:48.036829,
TXN00002365,CARD000182,PURCHASE,Myntra,52831.93,APPROVED,2026-05-21 09:21:48.036829,
TXN00002366,ACC0000279,TRANSFER,Swiggy,53953.73,DECLINED,2026-03-29 06:58:48.036829,DAILY_LIMIT_EXCEEDED
TXN00002367,ACC0000183,PAYMENT,Swiggy,51231.74,APPROVED,2026-07-18 08:37:48.036829,
TXN00002368,ACC0000425,WITHDRAWAL,Swiggy,37336.91,APPROVED,2026-05-12 09:22:48.036829,
TXN00002369,ACC0000648,WITHDRAWAL,Myntra,47301.03,APPROVED,2026-06-09 14:24:48.036829,
TXN00002370,CARD000279,PURCHASE,Swiggy,3217.83,APPROVED,2026-04-15 09:41:48.036829,
TXN00002371,CARD000043,PURCHASE,Swiggy,412.04,APPROVED,2026-07-13 02:51:48.036829,
TXN00002372,CARD000003,PURCHASE,Reliance Digital,47477.91,APPROVED,2026-07-01 11:08:48.036829,
TXN00002373,ACC0000344,PAYMENT,Zomato,1390.68,DECLINED,2026-06-30 00:00:48.036829,DAILY_LIMIT_EXCEEDED
TXN00002374,CARD000091,PURCHASE,Reliance Digital,10425.57,APPROVED,2026-06-07 14:43:48.036829,
TXN00002375,ACC0000121,WITHDRAWAL,DMart,64674.6,APPROVED,2026-07-23 01:52:48.036829,
TXN00002376,ACC0000311,PAYMENT,Uber,28585.69,APPROVED,2026-06-08 10:10:48.036829,
TXN00002377,CARD000260,PURCHASE,Nykaa,54393.42,APPROVED,2026-06-05 23:40:48.036829,
TXN00002378,ACC0000012,DEPOSIT,MakeMyTrip,20458.47,APPROVED,2026-07-08 18:44:48.036829,
TXN00002379,CARD000200,PURCHASE,Uber,37923.35,APPROVED,2026-07-09 04:57:48.036829,
TXN00002380,ACC0000386,WITHDRAWAL,Flipkart,22100.82,APPROVED,2026-05-30 02:44:48.036829,
TXN00002381,CARD000192,PURCHASE,Ola,26597.89,APPROVED,2026-04-21 20:09:48.036829,
TXN00002382,CARD000029,PURCHASE,Swiggy,46566.41,APPROVED,2026-04-14 10:25:48.036829,
TXN00002383,ACC0000625,DEPOSIT,Nykaa,63475.22,APPROVED,2026-06-23 01:29:48.036829,
TXN00002384,ACC0000096,TRANSFER,BigBasket,40916.0,APPROVED,2026-03-27 16:54:48.036829,
TXN00002385,ACC0000305,PURCHASE,Swiggy,52937.45,APPROVED,2026-07-22 11:14:48.036829,
TXN00002386,CARD000122,PURCHASE,Croma,58257.83,APPROVED,2026-06-27 22:17:48.036829,
TXN00002387,ACC0000276,PAYMENT,Apollo Pharmacy,53911.24,APPROVED,2026-07-26 00:27:48.036829,
TXN00002388,CARD000180,PURCHASE,Croma,1168.91,APPROVED,2026-06-30 12:21:48.036829,
TXN00002389,CARD000132,PURCHASE,Uber,39287.83,APPROVED,2026-04-17 05:23:48.036829,
TXN00002390,ACC0000445,PAYMENT,BigBasket,31929.02,APPROVED,2026-05-05 17:12:48.036829,
TXN00002391,ACC0000458,TRANSFER,Flipkart,50963.41,APPROVED,2026-04-10 03:38:48.036829,
TXN00002392,CARD000152,PURCHASE,BookMyShow,52001.55,DECLINED,2026-05-01 18:35:48.036829,CARD_BLOCKED
TXN00002393,CARD000115,PURCHASE,DMart,39959.25,APPROVED,2026-05-10 13:03:48.036829,
TXN00002394,CARD000091,PURCHASE,Reliance Digital,40906.37,PENDING,2026-04-29 00:03:48.036829,
TXN00002395,CARD000181,PURCHASE,Croma,64838.03,APPROVED,2026-06-09 02:54:48.036829,
TXN00002396,CARD000066,PURCHASE,Jio Recharge,14181.9,APPROVED,2026-07-04 18:34:48.036829,
TXN00002397,ACC0000210,WITHDRAWAL,Tata CLiQ,71636.42,APPROVED,2026-05-05 15:30:48.036829,
TXN00002398,ACC0000005,PAYMENT,Apollo Pharmacy,40334.37,APPROVED,2026-06-14 10:42:48.036829,
TXN00002399,CARD000122,PURCHASE,Apollo Pharmacy,34123.17,DECLINED,2026-05-31 19:37:48.036829,EXPIRED_CARD
TXN00002400,CARD000157,PURCHASE,Amazon India,24072.85,APPROVED,2026-04-09 20:34:48.036829,
TXN00002401,ACC0000415,PURCHASE,MakeMyTrip,51109.98,APPROVED,2026-06-06 16:42:48.036829,
TXN00002402,ACC0000341,PAYMENT,Swiggy,47234.2,APPROVED,2026-07-10 23:20:48.036829,
TXN00002403,CARD000065,PURCHASE,Flipkart,74669.25,DECLINED,2026-05-23 20:01:48.036829,CARD_BLOCKED
TXN00002404,CARD000196,PURCHASE,DMart,22413.49,APPROVED,2026-07-15 06:09:48.036829,
TXN00002405,ACC0000631,TRANSFER,Uber,13388.76,DECLINED,2026-06-01 03:43:48.036829,INVALID_PIN
TXN00002406,CARD000056,PURCHASE,Ola,74867.41,APPROVED,2026-04-20 08:09:48.036829,
TXN00002407,CARD000231,PURCHASE,Tata CLiQ,64291.81,APPROVED,2026-07-10 02:44:48.036829,
TXN00002408,CARD000221,PURCHASE,BookMyShow,24089.52,APPROVED,2026-07-19 00:12:48.036829,
TXN00002409,ACC0000016,PURCHASE,Jio Recharge,17807.5,APPROVED,2026-05-16 17:22:48.036829,
TXN00002410,CARD000219,PURCHASE,Uber,36360.09,APPROVED,2026-06-06 21:44:48.036829,
TXN00002411,ACC0000227,PAYMENT,Amazon India,22607.05,APPROVED,2026-05-29 13:38:48.036829,
TXN00002412,CARD000172,PURCHASE,Zomato,9363.76,APPROVED,2026-05-16 03:46:48.036829,
TXN00002413,CARD000287,PURCHASE,Myntra,8420.01,DECLINED,2026-05-01 23:36:48.036829,INSUFFICIENT_CREDIT_LIMIT
TXN00002414,ACC0000605,WITHDRAWAL,MakeMyTrip,6336.65,APPROVED,2026-05-12 04:05:48.036829,
TXN00002415,ACC0000057,TRANSFER,Myntra,33099.0,APPROVED,2026-04-26 01:18:48.036829,
TXN00002416,CARD000014,PURCHASE,BigBasket,38968.05,APPROVED,2026-04-09 00:18:48.036829,
TXN00002417,CARD000228,PURCHASE,IRCTC,46862.45,APPROVED,2026-05-31 07:43:48.036829,
TXN00002418,ACC0000553,PAYMENT,IRCTC,60221.08,APPROVED,2026-06-06 08:56:48.036829,
TXN00002419,ACC0000504,DEPOSIT,Swiggy,4511.43,APPROVED,2026-06-29 02:28:48.036829,
TXN00002420,CARD000109,PURCHASE,Uber,64766.16,APPROVED,2026-04-09 18:29:48.036829,
TXN00002421,CARD000020,PURCHASE,Swiggy,56120.48,APPROVED,2026-06-13 23:11:48.036829,
TXN00002422,ACC0000492,TRANSFER,MakeMyTrip,66834.24,APPROVED,2026-07-22 22:24:48.036829,
TXN00002423,CARD000156,PURCHASE,Swiggy,70016.09,APPROVED,2026-04-09 08:36:48.036829,
TXN00002424,ACC0000646,WITHDRAWAL,Reliance Digital,8203.42,APPROVED,2026-05-08 22:20:48.036829,
TXN00002425,CARD000014,PURCHASE,Reliance Digital,58019.55,APPROVED,2026-05-31 02:11:48.036829,
TXN00002426,CARD000069,PURCHASE,Croma,47359.43,APPROVED,2026-06-07 21:55:48.036829,
TXN00002427,CARD000150,PURCHASE,Ola,45304.39,APPROVED,2026-07-06 08:15:48.036829,
TXN00002428,CARD000003,PURCHASE,Croma,41716.23,APPROVED,2026-07-02 05:04:48.036829,
TXN00002429,CARD000198,PURCHASE,Swiggy,28771.99,APPROVED,2026-07-23 08:57:48.036829,
TXN00002430,CARD000203,PURCHASE,Myntra,25233.13,APPROVED,2026-04-23 15:23:48.036829,
TXN00002431,CARD000012,PURCHASE,IRCTC,59904.45,APPROVED,2026-04-06 15:59:48.036829,
TXN00002432,ACC0000247,DEPOSIT,Flipkart,48821.9,APPROVED,2026-07-22 06:16:48.036829,
TXN00002433,CARD000116,PURCHASE,BigBasket,12090.49,APPROVED,2026-05-14 07:22:48.036829,
TXN00002434,ACC0000271,PURCHASE,Croma,3239.52,DECLINED,2026-06-08 08:58:48.036829,INSUFFICIENT_FUNDS
TXN00002435,ACC0000131,TRANSFER,BookMyShow,54120.29,APPROVED,2026-07-18 13:52:48.036829,
TXN00002436,ACC0000011,TRANSFER,Jio Recharge,36603.64,DECLINED,2026-05-23 22:20:48.036829,SUSPECTED_FRAUD
TXN00002437,ACC0000193,WITHDRAWAL,Swiggy,34593.65,APPROVED,2026-06-28 04:05:48.036829,
TXN00002438,CARD000046,PURCHASE,MakeMyTrip,14043.45,APPROVED,2026-07-04 17:15:48.036829,
TXN00002439,ACC0000246,PAYMENT,MakeMyTrip,61958.79,APPROVED,2026-06-04 06:40:48.036829,
TXN00002440,CARD000118,PURCHASE,Nykaa,66794.29,DECLINED,2026-05-03 09:29:48.036829,EXPIRED_CARD
TXN00002441,ACC0000601,PURCHASE,Swiggy,56762.27,APPROVED,2026-05-14 20:08:48.036829,
TXN00002442,CARD000003,PURCHASE,BookMyShow,11800.42,APPROVED,2026-04-30 18:43:48.036829,
TXN00002443,CARD000270,PURCHASE,Reliance Digital,50468.86,APPROVED,2026-05-08 23:54:48.036829,
TXN00002444,ACC0000309,WITHDRAWAL,Nykaa,11931.07,APPROVED,2026-05-03 12:01:48.036829,
TXN00002445,CARD000274,PURCHASE,Myntra,61534.2,APPROVED,2026-04-04 19:26:48.036829,
TXN00002446,CARD000294,PURCHASE,MakeMyTrip,71597.32,APPROVED,2026-07-05 02:53:48.036829,
TXN00002447,ACC0000430,PAYMENT,Zomato,68727.41,APPROVED,2026-06-28 13:46:48.036829,
TXN00002448,ACC0000411,PURCHASE,DMart,56204.58,APPROVED,2026-06-29 12:37:48.036829,
TXN00002449,CARD000181,PURCHASE,Apollo Pharmacy,55335.35,APPROVED,2026-04-02 10:02:48.036829,
TXN00002450,ACC0000052,TRANSFER,Uber,63655.55,APPROVED,2026-06-29 05:36:48.036829,
TXN00002451,ACC0000196,DEPOSIT,BigBasket,51598.48,APPROVED,2026-07-17 04:22:48.036829,
TXN00002452,ACC0000182,TRANSFER,Ola,49486.63,PENDING,2026-03-30 02:13:48.036829,
TXN00002453,ACC0000365,DEPOSIT,BigBasket,16400.79,APPROVED,2026-04-26 15:38:48.036829,
TXN00002454,ACC0000315,PURCHASE,DMart,52616.92,APPROVED,2026-05-27 08:31:48.036829,
TXN00002455,ACC0000344,TRANSFER,Flipkart,9403.68,APPROVED,2026-06-12 10:06:48.036829,
TXN00002456,CARD000251,PURCHASE,DMart,28880.01,APPROVED,2026-06-14 13:19:48.036829,
TXN00002457,ACC0000012,WITHDRAWAL,Myntra,7150.82,DECLINED,2026-04-15 07:25:48.036829,INSUFFICIENT_FUNDS
TXN00002458,ACC0000618,TRANSFER,Amazon India,1429.66,APPROVED,2026-06-17 04:47:48.036829,
TXN00002459,CARD000262,PURCHASE,Reliance Digital,70163.85,APPROVED,2026-04-15 21:34:48.036829,
TXN00002460,CARD000032,PURCHASE,Apollo Pharmacy,36919.61,APPROVED,2026-04-14 05:26:48.036829,
TXN00002461,ACC0000059,PAYMENT,Tata CLiQ,72206.86,APPROVED,2026-03-30 21:06:48.036829,
TXN00002462,CARD000045,PURCHASE,Myntra,42784.89,APPROVED,2026-04-12 12:50:48.036829,
TXN00002463,CARD000194,PURCHASE,Croma,36285.74,APPROVED,2026-07-15 23:26:48.036829,
TXN00002464,ACC0000457,WITHDRAWAL,Reliance Digital,37037.63,APPROVED,2026-07-14 16:06:48.036829,
TXN00002465,CARD000196,PURCHASE,Zomato,3474.35,APPROVED,2026-05-04 03:01:48.036829,
TXN00002466,ACC0000503,PURCHASE,Myntra,13587.85,DECLINED,2026-04-13 20:27:48.036829,DAILY_LIMIT_EXCEEDED
TXN00002467,CARD000157,PURCHASE,MakeMyTrip,32580.65,DECLINED,2026-04-19 14:16:48.036829,MERCHANT_NOT_SUPPORTED
TXN00002468,ACC0000468,DEPOSIT,Uber,53248.93,APPROVED,2026-06-02 17:26:48.036829,
TXN00002469,ACC0000378,PAYMENT,Tata CLiQ,9572.31,APPROVED,2026-07-24 01:45:48.036829,
TXN00002470,ACC0000076,TRANSFER,Ola,48018.12,DECLINED,2026-06-29 23:15:48.036829,INSUFFICIENT_FUNDS
TXN00002471,ACC0000392,PAYMENT,Tata CLiQ,32036.32,APPROVED,2026-07-23 00:06:48.036829,
TXN00002472,ACC0000039,DEPOSIT,Flipkart,72592.3,APPROVED,2026-06-23 08:19:48.036829,
TXN00002473,CARD000166,PURCHASE,BigBasket,69589.34,APPROVED,2026-05-23 09:22:48.036829,
TXN00002474,ACC0000100,PAYMENT,Flipkart,73924.53,APPROVED,2026-06-27 07:51:48.036829,
TXN00002475,ACC0000420,PURCHASE,Amazon India,41852.6,APPROVED,2026-04-24 17:16:48.036829,
TXN00002476,CARD000238,PURCHASE,Reliance Digital,20974.05,APPROVED,2026-05-23 11:36:48.036829,
TXN00002477,ACC0000202,PURCHASE,BigBasket,64996.68,APPROVED,2026-03-28 06:33:48.036829,
TXN00002478,CARD000231,PURCHASE,Myntra,39101.11,APPROVED,2026-04-11 04:32:48.036829,
TXN00002479,ACC0000649,PURCHASE,Flipkart,48099.86,APPROVED,2026-04-02 16:33:48.036829,
TXN00002480,ACC0000248,PURCHASE,Uber,13090.22,APPROVED,2026-05-22 19:30:48.036829,
TXN00002481,CARD000037,PURCHASE,Reliance Digital,53894.34,APPROVED,2026-05-01 00:49:48.036829,
TXN00002482,CARD000262,PURCHASE,BookMyShow,38114.66,APPROVED,2026-04-03 04:42:48.036829,
TXN00002483,CARD000108,PURCHASE,Flipkart,3510.52,APPROVED,2026-05-09 23:24:48.036829,
TXN00002484,CARD000127,PURCHASE,Flipkart,47307.97,PENDING,2026-06-16 09:11:48.036829,
TXN00002485,ACC0000585,DEPOSIT,Flipkart,35600.2,DECLINED,2026-04-25 07:27:48.036829,ACCOUNT_FROZEN
TXN00002486,ACC0000038,PURCHASE,Ola,54999.08,DECLINED,2026-05-30 21:42:48.036829,ACCOUNT_FROZEN
TXN00002487,ACC0000238,PURCHASE,Flipkart,74408.94,APPROVED,2026-04-01 22:33:48.036829,
TXN00002488,CARD000026,PURCHASE,DMart,11119.93,APPROVED,2026-06-12 15:56:48.036829,
TXN00002489,ACC0000473,WITHDRAWAL,Flipkart,72479.68,APPROVED,2026-07-19 02:23:48.036829,
TXN00002490,CARD000223,PURCHASE,DMart,23751.92,APPROVED,2026-05-30 09:26:48.036829,
TXN00002491,CARD000093,PURCHASE,Tata CLiQ,72186.41,APPROVED,2026-07-16 03:54:48.036829,
TXN00002492,ACC0000196,WITHDRAWAL,Ola,39475.97,APPROVED,2026-05-01 09:59:48.036829,
TXN00002493,CARD000033,PURCHASE,BigBasket,55736.83,APPROVED,2026-04-12 19:06:48.036829,
TXN00002494,ACC0000272,DEPOSIT,Flipkart,25339.9,APPROVED,2026-04-27 05:37:48.036829,
TXN00002495,CARD000284,PURCHASE,Reliance Digital,45890.17,APPROVED,2026-06-15 16:25:48.036829,
TXN00002496,CARD000067,PURCHASE,Reliance Digital,8990.39,APPROVED,2026-04-26 22:55:48.036829,
TXN00002497,ACC0000679,TRANSFER,BigBasket,38350.66,APPROVED,2026-05-27 12:57:48.036829,
TXN00002498,CARD000007,PURCHASE,BigBasket,42111.98,APPROVED,2026-06-08 09:50:48.036829,
TXN00002499,CARD000075,PURCHASE,DMart,58857.09,APPROVED,2026-06-28 05:41:48.036829,
TXN00002500,ACC0000405,PURCHASE,Ola,37812.16,APPROVED,2026-07-13 18:49:48.036829,
TXN00002501,ACC0000602,PAYMENT,Croma,47899.42,APPROVED,2026-04-08 13:06:48.036829,
TXN00002502,ACC0000066,DEPOSIT,BookMyShow,9765.41,APPROVED,2026-05-30 13:37:48.036829,
TXN00002503,CARD000190,PURCHASE,IRCTC,14988.35,APPROVED,2026-06-14 20:19:48.036829,
TXN00002504,ACC0000219,PAYMENT,DMart,1473.24,PENDING,2026-05-20 19:23:48.036829,
TXN00002505,CARD000188,PURCHASE,Apollo Pharmacy,65284.95,DECLINED,2026-05-05 11:12:48.036829,CARD_BLOCKED
TXN00002506,CARD000099,PURCHASE,DMart,27323.06,APPROVED,2026-06-18 12:53:48.036829,
TXN00002507,ACC0000157,PAYMENT,Flipkart,22855.54,APPROVED,2026-04-30 13:12:48.036829,
TXN00002508,ACC0000103,WITHDRAWAL,Swiggy,26680.9,APPROVED,2026-07-25 01:21:48.036829,
TXN00002509,CARD000121,PURCHASE,MakeMyTrip,5054.68,APPROVED,2026-04-23 22:32:48.036829,
TXN00002510,ACC0000443,WITHDRAWAL,IRCTC,32133.43,APPROVED,2026-07-24 14:39:48.036829,
TXN00002511,CARD000274,PURCHASE,Amazon India,62188.16,APPROVED,2026-04-23 00:01:48.036829,
TXN00002512,ACC0000444,PURCHASE,Tata CLiQ,57089.86,APPROVED,2026-07-14 22:34:48.036829,
TXN00002513,ACC0000140,WITHDRAWAL,Croma,43503.65,APPROVED,2026-05-24 06:59:48.036829,
TXN00002514,ACC0000293,PURCHASE,Zomato,65340.73,APPROVED,2026-07-19 09:43:48.036829,
TXN00002515,CARD000120,PURCHASE,Ola,12201.09,APPROVED,2026-07-06 02:37:48.036829,
TXN00002516,ACC0000700,PAYMENT,BigBasket,9285.78,APPROVED,2026-04-27 14:29:48.036829,
TXN00002517,CARD000281,PURCHASE,Flipkart,66459.48,APPROVED,2026-04-01 16:50:48.036829,
TXN00002518,CARD000130,PURCHASE,Croma,10778.69,APPROVED,2026-04-10 07:22:48.036829,
TXN00002519,ACC0000505,WITHDRAWAL,Zomato,32704.58,APPROVED,2026-06-24 07:20:48.036829,
TXN00002520,ACC0000295,WITHDRAWAL,Jio Recharge,14292.13,APPROVED,2026-04-04 07:00:48.036829,
TXN00002521,ACC0000103,WITHDRAWAL,Flipkart,668.27,APPROVED,2026-04-02 19:43:48.036829,
TXN00002522,ACC0000479,TRANSFER,MakeMyTrip,34535.78,APPROVED,2026-07-11 23:53:48.036829,
TXN00002523,CARD000048,PURCHASE,Tata CLiQ,15590.14,APPROVED,2026-03-30 23:37:48.036829,
TXN00002524,ACC0000324,WITHDRAWAL,MakeMyTrip,60918.62,APPROVED,2026-04-17 01:56:48.036829,
TXN00002525,CARD000156,PURCHASE,Reliance Digital,14237.75,APPROVED,2026-07-24 15:55:48.036829,
TXN00002526,ACC0000526,PAYMENT,IRCTC,49545.98,APPROVED,2026-04-05 07:58:48.036829,
TXN00002527,CARD000075,PURCHASE,DMart,24653.86,APPROVED,2026-05-30 17:13:48.036829,
TXN00002528,CARD000162,PURCHASE,Jio Recharge,41559.79,APPROVED,2026-06-28 01:43:48.036829,
TXN00002529,CARD000028,PURCHASE,Zomato,48965.35,APPROVED,2026-03-30 11:55:48.036829,
TXN00002530,ACC0000440,DEPOSIT,Swiggy,62333.71,APPROVED,2026-04-30 21:40:48.036829,
TXN00002531,CARD000230,PURCHASE,Croma,66793.35,APPROVED,2026-05-19 03:40:48.036829,
TXN00002532,ACC0000492,TRANSFER,MakeMyTrip,24138.33,DECLINED,2026-05-06 09:15:48.036829,SUSPECTED_FRAUD
TXN00002533,CARD000133,PURCHASE,Swiggy,22202.11,APPROVED,2026-07-13 03:15:48.036829,
TXN00002534,CARD000191,PURCHASE,Croma,39357.24,APPROVED,2026-06-15 07:11:48.036829,
TXN00002535,CARD000270,PURCHASE,Zomato,60190.83,APPROVED,2026-05-18 03:58:48.036829,
TXN00002536,ACC0000354,DEPOSIT,Flipkart,20839.46,APPROVED,2026-05-23 06:18:48.036829,
TXN00002537,ACC0000444,PURCHASE,Flipkart,58369.83,APPROVED,2026-07-26 02:44:48.036829,
TXN00002538,ACC0000223,PAYMENT,Croma,35286.58,APPROVED,2026-05-04 02:02:48.036829,
TXN00002539,ACC0000300,PURCHASE,Apollo Pharmacy,51086.05,APPROVED,2026-05-12 10:13:48.036829,
TXN00002540,ACC0000643,DEPOSIT,Nykaa,17430.29,APPROVED,2026-06-02 06:29:48.036829,
TXN00002541,ACC0000257,PURCHASE,MakeMyTrip,44962.69,PENDING,2026-06-05 14:40:48.036829,
TXN00002542,ACC0000632,WITHDRAWAL,Swiggy,36226.61,APPROVED,2026-04-04 23:46:48.036829,
TXN00002543,ACC0000048,DEPOSIT,DMart,46139.22,APPROVED,2026-04-02 15:26:48.036829,
TXN00002544,ACC0000094,DEPOSIT,Apollo Pharmacy,34325.63,APPROVED,2026-05-30 09:03:48.036829,
TXN00002545,ACC0000122,WITHDRAWAL,DMart,74034.02,APPROVED,2026-05-12 15:43:48.036829,
TXN00002546,ACC0000432,TRANSFER,Tata CLiQ,53966.28,APPROVED,2026-06-10 18:34:48.036829,
TXN00002547,ACC0000665,PURCHASE,Croma,61565.18,APPROVED,2026-05-28 15:34:48.036829,
TXN00002548,ACC0000001,PAYMENT,BookMyShow,56604.24,APPROVED,2026-05-18 16:44:48.036829,
TXN00002549,ACC0000312,DEPOSIT,Apollo Pharmacy,14937.05,APPROVED,2026-05-09 17:08:48.036829,
TXN00002550,CARD000256,PURCHASE,Jio Recharge,33482.13,DECLINED,2026-07-03 03:27:48.036829,INSUFFICIENT_CREDIT_LIMIT
TXN00002551,CARD000196,PURCHASE,Ola,2085.0,APPROVED,2026-06-19 03:58:48.036829,
TXN00002552,ACC0000412,TRANSFER,MakeMyTrip,37378.51,DECLINED,2026-05-16 05:56:48.036829,DAILY_LIMIT_EXCEEDED
TXN00002553,ACC0000643,TRANSFER,Croma,12330.47,APPROVED,2026-04-18 10:44:48.036829,
TXN00002554,CARD000186,PURCHASE,Amazon India,62539.97,APPROVED,2026-04-08 12:13:48.036829,
TXN00002555,ACC0000626,TRANSFER,Reliance Digital,26535.21,APPROVED,2026-04-06 11:19:48.036829,
TXN00002556,ACC0000327,DEPOSIT,Flipkart,34470.63,APPROVED,2026-06-18 16:51:48.036829,
TXN00002557,ACC0000035,PURCHASE,Ola,47443.69,APPROVED,2026-07-05 16:57:48.036829,
TXN00002558,ACC0000057,WITHDRAWAL,Flipkart,68194.87,DECLINED,2026-05-30 14:42:48.036829,ACCOUNT_FROZEN
TXN00002559,ACC0000163,PURCHASE,BigBasket,59257.5,APPROVED,2026-06-09 13:35:48.036829,
TXN00002560,CARD000288,PURCHASE,IRCTC,42645.83,APPROVED,2026-05-04 07:26:48.036829,
TXN00002561,CARD000094,PURCHASE,Reliance Digital,42999.59,APPROVED,2026-04-15 05:38:48.036829,
TXN00002562,ACC0000526,TRANSFER,Uber,59627.61,APPROVED,2026-06-18 07:55:48.036829,
TXN00002563,CARD000270,PURCHASE,BigBasket,62946.65,APPROVED,2026-06-07 02:53:48.036829,
TXN00002564,CARD000117,PURCHASE,MakeMyTrip,62310.38,APPROVED,2026-06-19 09:29:48.036829,
TXN00002565,CARD000143,PURCHASE,Ola,65826.35,APPROVED,2026-05-26 23:40:48.036829,
TXN00002566,ACC0000461,PURCHASE,Amazon India,27535.04,DECLINED,2026-05-05 21:40:48.036829,INSUFFICIENT_FUNDS
TXN00002567,ACC0000254,TRANSFER,Zomato,59639.81,DECLINED,2026-07-11 18:04:48.036829,DAILY_LIMIT_EXCEEDED
TXN00002568,CARD000123,PURCHASE,IRCTC,72677.68,APPROVED,2026-07-15 11:59:48.036829,
TXN00002569,ACC0000043,TRANSFER,Reliance Digital,57684.25,APPROVED,2026-05-25 05:08:48.036829,
TXN00002570,CARD000184,PURCHASE,MakeMyTrip,34941.0,APPROVED,2026-04-16 09:06:48.036829,
TXN00002571,ACC0000250,PURCHASE,Croma,17634.85,APPROVED,2026-07-02 11:24:48.036829,
TXN00002572,ACC0000027,PAYMENT,BookMyShow,56301.15,APPROVED,2026-07-09 21:16:48.036829,
TXN00002573,CARD000086,PURCHASE,Croma,43940.02,APPROVED,2026-05-14 12:10:48.036829,
TXN00002574,ACC0000267,PAYMENT,Amazon India,21809.69,APPROVED,2026-05-10 16:37:48.036829,
TXN00002575,ACC0000391,TRANSFER,Swiggy,46811.5,DECLINED,2026-04-25 02:08:48.036829,ACCOUNT_FROZEN
TXN00002576,CARD000179,PURCHASE,Ola,36058.84,DECLINED,2026-06-12 16:20:48.036829,CARD_BLOCKED
TXN00002577,CARD000009,PURCHASE,IRCTC,59549.64,APPROVED,2026-04-11 02:00:48.036829,
TXN00002578,ACC0000285,PURCHASE,Uber,8634.18,APPROVED,2026-06-06 17:36:48.036829,
TXN00002579,CARD000051,PURCHASE,Flipkart,65556.64,APPROVED,2026-05-22 13:12:48.036829,
TXN00002580,CARD000103,PURCHASE,DMart,63754.2,APPROVED,2026-07-09 15:07:48.036829,
TXN00002581,CARD000005,PURCHASE,DMart,31255.04,APPROVED,2026-05-13 19:21:48.036829,
TXN00002582,CARD000021,PURCHASE,BigBasket,30510.2,APPROVED,2026-07-02 11:18:48.036829,
TXN00002583,ACC0000479,TRANSFER,Tata CLiQ,60232.42,DECLINED,2026-05-02 11:10:48.036829,INVALID_PIN
TXN00002584,ACC0000277,DEPOSIT,Amazon India,44481.73,APPROVED,2026-05-17 06:32:48.036829,
TXN00002585,CARD000038,PURCHASE,Myntra,18293.94,APPROVED,2026-05-26 10:19:48.036829,
TXN00002586,ACC0000340,TRANSFER,Swiggy,396.02,DECLINED,2026-07-08 19:59:48.036829,DAILY_LIMIT_EXCEEDED
TXN00002587,CARD000249,PURCHASE,Swiggy,40947.83,APPROVED,2026-06-02 21:11:48.036829,
TXN00002588,ACC0000508,TRANSFER,Reliance Digital,52176.08,APPROVED,2026-07-01 10:28:48.036829,
TXN00002589,CARD000164,PURCHASE,Amazon India,14784.8,APPROVED,2026-04-27 10:17:48.036829,
TXN00002590,ACC0000002,DEPOSIT,Uber,44731.97,PENDING,2026-03-28 02:04:48.036829,
TXN00002591,ACC0000016,PURCHASE,MakeMyTrip,25936.09,APPROVED,2026-07-04 05:15:48.036829,
TXN00002592,CARD000028,PURCHASE,Croma,2670.41,APPROVED,2026-03-27 10:18:48.036829,
TXN00002593,ACC0000382,PAYMENT,Croma,32775.57,APPROVED,2026-06-13 04:10:48.036829,
TXN00002594,CARD000043,PURCHASE,Croma,27727.0,APPROVED,2026-07-18 11:57:48.036829,
TXN00002595,ACC0000646,DEPOSIT,Zomato,8090.96,APPROVED,2026-04-25 10:55:48.036829,
TXN00002596,CARD000231,PURCHASE,Flipkart,74972.43,PENDING,2026-06-19 15:44:48.036829,
TXN00002597,ACC0000504,PAYMENT,BookMyShow,31636.38,APPROVED,2026-04-02 06:04:48.036829,
TXN00002598,CARD000181,PURCHASE,BigBasket,24249.6,APPROVED,2026-06-24 03:24:48.036829,
TXN00002599,CARD000263,PURCHASE,Swiggy,10641.97,APPROVED,2026-06-26 05:57:48.036829,
TXN00002600,CARD000236,PURCHASE,Uber,51677.05,APPROVED,2026-07-10 12:34:48.036829,
TXN00002601,CARD000036,PURCHASE,Uber,58517.65,APPROVED,2026-05-31 11:45:48.036829,
TXN00002602,CARD000051,PURCHASE,Croma,24783.47,APPROVED,2026-05-07 06:20:48.036829,
TXN00002603,CARD000062,PURCHASE,Uber,54371.68,APPROVED,2026-04-11 17:56:48.036829,
TXN00002604,ACC0000295,DEPOSIT,DMart,55385.4,DECLINED,2026-04-05 16:08:48.036829,INVALID_PIN
TXN00002605,ACC0000389,DEPOSIT,Reliance Digital,52059.67,APPROVED,2026-06-08 18:34:48.036829,
TXN00002606,ACC0000397,WITHDRAWAL,Uber,22585.06,DECLINED,2026-06-17 14:01:48.036829,DAILY_LIMIT_EXCEEDED
TXN00002607,ACC0000564,WITHDRAWAL,Myntra,11853.62,APPROVED,2026-04-19 20:23:48.036829,
TXN00002608,ACC0000296,WITHDRAWAL,IRCTC,3368.07,APPROVED,2026-04-08 20:50:48.036829,
TXN00002609,ACC0000204,TRANSFER,MakeMyTrip,27737.04,APPROVED,2026-05-09 19:39:48.036829,
TXN00002610,ACC0000395,PAYMENT,Reliance Digital,26924.2,DECLINED,2026-06-18 07:23:48.036829,INVALID_PIN
TXN00002611,ACC0000358,PAYMENT,Croma,4751.22,APPROVED,2026-06-01 15:32:48.036829,
TXN00002612,CARD000043,PURCHASE,Zomato,35127.74,APPROVED,2026-04-21 14:26:48.036829,
TXN00002613,CARD000210,PURCHASE,Myntra,50548.76,APPROVED,2026-05-29 21:24:48.036829,
TXN00002614,ACC0000436,WITHDRAWAL,Tata CLiQ,67681.87,APPROVED,2026-04-30 19:00:48.036829,
TXN00002615,CARD000048,PURCHASE,Tata CLiQ,27170.74,DECLINED,2026-06-03 12:13:48.036829,INSUFFICIENT_CREDIT_LIMIT
TXN00002616,ACC0000189,PURCHASE,Apollo Pharmacy,11922.78,APPROVED,2026-04-03 08:09:48.036829,
TXN00002617,CARD000065,PURCHASE,IRCTC,36131.92,APPROVED,2026-07-11 17:48:48.036829,
TXN00002618,CARD000033,PURCHASE,BigBasket,25850.6,APPROVED,2026-06-06 07:33:48.036829,
TXN00002619,ACC0000062,DEPOSIT,Tata CLiQ,68253.63,APPROVED,2026-05-30 20:33:48.036829,
TXN00002620,CARD000258,PURCHASE,BigBasket,26789.8,APPROVED,2026-05-06 08:17:48.036829,
TXN00002621,ACC0000596,DEPOSIT,DMart,58442.08,DECLINED,2026-07-02 15:11:48.036829,SUSPECTED_FRAUD
TXN00002622,ACC0000076,DEPOSIT,Tata CLiQ,61752.44,APPROVED,2026-04-03 11:42:48.036829,
TXN00002623,ACC0000304,PURCHASE,Uber,29887.11,APPROVED,2026-04-23 19:54:48.036829,
TXN00002624,CARD000287,PURCHASE,Reliance Digital,13329.13,APPROVED,2026-06-17 07:27:48.036829,
TXN00002625,ACC0000443,WITHDRAWAL,Swiggy,45187.73,APPROVED,2026-06-16 04:31:48.036829,
TXN00002626,CARD000164,PURCHASE,Reliance Digital,55142.22,APPROVED,2026-04-28 20:10:48.036829,
TXN00002627,ACC0000506,PAYMENT,Apollo Pharmacy,66330.17,DECLINED,2026-06-09 07:46:48.036829,DAILY_LIMIT_EXCEEDED
TXN00002628,ACC0000234,PURCHASE,Flipkart,27922.39,APPROVED,2026-06-30 12:34:48.036829,
TXN00002629,CARD000277,PURCHASE,Flipkart,24454.57,APPROVED,2026-06-17 19:57:48.036829,
TXN00002630,ACC0000361,PAYMENT,BigBasket,68300.35,APPROVED,2026-04-28 22:26:48.036829,
TXN00002631,CARD000002,PURCHASE,Apollo Pharmacy,62541.21,APPROVED,2026-06-20 15:58:48.036829,
TXN00002632,ACC0000232,TRANSFER,Jio Recharge,2599.47,APPROVED,2026-07-20 00:20:48.036829,
TXN00002633,ACC0000683,DEPOSIT,IRCTC,41556.67,APPROVED,2026-06-29 22:48:48.036829,
TXN00002634,CARD000135,PURCHASE,BigBasket,9479.89,APPROVED,2026-04-09 10:55:48.036829,
TXN00002635,ACC0000312,WITHDRAWAL,BookMyShow,3091.86,DECLINED,2026-06-07 11:16:48.036829,SUSPECTED_FRAUD
TXN00002636,CARD000042,PURCHASE,Jio Recharge,54179.85,APPROVED,2026-04-06 08:57:48.036829,
TXN00002637,ACC0000276,DEPOSIT,DMart,6405.22,APPROVED,2026-04-11 12:09:48.036829,
TXN00002638,ACC0000445,PURCHASE,Ola,59157.3,APPROVED,2026-05-23 18:39:48.036829,
TXN00002639,ACC0000055,TRANSFER,Apollo Pharmacy,71277.27,APPROVED,2026-07-08 14:19:48.036829,
TXN00002640,ACC0000319,PURCHASE,Nykaa,46135.82,APPROVED,2026-03-27 22:23:48.036829,
TXN00002641,ACC0000491,DEPOSIT,Ola,52504.6,APPROVED,2026-07-17 14:51:48.036829,
TXN00002642,CARD000165,PURCHASE,Zomato,17668.56,APPROVED,2026-07-17 05:37:48.036829,
TXN00002643,CARD000117,PURCHASE,BigBasket,72705.04,DECLINED,2026-05-18 09:10:48.036829,INSUFFICIENT_CREDIT_LIMIT
TXN00002644,ACC0000175,TRANSFER,Tata CLiQ,67100.99,APPROVED,2026-04-08 20:44:48.036829,
TXN00002645,CARD000021,PURCHASE,Ola,61289.6,APPROVED,2026-07-23 03:14:48.036829,
TXN00002646,CARD000202,PURCHASE,IRCTC,29939.65,APPROVED,2026-06-27 17:53:48.036829,
TXN00002647,CARD000140,PURCHASE,Flipkart,702.07,APPROVED,2026-05-22 21:20:48.036829,
TXN00002648,CARD000199,PURCHASE,Tata CLiQ,33483.2,APPROVED,2026-04-07 03:19:48.036829,
TXN00002649,ACC0000293,TRANSFER,Swiggy,880.6,APPROVED,2026-04-11 08:55:48.036829,
TXN00002650,CARD000090,PURCHASE,BigBasket,44843.13,APPROVED,2026-07-08 04:32:48.036829,
TXN00002651,ACC0000156,WITHDRAWAL,Amazon India,28086.45,APPROVED,2026-05-03 08:37:48.036829,
TXN00002652,CARD000143,PURCHASE,Zomato,72489.81,APPROVED,2026-04-05 06:59:48.036829,
TXN00002653,ACC0000177,PURCHASE,Zomato,7249.39,APPROVED,2026-07-22 14:02:48.036829,
TXN00002654,ACC0000247,DEPOSIT,Zomato,11095.75,APPROVED,2026-04-20 22:02:48.036829,
TXN00002655,ACC0000377,WITHDRAWAL,Reliance Digital,37623.66,APPROVED,2026-06-29 22:43:48.036829,
TXN00002656,ACC0000227,DEPOSIT,Tata CLiQ,59207.42,APPROVED,2026-07-08 22:26:48.036829,
TXN00002657,CARD000226,PURCHASE,MakeMyTrip,40481.52,APPROVED,2026-05-31 22:25:48.036829,
TXN00002658,CARD000114,PURCHASE,MakeMyTrip,23272.39,APPROVED,2026-05-23 09:10:48.036829,
TXN00002659,CARD000030,PURCHASE,Jio Recharge,8308.38,APPROVED,2026-06-04 06:22:48.036829,
TXN00002660,ACC0000114,WITHDRAWAL,BookMyShow,46096.3,APPROVED,2026-05-25 03:17:48.036829,
TXN00002661,CARD000230,PURCHASE,Myntra,42980.85,APPROVED,2026-04-19 19:31:48.036829,
TXN00002662,CARD000124,PURCHASE,Tata CLiQ,36317.69,APPROVED,2026-07-03 21:04:48.036829,
TXN00002663,ACC0000554,PURCHASE,Apollo Pharmacy,19851.25,APPROVED,2026-05-06 11:25:48.036829,
TXN00002664,ACC0000073,WITHDRAWAL,Jio Recharge,28542.13,APPROVED,2026-04-11 03:00:48.036829,
TXN00002665,ACC0000153,PURCHASE,Croma,16911.32,APPROVED,2026-06-19 15:58:48.036829,
TXN00002666,CARD000277,PURCHASE,Jio Recharge,4085.99,APPROVED,2026-04-26 09:46:48.036829,
TXN00002667,CARD000225,PURCHASE,MakeMyTrip,63079.57,APPROVED,2026-04-21 23:20:48.036829,
TXN00002668,CARD000054,PURCHASE,BigBasket,72246.84,DECLINED,2026-05-11 07:30:48.036829,CARD_BLOCKED
TXN00002669,ACC0000202,PURCHASE,Tata CLiQ,40043.33,DECLINED,2026-06-06 14:34:48.036829,INSUFFICIENT_FUNDS
TXN00002670,ACC0000377,PURCHASE,Jio Recharge,67206.76,APPROVED,2026-06-14 04:47:48.036829,
TXN00002671,ACC0000248,DEPOSIT,Amazon India,46108.31,DECLINED,2026-04-01 02:42:48.036829,INVALID_PIN
TXN00002672,ACC0000697,WITHDRAWAL,Uber,58011.04,APPROVED,2026-05-05 18:00:48.036829,
TXN00002673,ACC0000271,PAYMENT,MakeMyTrip,22000.34,APPROVED,2026-05-28 16:02:48.036829,
TXN00002674,ACC0000639,TRANSFER,Flipkart,25878.36,APPROVED,2026-05-28 00:13:48.036829,
TXN00002675,ACC0000474,TRANSFER,Nykaa,67295.24,PENDING,2026-05-18 11:14:48.036829,
TXN00002676,ACC0000083,PAYMENT,MakeMyTrip,41407.51,APPROVED,2026-06-21 09:07:48.036829,
TXN00002677,CARD000052,PURCHASE,BigBasket,60156.85,APPROVED,2026-07-17 05:28:48.036829,
TXN00002678,CARD000265,PURCHASE,BookMyShow,70381.03,APPROVED,2026-04-26 10:58:48.036829,
TXN00002679,ACC0000325,PAYMENT,Ola,24841.97,APPROVED,2026-04-09 18:21:48.036829,
TXN00002680,CARD000019,PURCHASE,Croma,48800.42,APPROVED,2026-05-16 20:51:48.036829,
TXN00002681,ACC0000163,WITHDRAWAL,Zomato,63464.54,DECLINED,2026-05-25 18:01:48.036829,INVALID_PIN
TXN00002682,CARD000064,PURCHASE,Nykaa,21975.14,APPROVED,2026-07-20 06:59:48.036829,
TXN00002683,ACC0000690,DEPOSIT,Swiggy,24820.42,DECLINED,2026-06-27 10:47:48.036829,ACCOUNT_FROZEN
TXN00002684,ACC0000232,PAYMENT,Myntra,1048.07,APPROVED,2026-04-05 19:51:48.036829,
TXN00002685,CARD000239,PURCHASE,Uber,28127.82,DECLINED,2026-06-02 18:24:48.036829,CARD_BLOCKED
TXN00002686,ACC0000044,TRANSFER,Croma,22171.49,APPROVED,2026-03-31 00:24:48.036829,
TXN00002687,CARD000062,PURCHASE,Jio Recharge,34157.83,APPROVED,2026-06-06 03:47:48.036829,
TXN00002688,CARD000036,PURCHASE,DMart,25156.75,APPROVED,2026-06-29 15:17:48.036829,
TXN00002689,CARD000151,PURCHASE,Zomato,30875.21,DECLINED,2026-05-10 01:00:48.036829,INSUFFICIENT_CREDIT_LIMIT
TXN00002690,ACC0000054,TRANSFER,Zomato,6551.08,DECLINED,2026-04-02 07:57:48.036829,INSUFFICIENT_FUNDS
TXN00002691,ACC0000478,PAYMENT,Myntra,2166.99,APPROVED,2026-07-09 20:24:48.036829,
TXN00002692,ACC0000374,DEPOSIT,Myntra,38537.05,APPROVED,2026-07-14 07:40:48.036829,
TXN00002693,CARD000144,PURCHASE,Tata CLiQ,19027.63,APPROVED,2026-05-29 19:50:48.036829,
TXN00002694,ACC0000291,PURCHASE,IRCTC,55831.95,APPROVED,2026-06-01 21:41:48.036829,
TXN00002695,ACC0000254,TRANSFER,Swiggy,24904.93,APPROVED,2026-04-24 12:02:48.036829,
TXN00002696,ACC0000087,DEPOSIT,Apollo Pharmacy,15793.04,APPROVED,2026-04-14 10:30:48.036829,
TXN00002697,ACC0000280,PAYMENT,Swiggy,64433.21,APPROVED,2026-05-08 09:43:48.036829,
TXN00002698,CARD000096,PURCHASE,Croma,7026.81,APPROVED,2026-04-12 04:41:48.036829,
TXN00002699,CARD000102,PURCHASE,Swiggy,29806.64,APPROVED,2026-04-21 14:56:48.036829,
TXN00002700,CARD000046,PURCHASE,Croma,7877.56,APPROVED,2026-05-03 11:26:48.036829,
TXN00002701,ACC0000458,WITHDRAWAL,Apollo Pharmacy,2906.16,APPROVED,2026-06-09 16:14:48.036829,
TXN00002702,CARD000103,PURCHASE,Amazon India,16902.71,APPROVED,2026-06-23 15:00:48.036829,
TXN00002703,ACC0000465,PURCHASE,MakeMyTrip,41670.31,APPROVED,2026-04-04 20:31:48.036829,
TXN00002704,ACC0000643,WITHDRAWAL,BigBasket,66971.93,APPROVED,2026-06-29 11:02:48.036829,
TXN00002705,CARD000158,PURCHASE,Flipkart,33508.16,APPROVED,2026-06-04 08:17:48.036829,
TXN00002706,ACC0000498,DEPOSIT,Myntra,71540.11,APPROVED,2026-04-19 15:36:48.036829,
TXN00002707,ACC0000313,PAYMENT,MakeMyTrip,62127.0,APPROVED,2026-04-01 02:55:48.036829,
TXN00002708,ACC0000618,PURCHASE,Uber,3061.29,APPROVED,2026-05-16 09:47:48.036829,
TXN00002709,ACC0000176,PAYMENT,Reliance Digital,32929.88,APPROVED,2026-05-22 13:40:48.036829,
TXN00002710,CARD000139,PURCHASE,Swiggy,67335.79,APPROVED,2026-04-21 23:39:48.036829,
TXN00002711,ACC0000065,PURCHASE,MakeMyTrip,33813.09,APPROVED,2026-05-05 16:44:48.036829,
TXN00002712,ACC0000183,DEPOSIT,Amazon India,35733.85,DECLINED,2026-07-03 03:48:48.036829,INSUFFICIENT_FUNDS
TXN00002713,ACC0000231,WITHDRAWAL,Reliance Digital,52115.7,APPROVED,2026-07-22 03:38:48.036829,
TXN00002714,CARD000165,PURCHASE,Swiggy,2295.06,DECLINED,2026-04-03 19:26:48.036829,INSUFFICIENT_CREDIT_LIMIT
TXN00002715,ACC0000640,TRANSFER,BigBasket,42653.91,APPROVED,2026-03-29 02:32:48.036829,
TXN00002716,ACC0000509,PURCHASE,IRCTC,61141.94,DECLINED,2026-05-03 06:28:48.036829,DAILY_LIMIT_EXCEEDED
TXN00002717,CARD000107,PURCHASE,Ola,73521.98,APPROVED,2026-07-11 10:52:48.036829,
TXN00002718,ACC0000532,PURCHASE,Tata CLiQ,55829.55,APPROVED,2026-04-03 07:32:48.036829,
TXN00002719,CARD000002,PURCHASE,Amazon India,32806.32,APPROVED,2026-04-04 19:30:48.036829,
TXN00002720,CARD000092,PURCHASE,Apollo Pharmacy,28413.34,APPROVED,2026-07-07 11:02:48.036829,
TXN00002721,ACC0000103,DEPOSIT,MakeMyTrip,43315.44,APPROVED,2026-04-29 06:11:48.036829,
TXN00002722,CARD000124,PURCHASE,DMart,33177.45,APPROVED,2026-05-01 00:18:48.036829,
TXN00002723,ACC0000284,TRANSFER,BigBasket,30855.01,APPROVED,2026-03-28 01:36:48.036829,
TXN00002724,ACC0000405,WITHDRAWAL,Tata CLiQ,42480.89,APPROVED,2026-03-27 23:55:48.036829,
TXN00002725,CARD000038,PURCHASE,Apollo Pharmacy,1534.5,DECLINED,2026-07-12 22:20:48.036829,INCORRECT_CVV
TXN00002726,CARD000121,PURCHASE,MakeMyTrip,23074.28,APPROVED,2026-05-12 04:40:48.036829,
TXN00002727,ACC0000038,PURCHASE,Tata CLiQ,46693.59,APPROVED,2026-04-06 12:55:48.036829,
TXN00002728,ACC0000041,WITHDRAWAL,Amazon India,54387.22,APPROVED,2026-04-09 21:52:48.036829,
TXN00002729,CARD000070,PURCHASE,Apollo Pharmacy,25684.29,APPROVED,2026-07-21 14:01:48.036829,
TXN00002730,ACC0000187,DEPOSIT,Apollo Pharmacy,50083.2,APPROVED,2026-05-07 14:20:48.036829,
TXN00002731,ACC0000416,PAYMENT,Swiggy,56133.03,APPROVED,2026-06-04 08:59:48.036829,
TXN00002732,CARD000249,PURCHASE,MakeMyTrip,72577.4,DECLINED,2026-05-21 14:09:48.036829,SUSPECTED_FRAUD
TXN00002733,CARD000028,PURCHASE,IRCTC,22331.31,APPROVED,2026-04-18 10:52:48.036829,
TXN00002734,ACC0000202,PURCHASE,Ola,69774.42,APPROVED,2026-06-10 03:24:48.036829,
TXN00002735,CARD000067,PURCHASE,Reliance Digital,41665.26,APPROVED,2026-07-18 03:27:48.036829,
TXN00002736,CARD000080,PURCHASE,DMart,47928.59,APPROVED,2026-07-21 01:16:48.036829,
TXN00002737,ACC0000271,WITHDRAWAL,Croma,25254.89,PENDING,2026-06-18 08:37:48.036829,
TXN00002738,ACC0000488,DEPOSIT,Reliance Digital,39877.87,APPROVED,2026-07-14 12:55:48.036829,
TXN00002739,CARD000267,PURCHASE,Jio Recharge,51744.98,APPROVED,2026-04-29 00:20:48.036829,
TXN00002740,ACC0000658,DEPOSIT,Reliance Digital,52991.82,APPROVED,2026-07-25 22:38:48.036829,
TXN00002741,CARD000157,PURCHASE,MakeMyTrip,44258.19,APPROVED,2026-07-03 07:24:48.036829,
TXN00002742,ACC0000031,TRANSFER,Uber,61157.81,APPROVED,2026-04-25 17:25:48.036829,
TXN00002743,CARD000003,PURCHASE,Croma,23808.76,APPROVED,2026-05-11 20:01:48.036829,
TXN00002744,ACC0000464,PURCHASE,Uber,44307.66,APPROVED,2026-06-08 12:24:48.036829,
TXN00002745,ACC0000005,WITHDRAWAL,Tata CLiQ,24052.97,APPROVED,2026-04-23 03:50:48.036829,
TXN00002746,ACC0000351,TRANSFER,IRCTC,16391.71,APPROVED,2026-04-30 20:42:48.036829,
TXN00002747,CARD000192,PURCHASE,Flipkart,48119.85,APPROVED,2026-04-11 11:21:48.036829,
TXN00002748,ACC0000083,WITHDRAWAL,DMart,56106.4,APPROVED,2026-07-14 16:01:48.036829,
TXN00002749,CARD000025,PURCHASE,Ola,66445.43,APPROVED,2026-04-01 07:57:48.036829,
TXN00002750,CARD000084,PURCHASE,Myntra,4189.44,APPROVED,2026-05-23 23:24:48.036829,
TXN00002751,CARD000211,PURCHASE,Nykaa,41177.66,DECLINED,2026-07-20 18:53:48.036829,EXPIRED_CARD
TXN00002752,ACC0000446,DEPOSIT,Amazon India,23485.36,APPROVED,2026-03-28 12:01:48.036829,
TXN00002753,CARD000200,PURCHASE,BookMyShow,42416.35,APPROVED,2026-06-26 08:25:48.036829,
TXN00002754,CARD000172,PURCHASE,Ola,6019.39,APPROVED,2026-05-20 16:26:48.036829,
TXN00002755,ACC0000238,PURCHASE,Uber,54568.3,APPROVED,2026-07-05 03:57:48.036829,
TXN00002756,CARD000202,PURCHASE,Nykaa,65140.25,APPROVED,2026-06-04 02:02:48.036829,
TXN00002757,CARD000186,PURCHASE,Reliance Digital,41111.48,APPROVED,2026-06-30 10:25:48.036829,
TXN00002758,ACC0000671,WITHDRAWAL,Reliance Digital,4035.85,APPROVED,2026-05-03 05:28:48.036829,
TXN00002759,CARD000037,PURCHASE,Nykaa,47601.94,APPROVED,2026-06-15 09:45:48.036829,
TXN00002760,ACC0000598,WITHDRAWAL,DMart,16734.44,DECLINED,2026-07-07 08:59:48.036829,SUSPECTED_FRAUD
TXN00002761,CARD000049,PURCHASE,DMart,66146.44,PENDING,2026-07-04 01:01:48.036829,
TXN00002762,ACC0000645,PURCHASE,Croma,27022.46,APPROVED,2026-04-12 23:18:48.036829,
TXN00002763,CARD000148,PURCHASE,DMart,52285.42,APPROVED,2026-04-19 04:58:48.036829,
TXN00002764,ACC0000175,PAYMENT,IRCTC,1824.28,APPROVED,2026-03-29 14:24:48.036829,
TXN00002765,CARD000151,PURCHASE,Uber,48657.42,APPROVED,2026-06-23 21:19:48.036829,
TXN00002766,ACC0000079,DEPOSIT,Apollo Pharmacy,1335.14,APPROVED,2026-04-09 01:54:48.036829,
TXN00002767,ACC0000671,TRANSFER,Swiggy,32957.57,DECLINED,2026-04-02 20:58:48.036829,ACCOUNT_FROZEN
TXN00002768,ACC0000097,PAYMENT,Myntra,59119.33,APPROVED,2026-05-05 03:37:48.036829,
TXN00002769,ACC0000346,WITHDRAWAL,Apollo Pharmacy,39237.45,APPROVED,2026-04-14 06:31:48.036829,
TXN00002770,CARD000006,PURCHASE,Uber,73948.84,APPROVED,2026-03-29 02:39:48.036829,
TXN00002771,ACC0000407,PAYMENT,Reliance Digital,63066.49,APPROVED,2026-05-04 22:23:48.036829,
TXN00002772,ACC0000324,TRANSFER,Myntra,44666.05,APPROVED,2026-06-06 23:58:48.036829,
TXN00002773,CARD000219,PURCHASE,Uber,63752.25,APPROVED,2026-05-19 12:53:48.036829,
TXN00002774,ACC0000012,PURCHASE,Croma,14264.08,APPROVED,2026-04-23 04:58:48.036829,
TXN00002775,ACC0000133,PURCHASE,Flipkart,59271.32,APPROVED,2026-06-15 21:19:48.036829,
TXN00002776,CARD000244,PURCHASE,IRCTC,31196.0,APPROVED,2026-05-14 16:51:48.036829,
TXN00002777,CARD000089,PURCHASE,BigBasket,5361.97,APPROVED,2026-05-21 17:02:48.036829,
TXN00002778,CARD000300,PURCHASE,Croma,5073.88,APPROVED,2026-04-12 13:46:48.036829,
TXN00002779,ACC0000345,PURCHASE,Reliance Digital,56844.95,APPROVED,2026-04-28 06:04:48.036829,
TXN00002780,ACC0000626,DEPOSIT,Amazon India,71021.12,APPROVED,2026-05-25 18:55:48.036829,
TXN00002781,CARD000025,PURCHASE,Apollo Pharmacy,20947.38,APPROVED,2026-07-05 07:31:48.036829,
TXN00002782,CARD000004,PURCHASE,MakeMyTrip,48541.19,APPROVED,2026-06-21 19:25:48.036829,
TXN00002783,CARD000288,PURCHASE,Zomato,14000.68,APPROVED,2026-05-17 16:56:48.036829,
TXN00002784,CARD000105,PURCHASE,DMart,56261.1,APPROVED,2026-07-01 16:33:48.036829,
TXN00002785,ACC0000523,DEPOSIT,Nykaa,69529.44,APPROVED,2026-05-16 16:22:48.036829,
TXN00002786,ACC0000428,DEPOSIT,IRCTC,9533.26,DECLINED,2026-06-10 18:17:48.036829,DAILY_LIMIT_EXCEEDED
TXN00002787,ACC0000328,DEPOSIT,MakeMyTrip,58571.87,PENDING,2026-07-23 16:11:48.036829,
TXN00002788,ACC0000317,PAYMENT,Nykaa,22443.48,APPROVED,2026-05-09 19:18:48.036829,
TXN00002789,ACC0000418,TRANSFER,Jio Recharge,20903.31,APPROVED,2026-04-21 08:38:48.036829,
TXN00002790,ACC0000656,PAYMENT,BookMyShow,17319.1,APPROVED,2026-07-04 02:59:48.036829,
TXN00002791,ACC0000069,PURCHASE,BigBasket,60147.71,DECLINED,2026-06-06 23:50:48.036829,INVALID_PIN
TXN00002792,ACC0000073,TRANSFER,Flipkart,65096.48,APPROVED,2026-06-22 22:21:48.036829,
TXN00002793,CARD000222,PURCHASE,Tata CLiQ,32597.48,APPROVED,2026-06-13 06:28:48.036829,
TXN00002794,CARD000146,PURCHASE,Ola,17725.97,APPROVED,2026-04-04 14:22:48.036829,
TXN00002795,CARD000021,PURCHASE,Swiggy,31759.5,PENDING,2026-07-03 18:47:48.036829,
TXN00002796,ACC0000152,WITHDRAWAL,Nykaa,68191.87,APPROVED,2026-05-02 17:59:48.036829,
TXN00002797,CARD000052,PURCHASE,BookMyShow,27780.42,APPROVED,2026-04-07 06:24:48.036829,
TXN00002798,CARD000132,PURCHASE,Tata CLiQ,16037.27,APPROVED,2026-05-02 17:29:48.036829,
TXN00002799,ACC0000337,WITHDRAWAL,Myntra,51495.01,APPROVED,2026-06-19 15:10:48.036829,
TXN00002800,ACC0000376,TRANSFER,Uber,13079.41,APPROVED,2026-05-02 08:23:48.036829,
TXN00002801,ACC0000356,TRANSFER,Apollo Pharmacy,45522.9,APPROVED,2026-07-06 00:29:48.036829,
TXN00002802,ACC0000413,TRANSFER,Ola,33720.87,APPROVED,2026-03-29 12:56:48.036829,
TXN00002803,CARD000008,PURCHASE,Tata CLiQ,72876.2,APPROVED,2026-04-21 15:03:48.036829,
TXN00002804,CARD000262,PURCHASE,BookMyShow,2661.86,APPROVED,2026-04-30 21:43:48.036829,
TXN00002805,ACC0000675,PURCHASE,Amazon India,56395.27,APPROVED,2026-06-12 19:59:48.036829,
TXN00002806,ACC0000010,PURCHASE,Croma,55913.92,APPROVED,2026-06-10 05:09:48.036829,
TXN00002807,ACC0000391,WITHDRAWAL,Flipkart,19326.78,APPROVED,2026-06-28 14:47:48.036829,
TXN00002808,CARD000252,PURCHASE,Nykaa,8997.24,APPROVED,2026-05-17 02:02:48.036829,
TXN00002809,CARD000186,PURCHASE,Myntra,22843.05,DECLINED,2026-07-17 11:54:48.036829,SUSPECTED_FRAUD
TXN00002810,CARD000191,PURCHASE,MakeMyTrip,9914.61,APPROVED,2026-05-16 08:25:48.036829,
TXN00002811,ACC0000469,TRANSFER,Uber,19790.04,APPROVED,2026-03-30 12:35:48.036829,
TXN00002812,CARD000252,PURCHASE,IRCTC,15696.09,APPROVED,2026-07-18 09:38:48.036829,
TXN00002813,ACC0000467,DEPOSIT,Amazon India,42395.47,DECLINED,2026-05-09 01:05:48.036829,DAILY_LIMIT_EXCEEDED
TXN00002814,CARD000043,PURCHASE,DMart,1559.31,APPROVED,2026-04-14 08:07:48.036829,
TXN00002815,CARD000089,PURCHASE,Jio Recharge,66337.54,APPROVED,2026-05-31 07:37:48.036829,
TXN00002816,ACC0000509,TRANSFER,Swiggy,25577.2,APPROVED,2026-04-17 17:52:48.036829,
TXN00002817,ACC0000107,PURCHASE,Myntra,66263.48,APPROVED,2026-04-09 22:53:48.036829,
TXN00002818,ACC0000066,WITHDRAWAL,Croma,72213.48,APPROVED,2026-04-14 08:41:48.036829,
TXN00002819,CARD000205,PURCHASE,Reliance Digital,42957.62,APPROVED,2026-04-03 12:23:48.036829,
TXN00002820,CARD000272,PURCHASE,BigBasket,16922.04,APPROVED,2026-04-06 09:41:48.036829,
TXN00002821,ACC0000021,PURCHASE,Amazon India,52023.73,DECLINED,2026-06-01 02:36:48.036829,DAILY_LIMIT_EXCEEDED
TXN00002822,CARD000101,PURCHASE,Amazon India,50231.99,APPROVED,2026-05-02 19:17:48.036829,
TXN00002823,ACC0000359,TRANSFER,Swiggy,54617.18,APPROVED,2026-05-10 21:16:48.036829,
TXN00002824,ACC0000032,WITHDRAWAL,Croma,14173.58,APPROVED,2026-06-14 23:18:48.036829,
TXN00002825,CARD000132,PURCHASE,DMart,38703.61,APPROVED,2026-06-06 06:39:48.036829,
TXN00002826,CARD000062,PURCHASE,Zomato,54610.18,APPROVED,2026-05-02 04:35:48.036829,
TXN00002827,CARD000247,PURCHASE,IRCTC,32604.5,APPROVED,2026-05-19 20:53:48.036829,
TXN00002828,CARD000142,PURCHASE,Nykaa,32296.15,DECLINED,2026-04-04 21:24:48.036829,MERCHANT_NOT_SUPPORTED
TXN00002829,ACC0000381,PURCHASE,Swiggy,43622.6,APPROVED,2026-06-06 09:28:48.036829,
TXN00002830,CARD000076,PURCHASE,IRCTC,19660.06,DECLINED,2026-05-18 04:12:48.036829,INSUFFICIENT_CREDIT_LIMIT
TXN00002831,ACC0000615,PAYMENT,Apollo Pharmacy,43958.18,APPROVED,2026-03-29 19:40:48.036829,
TXN00002832,CARD000290,PURCHASE,Uber,15738.56,APPROVED,2026-05-19 04:51:48.036829,
TXN00002833,ACC0000281,DEPOSIT,Jio Recharge,66039.39,APPROVED,2026-05-13 09:25:48.036829,
TXN00002834,CARD000144,PURCHASE,BigBasket,10083.13,APPROVED,2026-06-01 17:32:48.036829,
TXN00002835,ACC0000638,PURCHASE,Ola,32863.66,DECLINED,2026-06-14 00:38:48.036829,SUSPECTED_FRAUD
TXN00002836,ACC0000448,TRANSFER,Apollo Pharmacy,50007.17,APPROVED,2026-07-21 11:16:48.036829,
TXN00002837,CARD000081,PURCHASE,Swiggy,3107.26,APPROVED,2026-07-09 07:20:48.036829,
TXN00002838,CARD000259,PURCHASE,Nykaa,19789.35,DECLINED,2026-05-19 11:48:48.036829,EXPIRED_CARD
TXN00002839,CARD000067,PURCHASE,Nykaa,34028.72,APPROVED,2026-06-07 05:27:48.036829,
TXN00002840,CARD000246,PURCHASE,Flipkart,33079.5,APPROVED,2026-07-07 04:11:48.036829,
TXN00002841,CARD000111,PURCHASE,BigBasket,24334.69,APPROVED,2026-04-27 22:01:48.036829,
TXN00002842,ACC0000368,PAYMENT,IRCTC,7536.93,APPROVED,2026-07-21 11:16:48.036829,
TXN00002843,ACC0000355,DEPOSIT,BookMyShow,16331.31,APPROVED,2026-07-20 15:53:48.036829,
TXN00002844,ACC0000427,DEPOSIT,DMart,48800.97,APPROVED,2026-04-27 09:35:48.036829,
TXN00002845,ACC0000365,DEPOSIT,MakeMyTrip,40687.04,APPROVED,2026-07-22 06:21:48.036829,
TXN00002846,ACC0000687,DEPOSIT,MakeMyTrip,69822.16,APPROVED,2026-07-25 14:29:48.036829,
TXN00002847,CARD000299,PURCHASE,DMart,26869.16,APPROVED,2026-07-19 05:59:48.036829,
TXN00002848,ACC0000508,DEPOSIT,Amazon India,33006.86,APPROVED,2026-06-01 08:25:48.036829,
TXN00002849,ACC0000350,DEPOSIT,Swiggy,71605.29,APPROVED,2026-06-14 04:57:48.036829,
TXN00002850,ACC0000630,DEPOSIT,Zomato,45258.05,APPROVED,2026-06-27 06:53:48.036829,
TXN00002851,CARD000263,PURCHASE,BookMyShow,69406.01,APPROVED,2026-05-29 02:54:48.036829,
TXN00002852,CARD000146,PURCHASE,Swiggy,13858.93,DECLINED,2026-06-19 13:05:48.036829,EXPIRED_CARD
TXN00002853,CARD000052,PURCHASE,BigBasket,38283.92,DECLINED,2026-04-24 22:09:48.036829,CARD_BLOCKED
TXN00002854,CARD000287,PURCHASE,Nykaa,4033.66,APPROVED,2026-06-01 22:17:48.036829,
TXN00002855,ACC0000405,DEPOSIT,Zomato,16291.56,APPROVED,2026-04-03 16:33:48.036829,
TXN00002856,CARD000035,PURCHASE,Flipkart,66790.01,APPROVED,2026-05-02 06:10:48.036829,
TXN00002857,ACC0000131,PAYMENT,Croma,68477.75,APPROVED,2026-04-28 09:18:48.036829,
TXN00002858,ACC0000653,WITHDRAWAL,Jio Recharge,13092.49,APPROVED,2026-05-20 03:10:48.036829,
TXN00002859,CARD000141,PURCHASE,Amazon India,23203.76,APPROVED,2026-06-15 11:14:48.036829,
TXN00002860,CARD000045,PURCHASE,Flipkart,42261.2,APPROVED,2026-06-18 05:09:48.036829,
TXN00002861,ACC0000440,WITHDRAWAL,Ola,44604.84,DECLINED,2026-06-13 14:33:48.036829,DAILY_LIMIT_EXCEEDED
TXN00002862,CARD000105,PURCHASE,Ola,43411.59,PENDING,2026-07-14 00:34:48.036829,
TXN00002863,CARD000111,PURCHASE,DMart,17300.16,APPROVED,2026-03-31 09:46:48.036829,
TXN00002864,CARD000096,PURCHASE,Apollo Pharmacy,26807.38,APPROVED,2026-07-14 11:41:48.036829,
TXN00002865,CARD000300,PURCHASE,Ola,69617.58,APPROVED,2026-07-04 04:18:48.036829,
TXN00002866,CARD000073,PURCHASE,Jio Recharge,25240.75,APPROVED,2026-05-04 15:09:48.036829,
TXN00002867,CARD000115,PURCHASE,Amazon India,71292.13,DECLINED,2026-06-18 11:30:48.036829,EXPIRED_CARD
TXN00002868,CARD000076,PURCHASE,Amazon India,28808.73,APPROVED,2026-04-05 06:22:48.036829,
TXN00002869,ACC0000184,PAYMENT,Jio Recharge,3572.69,APPROVED,2026-07-17 01:25:48.036829,
TXN00002870,CARD000256,PURCHASE,Ola,28803.72,APPROVED,2026-05-19 03:08:48.036829,
TXN00002871,CARD000258,PURCHASE,Reliance Digital,9802.96,APPROVED,2026-05-02 07:03:48.036829,
TXN00002872,ACC0000216,WITHDRAWAL,BookMyShow,14445.63,APPROVED,2026-06-29 06:56:48.036829,
TXN00002873,ACC0000438,PAYMENT,BigBasket,55890.22,APPROVED,2026-04-01 20:10:48.036829,
TXN00002874,CARD000215,PURCHASE,Flipkart,60557.69,APPROVED,2026-07-08 21:07:48.036829,
TXN00002875,ACC0000682,PURCHASE,Croma,66742.32,APPROVED,2026-07-19 05:42:48.036829,
TXN00002876,CARD000175,PURCHASE,Reliance Digital,58659.69,APPROVED,2026-05-08 21:00:48.036829,
TXN00002877,ACC0000571,PURCHASE,Flipkart,14760.38,APPROVED,2026-04-17 12:21:48.036829,
TXN00002878,ACC0000439,DEPOSIT,MakeMyTrip,56037.13,DECLINED,2026-05-29 00:32:48.036829,ACCOUNT_FROZEN
TXN00002879,CARD000048,PURCHASE,Uber,3228.35,APPROVED,2026-05-18 15:07:48.036829,
TXN00002880,ACC0000087,PURCHASE,Reliance Digital,2021.18,APPROVED,2026-05-26 00:14:48.036829,
TXN00002881,ACC0000317,PAYMENT,IRCTC,53372.09,APPROVED,2026-05-21 00:10:48.036829,
TXN00002882,ACC0000066,TRANSFER,IRCTC,17980.97,DECLINED,2026-03-28 06:35:48.036829,SUSPECTED_FRAUD
TXN00002883,ACC0000610,PURCHASE,MakeMyTrip,30776.13,DECLINED,2026-07-08 08:38:48.036829,SUSPECTED_FRAUD
TXN00002884,ACC0000201,DEPOSIT,Apollo Pharmacy,22567.28,APPROVED,2026-05-23 23:54:48.036829,
TXN00002885,ACC0000038,TRANSFER,Amazon India,7527.55,APPROVED,2026-07-08 01:20:48.036829,
TXN00002886,ACC0000038,WITHDRAWAL,DMart,63927.14,APPROVED,2026-05-24 22:51:48.036829,
TXN00002887,ACC0000149,TRANSFER,Zomato,51158.85,APPROVED,2026-05-15 05:20:48.036829,
TXN00002888,ACC0000230,PURCHASE,Tata CLiQ,9408.77,APPROVED,2026-04-02 19:45:48.036829,
TXN00002889,ACC0000140,TRANSFER,Flipkart,63569.32,APPROVED,2026-04-12 02:20:48.036829,
TXN00002890,ACC0000474,DEPOSIT,Swiggy,45868.63,APPROVED,2026-05-04 18:53:48.036829,
TXN00002891,CARD000274,PURCHASE,Swiggy,11192.42,APPROVED,2026-05-04 22:26:48.036829,
TXN00002892,ACC0000161,PAYMENT,Zomato,1916.0,APPROVED,2026-07-09 13:58:48.036829,
TXN00002893,CARD000288,PURCHASE,Ola,12229.27,APPROVED,2026-03-29 07:21:48.036829,
TXN00002894,ACC0000606,PAYMENT,Croma,13312.36,APPROVED,2026-04-28 11:01:48.036829,
TXN00002895,ACC0000066,DEPOSIT,Tata CLiQ,3085.94,APPROVED,2026-07-17 17:44:48.036829,
TXN00002896,CARD000085,PURCHASE,Apollo Pharmacy,67796.44,APPROVED,2026-04-16 06:59:48.036829,
TXN00002897,ACC0000305,PURCHASE,Tata CLiQ,63585.13,PENDING,2026-07-14 10:43:48.036829,
TXN00002898,CARD000030,PURCHASE,Zomato,67737.69,APPROVED,2026-06-14 16:24:48.036829,
TXN00002899,ACC0000451,TRANSFER,Nykaa,16411.51,APPROVED,2026-05-04 23:38:48.036829,
TXN00002900,ACC0000574,PAYMENT,Nykaa,11276.51,DECLINED,2026-04-18 21:20:48.036829,INVALID_PIN
TXN00002901,ACC0000643,DEPOSIT,Myntra,57883.4,APPROVED,2026-04-15 22:15:48.036829,
TXN00002902,ACC0000463,PAYMENT,IRCTC,1963.35,DECLINED,2026-05-18 23:30:48.036829,INVALID_PIN
TXN00002903,ACC0000245,TRANSFER,Croma,58581.89,APPROVED,2026-07-21 19:56:48.036829,
TXN00002904,ACC0000111,TRANSFER,Uber,66293.18,DECLINED,2026-05-24 09:13:48.036829,SUSPECTED_FRAUD
TXN00002905,ACC0000123,PAYMENT,Ola,19289.3,APPROVED,2026-06-18 07:47:48.036829,
TXN00002906,CARD000129,PURCHASE,Reliance Digital,8928.2,APPROVED,2026-07-21 08:51:48.036829,
TXN00002907,CARD000012,PURCHASE,DMart,69914.14,APPROVED,2026-04-06 00:07:48.036829,
TXN00002908,ACC0000484,DEPOSIT,Jio Recharge,19822.63,APPROVED,2026-07-22 07:00:48.036829,
TXN00002909,ACC0000697,TRANSFER,Myntra,46962.62,APPROVED,2026-04-04 18:21:48.036829,
TXN00002910,CARD000011,PURCHASE,IRCTC,53933.19,APPROVED,2026-07-01 01:44:48.036829,
TXN00002911,CARD000088,PURCHASE,Uber,21194.21,APPROVED,2026-04-18 17:45:48.036829,
TXN00002912,CARD000262,PURCHASE,DMart,20546.0,DECLINED,2026-05-14 08:21:48.036829,SUSPECTED_FRAUD
TXN00002913,CARD000031,PURCHASE,Flipkart,61071.75,APPROVED,2026-04-25 19:42:48.036829,
TXN00002914,ACC0000567,PAYMENT,Flipkart,36692.94,APPROVED,2026-05-17 07:07:48.036829,
TXN00002915,CARD000116,PURCHASE,DMart,68059.41,APPROVED,2026-07-14 00:14:48.036829,
TXN00002916,ACC0000295,WITHDRAWAL,BookMyShow,57800.59,APPROVED,2026-05-12 09:01:48.036829,
TXN00002917,CARD000200,PURCHASE,BookMyShow,8747.44,APPROVED,2026-04-06 23:05:48.036829,
TXN00002918,CARD000021,PURCHASE,IRCTC,71689.88,DECLINED,2026-03-29 15:00:48.036829,CARD_BLOCKED
TXN00002919,ACC0000201,PAYMENT,Swiggy,65562.87,APPROVED,2026-05-03 02:49:48.036829,
TXN00002920,CARD000257,PURCHASE,DMart,19177.53,APPROVED,2026-05-04 10:21:48.036829,
TXN00002921,CARD000262,PURCHASE,Ola,34413.41,APPROVED,2026-07-16 21:09:48.036829,
TXN00002922,ACC0000374,PAYMENT,Tata CLiQ,610.24,PENDING,2026-04-03 20:31:48.036829,
TXN00002923,ACC0000231,PAYMENT,Zomato,27447.9,APPROVED,2026-04-27 17:24:48.036829,
TXN00002924,CARD000153,PURCHASE,Ola,74583.53,APPROVED,2026-07-21 01:00:48.036829,
TXN00002925,CARD000015,PURCHASE,Croma,67118.93,APPROVED,2026-06-17 04:30:48.036829,
TXN00002926,ACC0000399,DEPOSIT,Zomato,5074.87,APPROVED,2026-07-11 04:00:48.036829,
TXN00002927,ACC0000001,TRANSFER,Croma,37127.06,APPROVED,2026-07-09 05:58:48.036829,
TXN00002928,ACC0000171,PAYMENT,Nykaa,46651.64,APPROVED,2026-07-02 14:51:48.036829,
TXN00002929,CARD000237,PURCHASE,Tata CLiQ,55487.48,APPROVED,2026-06-10 17:38:48.036829,
TXN00002930,ACC0000230,DEPOSIT,IRCTC,25562.96,DECLINED,2026-07-19 18:07:48.036829,DAILY_LIMIT_EXCEEDED
TXN00002931,ACC0000692,TRANSFER,Tata CLiQ,53003.46,APPROVED,2026-05-21 14:25:48.036829,
TXN00002932,ACC0000357,DEPOSIT,Flipkart,18479.54,APPROVED,2026-04-06 08:15:48.036829,
TXN00002933,ACC0000481,PAYMENT,Amazon India,59373.85,DECLINED,2026-06-04 19:31:48.036829,SUSPECTED_FRAUD
TXN00002934,ACC0000073,PURCHASE,Tata CLiQ,9414.74,APPROVED,2026-04-23 06:37:48.036829,
TXN00002935,CARD000166,PURCHASE,Myntra,11213.37,APPROVED,2026-05-09 10:25:48.036829,
TXN00002936,CARD000115,PURCHASE,IRCTC,51828.34,APPROVED,2026-03-28 13:05:48.036829,
TXN00002937,CARD000165,PURCHASE,Uber,73058.38,APPROVED,2026-07-11 14:39:48.036829,
TXN00002938,ACC0000159,DEPOSIT,Swiggy,10889.01,DECLINED,2026-07-07 01:45:48.036829,ACCOUNT_FROZEN
TXN00002939,CARD000234,PURCHASE,Amazon India,55264.36,APPROVED,2026-05-12 01:39:48.036829,
TXN00002940,ACC0000128,PURCHASE,Flipkart,25436.11,DECLINED,2026-05-11 22:02:48.036829,DAILY_LIMIT_EXCEEDED
TXN00002941,CARD000253,PURCHASE,BigBasket,47202.45,APPROVED,2026-04-23 01:42:48.036829,
TXN00002942,ACC0000241,WITHDRAWAL,Jio Recharge,11527.33,APPROVED,2026-05-13 23:03:48.036829,
TXN00002943,ACC0000497,PAYMENT,Uber,59675.79,APPROVED,2026-07-25 12:29:48.036829,
TXN00002944,ACC0000338,PAYMENT,Tata CLiQ,32705.41,APPROVED,2026-07-14 23:10:48.036829,
TXN00002945,CARD000257,PURCHASE,Tata CLiQ,47123.5,APPROVED,2026-06-05 06:03:48.036829,
TXN00002946,CARD000176,PURCHASE,MakeMyTrip,38815.33,APPROVED,2026-04-23 03:29:48.036829,
TXN00002947,ACC0000568,TRANSFER,Reliance Digital,20025.38,APPROVED,2026-06-04 12:25:48.036829,
TXN00002948,ACC0000253,WITHDRAWAL,Zomato,15704.34,APPROVED,2026-05-26 01:36:48.036829,
TXN00002949,CARD000013,PURCHASE,Ola,47885.59,PENDING,2026-06-07 23:23:48.036829,
TXN00002950,ACC0000578,WITHDRAWAL,BookMyShow,39787.75,APPROVED,2026-07-04 08:00:48.036829,
TXN00002951,ACC0000221,PURCHASE,MakeMyTrip,30745.47,APPROVED,2026-06-30 14:59:48.036829,
TXN00002952,CARD000211,PURCHASE,DMart,65095.6,APPROVED,2026-05-13 00:06:48.036829,
TXN00002953,ACC0000076,WITHDRAWAL,Swiggy,18541.37,APPROVED,2026-05-20 02:55:48.036829,
TXN00002954,CARD000067,PURCHASE,Jio Recharge,7682.69,APPROVED,2026-06-13 20:55:48.036829,
TXN00002955,ACC0000007,WITHDRAWAL,Zomato,62477.53,APPROVED,2026-05-19 01:59:48.036829,
TXN00002956,ACC0000643,DEPOSIT,Swiggy,63007.98,APPROVED,2026-05-03 22:40:48.036829,
TXN00002957,CARD000167,PURCHASE,IRCTC,6601.12,APPROVED,2026-05-08 14:37:48.036829,
TXN00002958,ACC0000053,WITHDRAWAL,Ola,28507.65,APPROVED,2026-07-26 07:48:48.036829,
TXN00002959,CARD000081,PURCHASE,Tata CLiQ,58117.9,APPROVED,2026-06-18 16:36:48.036829,
TXN00002960,CARD000138,PURCHASE,Zomato,58544.48,APPROVED,2026-04-11 14:18:48.036829,
TXN00002961,ACC0000410,PAYMENT,BigBasket,52830.97,APPROVED,2026-06-04 17:52:48.036829,
TXN00002962,ACC0000092,DEPOSIT,BigBasket,73096.31,APPROVED,2026-06-14 04:47:48.036829,
TXN00002963,ACC0000278,PURCHASE,Flipkart,47926.34,APPROVED,2026-07-07 23:12:48.036829,
TXN00002964,ACC0000427,TRANSFER,BigBasket,41569.55,APPROVED,2026-04-29 23:31:48.036829,
TXN00002965,ACC0000325,TRANSFER,Amazon India,21535.62,APPROVED,2026-07-08 07:07:48.036829,
TXN00002966,ACC0000571,WITHDRAWAL,Zomato,20016.52,APPROVED,2026-06-23 06:51:48.036829,
TXN00002967,ACC0000045,PURCHASE,DMart,55871.4,APPROVED,2026-04-04 12:22:48.036829,
TXN00002968,CARD000033,PURCHASE,Apollo Pharmacy,45424.26,APPROVED,2026-05-29 08:16:48.036829,
TXN00002969,ACC0000119,TRANSFER,IRCTC,367.35,APPROVED,2026-07-22 15:37:48.036829,
TXN00002970,CARD000086,PURCHASE,Flipkart,2539.65,APPROVED,2026-04-24 03:01:48.036829,
TXN00002971,CARD000144,PURCHASE,MakeMyTrip,61159.51,APPROVED,2026-04-06 21:46:48.036829,
TXN00002972,CARD000208,PURCHASE,Apollo Pharmacy,44690.87,APPROVED,2026-05-13 06:10:48.036829,
TXN00002973,CARD000230,PURCHASE,BookMyShow,1997.05,APPROVED,2026-05-20 10:46:48.036829,
TXN00002974,ACC0000387,PURCHASE,BookMyShow,1734.41,APPROVED,2026-07-18 06:00:48.036829,
TXN00002975,ACC0000610,PURCHASE,MakeMyTrip,36466.68,PENDING,2026-05-09 11:05:48.036829,
TXN00002976,CARD000124,PURCHASE,IRCTC,23670.69,APPROVED,2026-05-30 17:16:48.036829,
TXN00002977,ACC0000255,PURCHASE,IRCTC,17109.81,APPROVED,2026-06-11 00:37:48.036829,
TXN00002978,ACC0000417,PAYMENT,Amazon India,67048.14,APPROVED,2026-04-15 13:46:48.036829,
TXN00002979,CARD000056,PURCHASE,Jio Recharge,46475.8,DECLINED,2026-05-05 20:32:48.036829,INSUFFICIENT_CREDIT_LIMIT
TXN00002980,CARD000196,PURCHASE,BookMyShow,3390.91,APPROVED,2026-07-11 17:36:48.036829,
TXN00002981,ACC0000352,PAYMENT,Swiggy,6863.43,APPROVED,2026-05-30 18:20:48.036829,
TXN00002982,ACC0000616,DEPOSIT,Croma,32065.98,APPROVED,2026-04-13 19:12:48.036829,
TXN00002983,ACC0000342,WITHDRAWAL,Croma,23730.76,APPROVED,2026-04-25 07:40:48.036829,
TXN00002984,ACC0000685,DEPOSIT,Croma,28860.87,APPROVED,2026-05-13 11:51:48.036829,
TXN00002985,CARD000228,PURCHASE,Flipkart,16446.92,APPROVED,2026-06-28 11:34:48.036829,
TXN00002986,CARD000129,PURCHASE,Zomato,20896.39,APPROVED,2026-04-19 11:45:48.036829,
TXN00002987,CARD000247,PURCHASE,Nykaa,69994.04,APPROVED,2026-05-25 18:39:48.036829,
TXN00002988,CARD000164,PURCHASE,BookMyShow,15538.77,APPROVED,2026-05-01 18:27:48.036829,
TXN00002989,CARD000234,PURCHASE,IRCTC,10528.91,APPROVED,2026-06-04 04:38:48.036829,
TXN00002990,CARD000139,PURCHASE,Amazon India,13125.62,APPROVED,2026-03-27 14:05:48.036829,
TXN00002991,ACC0000031,PAYMENT,BookMyShow,9240.45,APPROVED,2026-06-30 15:36:48.036829,
TXN00002992,ACC0000165,PURCHASE,Uber,827.23,APPROVED,2026-04-03 07:06:48.036829,
TXN00002993,CARD000184,PURCHASE,Swiggy,66065.15,APPROVED,2026-05-22 02:54:48.036829,
TXN00002994,CARD000079,PURCHASE,Myntra,1343.27,APPROVED,2026-04-14 18:43:48.036829,
TXN00002995,ACC0000128,TRANSFER,Croma,70776.23,APPROVED,2026-07-02 09:33:48.036829,
TXN00002996,ACC0000566,TRANSFER,Amazon India,57505.91,APPROVED,2026-05-16 23:18:48.036829,
TXN00002997,CARD000120,PURCHASE,Tata CLiQ,60103.81,APPROVED,2026-07-01 21:12:48.036829,
TXN00002998,ACC0000425,TRANSFER,Zomato,5801.05,APPROVED,2026-07-24 02:45:48.036829,
TXN00002999,CARD000224,PURCHASE,MakeMyTrip,52379.87,APPROVED,2026-06-28 20:56:48.036829,
TXN00003000,ACC0000364,WITHDRAWAL,Reliance Digital,28027.65,APPROVED,2026-07-15 17:11:48.036829,
TXN00003001,CARD000151,PURCHASE,Uber,49421.03,APPROVED,2026-07-15 17:03:48.036829,
TXN00003002,CARD000181,PURCHASE,Flipkart,26651.45,APPROVED,2026-04-14 19:54:48.036829,
TXN00003003,ACC0000263,TRANSFER,IRCTC,47971.0,APPROVED,2026-03-28 22:24:48.036829,
TXN00003004,CARD000251,PURCHASE,Reliance Digital,31205.48,APPROVED,2026-04-13 12:18:48.036829,
TXN00003005,ACC0000221,DEPOSIT,BigBasket,31694.38,APPROVED,2026-07-22 13:18:48.036829,
TXN00003006,CARD000119,PURCHASE,MakeMyTrip,27108.3,APPROVED,2026-06-01 09:32:48.036829,
TXN00003007,CARD000161,PURCHASE,Jio Recharge,11716.33,APPROVED,2026-06-08 17:54:48.036829,
TXN00003008,ACC0000393,PAYMENT,Swiggy,38154.95,APPROVED,2026-04-20 05:30:48.036829,
TXN00003009,ACC0000633,PURCHASE,MakeMyTrip,46091.97,APPROVED,2026-03-28 13:24:48.036829,
TXN00003010,ACC0000640,PURCHASE,Tata CLiQ,38696.1,APPROVED,2026-05-21 07:08:48.036829,
TXN00003011,ACC0000037,TRANSFER,Jio Recharge,32675.98,DECLINED,2026-05-31 04:29:48.036829,ACCOUNT_FROZEN
TXN00003012,CARD000258,PURCHASE,Apollo Pharmacy,7452.31,APPROVED,2026-05-25 07:12:48.036829,
TXN00003013,CARD000228,PURCHASE,Jio Recharge,44265.86,APPROVED,2026-04-21 13:15:48.036829,
TXN00003014,CARD000164,PURCHASE,Swiggy,36145.0,APPROVED,2026-07-12 03:59:48.036829,
TXN00003015,ACC0000464,DEPOSIT,Apollo Pharmacy,50015.62,APPROVED,2026-07-23 10:12:48.036829,
TXN00003016,ACC0000507,TRANSFER,Flipkart,27330.5,DECLINED,2026-05-27 04:42:48.036829,DAILY_LIMIT_EXCEEDED
TXN00003017,CARD000153,PURCHASE,Amazon India,51910.44,APPROVED,2026-07-18 23:23:48.036829,
TXN00003018,ACC0000554,DEPOSIT,Apollo Pharmacy,50544.0,DECLINED,2026-04-28 08:28:48.036829,SUSPECTED_FRAUD
TXN00003019,ACC0000535,PAYMENT,Tata CLiQ,49739.03,APPROVED,2026-03-29 06:17:48.036829,
TXN00003020,ACC0000410,TRANSFER,Myntra,48579.1,APPROVED,2026-05-10 05:04:48.036829,
TXN00003021,CARD000255,PURCHASE,BigBasket,53549.53,APPROVED,2026-05-11 01:40:48.036829,
TXN00003022,ACC0000682,WITHDRAWAL,Flipkart,22648.29,APPROVED,2026-07-16 09:15:48.036829,
TXN00003023,ACC0000409,TRANSFER,Croma,19644.08,APPROVED,2026-05-05 05:53:48.036829,
TXN00003024,ACC0000497,PURCHASE,Jio Recharge,47035.5,APPROVED,2026-07-12 14:58:48.036829,
TXN00003025,ACC0000134,DEPOSIT,BookMyShow,71576.84,APPROVED,2026-04-27 17:16:48.036829,
TXN00003026,CARD000126,PURCHASE,Swiggy,10631.21,APPROVED,2026-07-17 05:58:48.036829,
TXN00003027,ACC0000257,WITHDRAWAL,DMart,62167.72,APPROVED,2026-06-22 09:39:48.036829,
TXN00003028,ACC0000176,PAYMENT,Reliance Digital,16370.2,APPROVED,2026-05-25 09:10:48.036829,
TXN00003029,ACC0000038,WITHDRAWAL,Reliance Digital,21055.28,APPROVED,2026-04-05 18:28:48.036829,
TXN00003030,CARD000140,PURCHASE,Uber,64730.2,APPROVED,2026-07-23 23:39:48.036829,
TXN00003031,CARD000274,PURCHASE,Uber,31891.39,APPROVED,2026-05-24 14:37:48.036829,
TXN00003032,CARD000018,PURCHASE,Flipkart,61407.56,APPROVED,2026-07-20 10:54:48.036829,
TXN00003033,ACC0000209,TRANSFER,Myntra,49718.46,APPROVED,2026-03-28 21:57:48.036829,
TXN00003034,ACC0000576,WITHDRAWAL,Jio Recharge,63583.82,APPROVED,2026-04-09 07:12:48.036829,
TXN00003035,ACC0000438,PAYMENT,Zomato,72188.26,APPROVED,2026-04-18 19:53:48.036829,
TXN00003036,CARD000241,PURCHASE,Apollo Pharmacy,66534.34,DECLINED,2026-07-06 16:37:48.036829,MERCHANT_NOT_SUPPORTED
TXN00003037,CARD000046,PURCHASE,BookMyShow,9374.32,APPROVED,2026-07-13 18:05:48.036829,
TXN00003038,ACC0000050,DEPOSIT,MakeMyTrip,22110.6,APPROVED,2026-07-25 04:27:48.036829,
TXN00003039,CARD000122,PURCHASE,IRCTC,18206.49,DECLINED,2026-06-05 19:37:48.036829,CARD_BLOCKED
TXN00003040,CARD000250,PURCHASE,Croma,66076.55,APPROVED,2026-06-04 13:04:48.036829,
TXN00003041,ACC0000457,PAYMENT,Amazon India,48858.14,APPROVED,2026-03-29 00:23:48.036829,
TXN00003042,CARD000242,PURCHASE,BigBasket,12477.09,APPROVED,2026-04-08 15:00:48.036829,
TXN00003043,ACC0000273,TRANSFER,IRCTC,60125.26,PENDING,2026-06-17 16:21:48.036829,
TXN00003044,ACC0000052,WITHDRAWAL,Tata CLiQ,32282.12,APPROVED,2026-04-06 09:34:48.036829,
TXN00003045,CARD000058,PURCHASE,IRCTC,21926.51,APPROVED,2026-07-02 21:55:48.036829,
TXN00003046,CARD000260,PURCHASE,Reliance Digital,743.01,APPROVED,2026-04-27 00:51:48.036829,
TXN00003047,ACC0000597,PURCHASE,MakeMyTrip,68687.58,APPROVED,2026-03-30 08:16:48.036829,
TXN00003048,ACC0000480,TRANSFER,Jio Recharge,44917.67,APPROVED,2026-05-28 05:53:48.036829,
TXN00003049,CARD000045,PURCHASE,DMart,46714.3,APPROVED,2026-05-30 05:01:48.036829,
TXN00003050,CARD000086,PURCHASE,Amazon India,70525.69,APPROVED,2026-04-23 12:22:48.036829,
TXN00003051,CARD000019,PURCHASE,Uber,14774.21,APPROVED,2026-03-29 22:17:48.036829,
TXN00003052,ACC0000472,PAYMENT,DMart,9278.37,APPROVED,2026-03-29 03:54:48.036829,
TXN00003053,ACC0000608,PURCHASE,Flipkart,25857.21,APPROVED,2026-06-13 02:03:48.036829,
TXN00003054,CARD000161,PURCHASE,Reliance Digital,70251.97,DECLINED,2026-07-07 17:19:48.036829,MERCHANT_NOT_SUPPORTED
TXN00003055,CARD000173,PURCHASE,Flipkart,29813.55,APPROVED,2026-04-25 04:34:48.036829,
TXN00003056,ACC0000375,DEPOSIT,Jio Recharge,46106.55,APPROVED,2026-04-02 22:39:48.036829,
TXN00003057,CARD000164,PURCHASE,Flipkart,48278.83,APPROVED,2026-03-31 02:28:48.036829,
TXN00003058,ACC0000583,PURCHASE,Tata CLiQ,59864.43,APPROVED,2026-04-22 05:35:48.036829,
TXN00003059,ACC0000644,DEPOSIT,Amazon India,39838.45,APPROVED,2026-07-19 19:41:48.036829,
TXN00003060,ACC0000542,WITHDRAWAL,DMart,42135.16,APPROVED,2026-05-25 05:36:48.036829,
TXN00003061,ACC0000558,PAYMENT,Swiggy,56214.17,APPROVED,2026-06-20 09:31:48.036829,
TXN00003062,CARD000134,PURCHASE,Flipkart,40021.12,APPROVED,2026-05-06 19:35:48.036829,
TXN00003063,ACC0000164,WITHDRAWAL,Apollo Pharmacy,33088.98,APPROVED,2026-06-11 18:08:48.036829,
TXN00003064,ACC0000530,PURCHASE,IRCTC,42156.12,APPROVED,2026-03-28 21:01:48.036829,
TXN00003065,CARD000020,PURCHASE,Tata CLiQ,67082.25,APPROVED,2026-06-22 22:50:48.036829,
TXN00003066,CARD000277,PURCHASE,Ola,29971.86,APPROVED,2026-05-27 17:36:48.036829,
TXN00003067,ACC0000026,DEPOSIT,DMart,71175.49,APPROVED,2026-06-15 21:41:48.036829,
TXN00003068,CARD000103,PURCHASE,Nykaa,74688.22,APPROVED,2026-07-21 10:44:48.036829,
TXN00003069,ACC0000376,DEPOSIT,Nykaa,25727.14,APPROVED,2026-05-27 23:06:48.036829,
TXN00003070,CARD000229,PURCHASE,DMart,34854.62,DECLINED,2026-05-21 07:15:48.036829,MERCHANT_NOT_SUPPORTED
TXN00003071,ACC0000524,DEPOSIT,Uber,55240.86,APPROVED,2026-07-25 15:04:48.036829,
TXN00003072,CARD000268,PURCHASE,Croma,16886.17,APPROVED,2026-04-04 15:58:48.036829,
TXN00003073,ACC0000041,TRANSFER,DMart,54276.86,DECLINED,2026-06-26 02:46:48.036829,ACCOUNT_FROZEN
TXN00003074,CARD000017,PURCHASE,Uber,701.48,APPROVED,2026-05-16 14:25:48.036829,
TXN00003075,CARD000220,PURCHASE,Uber,73384.33,APPROVED,2026-07-12 11:59:48.036829,
TXN00003076,ACC0000169,PAYMENT,Jio Recharge,51304.08,APPROVED,2026-05-02 02:03:48.036829,
TXN00003077,ACC0000586,TRANSFER,Uber,71068.73,APPROVED,2026-04-09 12:28:48.036829,
TXN00003078,ACC0000675,PURCHASE,Tata CLiQ,45123.88,APPROVED,2026-04-27 04:44:48.036829,
TXN00003079,ACC0000076,PAYMENT,Jio Recharge,71364.13,APPROVED,2026-06-10 15:58:48.036829,
TXN00003080,ACC0000052,TRANSFER,BigBasket,58871.43,DECLINED,2026-05-16 07:05:48.036829,INSUFFICIENT_FUNDS
TXN00003081,CARD000289,PURCHASE,Amazon India,5031.87,APPROVED,2026-06-06 18:56:48.036829,
TXN00003082,ACC0000083,DEPOSIT,Myntra,27767.4,APPROVED,2026-04-06 10:16:48.036829,
TXN00003083,CARD000145,PURCHASE,Nykaa,62424.41,APPROVED,2026-05-29 19:57:48.036829,
TXN00003084,ACC0000614,WITHDRAWAL,Reliance Digital,8124.42,APPROVED,2026-04-05 12:10:48.036829,
TXN00003085,ACC0000024,DEPOSIT,Jio Recharge,35567.84,APPROVED,2026-07-06 01:33:48.036829,
TXN00003086,CARD000127,PURCHASE,Uber,65341.25,APPROVED,2026-06-01 03:00:48.036829,
TXN00003087,ACC0000502,PAYMENT,Croma,7499.52,APPROVED,2026-07-11 06:01:48.036829,
TXN00003088,CARD000103,PURCHASE,Flipkart,5367.59,APPROVED,2026-05-27 03:30:48.036829,
TXN00003089,ACC0000337,PURCHASE,Zomato,2703.01,APPROVED,2026-06-29 15:07:48.036829,
TXN00003090,ACC0000266,PURCHASE,DMart,53930.2,DECLINED,2026-05-30 13:13:48.036829,INSUFFICIENT_FUNDS
TXN00003091,ACC0000254,DEPOSIT,Nykaa,24923.51,APPROVED,2026-04-15 04:40:48.036829,
TXN00003092,CARD000145,PURCHASE,BookMyShow,37838.99,APPROVED,2026-07-02 23:24:48.036829,
TXN00003093,CARD000094,PURCHASE,Zomato,47513.12,APPROVED,2026-03-31 06:22:48.036829,
TXN00003094,CARD000211,PURCHASE,Myntra,52074.49,APPROVED,2026-06-14 23:11:48.036829,
TXN00003095,CARD000251,PURCHASE,Zomato,44214.66,APPROVED,2026-07-21 13:42:48.036829,
TXN00003096,ACC0000176,PAYMENT,Croma,11350.38,APPROVED,2026-07-02 14:06:48.036829,
TXN00003097,ACC0000288,WITHDRAWAL,Swiggy,66305.39,APPROVED,2026-06-09 10:38:48.036829,
TXN00003098,ACC0000248,PAYMENT,Jio Recharge,31304.35,APPROVED,2026-06-09 13:05:48.036829,
TXN00003099,CARD000017,PURCHASE,IRCTC,18646.4,APPROVED,2026-04-18 01:24:48.036829,
TXN00003100,ACC0000271,DEPOSIT,Croma,33862.18,DECLINED,2026-04-06 12:57:48.036829,ACCOUNT_FROZEN
TXN00003101,ACC0000005,PAYMENT,Jio Recharge,53471.37,APPROVED,2026-05-20 22:01:48.036829,
TXN00003102,ACC0000651,PAYMENT,Amazon India,57139.77,APPROVED,2026-04-09 18:58:48.036829,
TXN00003103,ACC0000084,PAYMENT,DMart,22397.98,PENDING,2026-07-13 15:23:48.036829,
TXN00003104,ACC0000307,PAYMENT,BookMyShow,38514.16,APPROVED,2026-05-17 23:40:48.036829,
TXN00003105,ACC0000307,PURCHASE,MakeMyTrip,61149.06,DECLINED,2026-06-24 06:14:48.036829,INVALID_PIN
TXN00003106,CARD000058,PURCHASE,DMart,8086.05,APPROVED,2026-05-23 10:32:48.036829,
TXN00003107,CARD000047,PURCHASE,Apollo Pharmacy,74216.18,DECLINED,2026-04-29 17:29:48.036829,INSUFFICIENT_CREDIT_LIMIT
TXN00003108,CARD000115,PURCHASE,Zomato,65792.96,APPROVED,2026-05-13 23:49:48.036829,
TXN00003109,CARD000070,PURCHASE,Flipkart,17059.15,APPROVED,2026-07-17 11:30:48.036829,
TXN00003110,CARD000240,PURCHASE,BigBasket,3899.79,DECLINED,2026-07-05 02:45:48.036829,INSUFFICIENT_CREDIT_LIMIT
TXN00003111,CARD000086,PURCHASE,Zomato,50906.53,APPROVED,2026-04-22 00:41:48.036829,
TXN00003112,ACC0000626,PURCHASE,Zomato,13105.63,APPROVED,2026-05-22 02:36:48.036829,
TXN00003113,CARD000027,PURCHASE,MakeMyTrip,15016.41,DECLINED,2026-04-03 11:27:48.036829,EXPIRED_CARD
TXN00003114,CARD000177,PURCHASE,Amazon India,25081.69,APPROVED,2026-06-16 02:36:48.036829,
TXN00003115,ACC0000436,WITHDRAWAL,Nykaa,13738.18,APPROVED,2026-05-05 10:43:48.036829,
TXN00003116,ACC0000486,PURCHASE,Ola,13305.34,APPROVED,2026-04-30 14:49:48.036829,
TXN00003117,ACC0000543,WITHDRAWAL,Flipkart,52014.13,APPROVED,2026-05-01 00:44:48.036829,
TXN00003118,ACC0000251,WITHDRAWAL,MakeMyTrip,64018.63,APPROVED,2026-05-19 04:57:48.036829,
TXN00003119,ACC0000585,WITHDRAWAL,BigBasket,38467.92,APPROVED,2026-06-27 10:01:48.036829,
TXN00003120,CARD000124,PURCHASE,BigBasket,13990.59,APPROVED,2026-06-01 16:37:48.036829,
TXN00003121,ACC0000017,TRANSFER,Amazon India,21502.04,APPROVED,2026-07-10 02:49:48.036829,
TXN00003122,CARD000112,PURCHASE,Amazon India,42888.34,APPROVED,2026-06-13 23:04:48.036829,
TXN00003123,CARD000238,PURCHASE,Swiggy,38374.17,APPROVED,2026-06-15 06:18:48.036829,
TXN00003124,ACC0000138,DEPOSIT,IRCTC,7457.54,APPROVED,2026-04-07 13:58:48.036829,
TXN00003125,ACC0000655,PURCHASE,Jio Recharge,2697.64,APPROVED,2026-07-08 12:27:48.036829,
TXN00003126,ACC0000297,PURCHASE,Tata CLiQ,13876.76,APPROVED,2026-05-07 16:40:48.036829,
TXN00003127,ACC0000117,PAYMENT,MakeMyTrip,54023.8,PENDING,2026-07-13 21:21:48.036829,
TXN00003128,ACC0000351,DEPOSIT,Uber,21665.0,APPROVED,2026-07-15 02:58:48.036829,
TXN00003129,CARD000172,PURCHASE,BookMyShow,50395.78,APPROVED,2026-04-08 19:33:48.036829,
TXN00003130,CARD000187,PURCHASE,Croma,42050.11,APPROVED,2026-04-30 07:08:48.036829,
TXN00003131,ACC0000347,PAYMENT,BigBasket,7475.96,APPROVED,2026-04-11 08:44:48.036829,
TXN00003132,CARD000179,PURCHASE,DMart,74299.11,DECLINED,2026-07-02 17:53:48.036829,CARD_BLOCKED
TXN00003133,CARD000165,PURCHASE,BookMyShow,63550.29,APPROVED,2026-05-04 20:29:48.036829,
TXN00003134,ACC0000555,PAYMENT,DMart,60667.33,APPROVED,2026-07-12 16:32:48.036829,
TXN00003135,CARD000110,PURCHASE,BookMyShow,2263.75,DECLINED,2026-07-07 16:24:48.036829,CARD_BLOCKED
TXN00003136,ACC0000650,DEPOSIT,Zomato,71017.23,APPROVED,2026-03-30 19:20:48.036829,
TXN00003137,CARD000126,PURCHASE,Reliance Digital,44314.31,APPROVED,2026-07-17 22:04:48.036829,
TXN00003138,ACC0000180,TRANSFER,Flipkart,17452.25,APPROVED,2026-05-19 00:30:48.036829,
TXN00003139,CARD000077,PURCHASE,Amazon India,60777.69,APPROVED,2026-05-05 04:03:48.036829,
TXN00003140,CARD000032,PURCHASE,Flipkart,61809.64,DECLINED,2026-06-15 15:27:48.036829,SUSPECTED_FRAUD
TXN00003141,CARD000182,PURCHASE,Croma,58502.86,APPROVED,2026-06-27 18:33:48.036829,
TXN00003142,ACC0000354,TRANSFER,Tata CLiQ,58168.01,APPROVED,2026-06-05 03:02:48.036829,
TXN00003143,CARD000193,PURCHASE,Uber,32992.49,APPROVED,2026-07-11 09:38:48.036829,
TXN00003144,ACC0000100,PAYMENT,Zomato,55457.81,APPROVED,2026-03-31 09:15:48.036829,
TXN00003145,CARD000203,PURCHASE,Zomato,14873.52,APPROVED,2026-06-18 14:41:48.036829,
TXN00003146,ACC0000391,PAYMENT,Apollo Pharmacy,53078.32,DECLINED,2026-05-03 18:46:48.036829,INVALID_PIN
TXN00003147,ACC0000067,WITHDRAWAL,Zomato,63914.37,APPROVED,2026-05-01 09:58:48.036829,
TXN00003148,CARD000228,PURCHASE,Tata CLiQ,31739.92,APPROVED,2026-05-11 22:05:48.036829,
TXN00003149,ACC0000360,DEPOSIT,BookMyShow,4845.42,APPROVED,2026-04-16 11:07:48.036829,
TXN00003150,CARD000038,PURCHASE,Tata CLiQ,53848.65,APPROVED,2026-07-20 04:34:48.036829,
TXN00003151,CARD000113,PURCHASE,Croma,50312.45,APPROVED,2026-04-18 21:02:48.036829,
TXN00003152,CARD000165,PURCHASE,Swiggy,61943.1,APPROVED,2026-05-17 15:31:48.036829,
TXN00003153,CARD000180,PURCHASE,DMart,59290.51,APPROVED,2026-03-27 09:00:48.036829,
TXN00003154,ACC0000443,WITHDRAWAL,Croma,34448.43,APPROVED,2026-06-07 08:08:48.036829,
TXN00003155,CARD000051,PURCHASE,Apollo Pharmacy,23390.05,APPROVED,2026-04-07 07:57:48.036829,
TXN00003156,CARD000091,PURCHASE,Croma,8035.61,APPROVED,2026-07-07 20:06:48.036829,
TXN00003157,ACC0000175,TRANSFER,BookMyShow,22986.75,APPROVED,2026-07-11 13:50:48.036829,
TXN00003158,ACC0000146,TRANSFER,Tata CLiQ,477.64,APPROVED,2026-04-11 18:32:48.036829,
TXN00003159,ACC0000421,DEPOSIT,Amazon India,49117.06,APPROVED,2026-04-07 16:18:48.036829,
TXN00003160,CARD000234,PURCHASE,Ola,39954.23,APPROVED,2026-06-27 13:21:48.036829,
TXN00003161,ACC0000602,TRANSFER,Flipkart,26633.79,APPROVED,2026-05-26 09:58:48.036829,
TXN00003162,CARD000272,PURCHASE,DMart,52558.68,APPROVED,2026-04-14 04:40:48.036829,
TXN00003163,ACC0000326,PURCHASE,Ola,31121.29,APPROVED,2026-05-03 23:40:48.036829,
TXN00003164,CARD000276,PURCHASE,Croma,46711.87,APPROVED,2026-06-30 08:07:48.036829,
TXN00003165,CARD000103,PURCHASE,Zomato,50189.61,APPROVED,2026-05-03 23:54:48.036829,
TXN00003166,ACC0000165,PURCHASE,BookMyShow,14717.14,APPROVED,2026-03-30 04:16:48.036829,
TXN00003167,ACC0000486,PURCHASE,IRCTC,21116.08,APPROVED,2026-05-21 01:51:48.036829,
TXN00003168,CARD000104,PURCHASE,Zomato,58222.07,DECLINED,2026-07-21 13:04:48.036829,SUSPECTED_FRAUD
TXN00003169,ACC0000061,PAYMENT,Reliance Digital,21916.38,PENDING,2026-06-18 11:57:48.036829,
TXN00003170,ACC0000650,TRANSFER,IRCTC,60263.25,APPROVED,2026-06-20 12:35:48.036829,
TXN00003171,ACC0000024,WITHDRAWAL,BookMyShow,37579.32,APPROVED,2026-04-05 06:51:48.036829,
TXN00003172,ACC0000422,PAYMENT,Ola,62438.87,APPROVED,2026-06-09 07:14:48.036829,
TXN00003173,ACC0000589,DEPOSIT,Myntra,31608.81,APPROVED,2026-07-18 17:01:48.036829,
TXN00003174,CARD000196,PURCHASE,Tata CLiQ,12095.25,APPROVED,2026-05-21 22:49:48.036829,
TXN00003175,CARD000138,PURCHASE,Reliance Digital,58503.01,DECLINED,2026-04-09 12:58:48.036829,CARD_BLOCKED
TXN00003176,CARD000263,PURCHASE,Zomato,16362.49,DECLINED,2026-06-13 00:03:48.036829,EXPIRED_CARD
TXN00003177,ACC0000432,PURCHASE,Reliance Digital,70536.39,APPROVED,2026-04-14 09:52:48.036829,
TXN00003178,ACC0000545,PAYMENT,Zomato,25669.19,APPROVED,2026-04-17 06:05:48.036829,
TXN00003179,CARD000171,PURCHASE,IRCTC,37854.8,APPROVED,2026-07-22 08:20:48.036829,
TXN00003180,ACC0000036,DEPOSIT,Nykaa,71992.33,APPROVED,2026-06-11 13:01:48.036829,
TXN00003181,CARD000151,PURCHASE,BookMyShow,11379.1,APPROVED,2026-03-29 12:48:48.036829,
TXN00003182,ACC0000201,TRANSFER,Jio Recharge,59572.4,APPROVED,2026-06-28 21:10:48.036829,
TXN00003183,ACC0000490,DEPOSIT,Amazon India,2917.55,APPROVED,2026-05-14 14:18:48.036829,
TXN00003184,CARD000296,PURCHASE,Amazon India,38301.09,DECLINED,2026-06-23 03:10:48.036829,CARD_BLOCKED
TXN00003185,CARD000225,PURCHASE,Swiggy,30446.87,APPROVED,2026-05-22 14:39:48.036829,
TXN00003186,ACC0000630,PAYMENT,Zomato,55666.27,APPROVED,2026-06-18 01:51:48.036829,
TXN00003187,ACC0000182,PURCHASE,IRCTC,32926.5,APPROVED,2026-04-29 06:51:48.036829,
TXN00003188,ACC0000317,TRANSFER,MakeMyTrip,48204.25,APPROVED,2026-04-08 16:43:48.036829,
TXN00003189,ACC0000407,TRANSFER,DMart,16928.41,APPROVED,2026-06-17 16:51:48.036829,
TXN00003190,ACC0000435,PURCHASE,Zomato,3301.55,APPROVED,2026-04-25 23:13:48.036829,
TXN00003191,ACC0000394,TRANSFER,Zomato,64827.43,APPROVED,2026-07-01 20:02:48.036829,
TXN00003192,ACC0000686,PURCHASE,Croma,5388.04,APPROVED,2026-05-28 16:52:48.036829,
TXN00003193,CARD000241,PURCHASE,Amazon India,9929.1,APPROVED,2026-07-10 06:24:48.036829,
TXN00003194,CARD000203,PURCHASE,Swiggy,31527.93,APPROVED,2026-07-11 07:41:48.036829,
TXN00003195,ACC0000542,TRANSFER,Ola,13949.1,APPROVED,2026-05-05 13:38:48.036829,
TXN00003196,ACC0000158,PURCHASE,Jio Recharge,396.2,APPROVED,2026-04-23 12:44:48.036829,
TXN00003197,CARD000219,PURCHASE,Ola,23324.84,APPROVED,2026-04-18 20:10:48.036829,
TXN00003198,CARD000098,PURCHASE,Flipkart,65872.79,APPROVED,2026-05-16 23:40:48.036829,
TXN00003199,ACC0000022,PURCHASE,MakeMyTrip,14164.21,APPROVED,2026-04-09 09:30:48.036829,
TXN00003200,ACC0000244,TRANSFER,Myntra,23021.77,APPROVED,2026-05-23 07:22:48.036829,
TXN00003201,CARD000229,PURCHASE,Nykaa,64507.28,DECLINED,2026-03-31 01:30:48.036829,CARD_BLOCKED
TXN00003202,CARD000256,PURCHASE,BookMyShow,33662.44,APPROVED,2026-04-11 20:36:48.036829,
TXN00003203,ACC0000163,PAYMENT,Croma,60936.67,APPROVED,2026-07-12 11:06:48.036829,
TXN00003204,CARD000175,PURCHASE,Croma,30685.48,DECLINED,2026-07-08 03:33:48.036829,SUSPECTED_FRAUD
TXN00003205,ACC0000479,PAYMENT,Apollo Pharmacy,30630.2,DECLINED,2026-07-18 23:30:48.036829,ACCOUNT_FROZEN
TXN00003206,ACC0000624,PAYMENT,Croma,48284.97,APPROVED,2026-05-11 06:11:48.036829,
TXN00003207,CARD000071,PURCHASE,DMart,856.02,APPROVED,2026-05-06 22:14:48.036829,
TXN00003208,ACC0000495,DEPOSIT,Zomato,38140.14,APPROVED,2026-05-28 05:28:48.036829,
TXN00003209,ACC0000297,TRANSFER,Tata CLiQ,64140.89,APPROVED,2026-05-28 13:14:48.036829,
TXN00003210,CARD000076,PURCHASE,Zomato,61534.63,PENDING,2026-07-24 21:42:48.036829,
TXN00003211,ACC0000545,TRANSFER,BigBasket,35454.37,PENDING,2026-06-21 06:21:48.036829,
TXN00003212,ACC0000262,DEPOSIT,Uber,45777.3,APPROVED,2026-04-19 05:20:48.036829,
TXN00003213,CARD000276,PURCHASE,Flipkart,31915.83,APPROVED,2026-06-21 05:21:48.036829,
TXN00003214,ACC0000380,WITHDRAWAL,Croma,23951.7,APPROVED,2026-04-07 10:37:48.036829,
TXN00003215,ACC0000466,WITHDRAWAL,Flipkart,4251.15,APPROVED,2026-07-22 18:12:48.036829,
TXN00003216,ACC0000624,WITHDRAWAL,Amazon India,9052.35,APPROVED,2026-05-09 09:38:48.036829,
TXN00003217,ACC0000591,WITHDRAWAL,Apollo Pharmacy,61847.59,APPROVED,2026-04-30 06:58:48.036829,
TXN00003218,ACC0000388,PAYMENT,Zomato,39171.93,APPROVED,2026-05-14 21:52:48.036829,
TXN00003219,ACC0000438,WITHDRAWAL,Amazon India,13516.21,APPROVED,2026-07-03 07:27:48.036829,
TXN00003220,ACC0000115,DEPOSIT,IRCTC,68456.96,APPROVED,2026-04-17 13:15:48.036829,
TXN00003221,CARD000188,PURCHASE,IRCTC,73509.89,APPROVED,2026-05-21 13:19:48.036829,
TXN00003222,ACC0000645,PURCHASE,Jio Recharge,13535.04,APPROVED,2026-04-29 03:46:48.036829,
TXN00003223,CARD000154,PURCHASE,IRCTC,28659.5,DECLINED,2026-03-28 11:08:48.036829,SUSPECTED_FRAUD
TXN00003224,ACC0000534,WITHDRAWAL,Amazon India,46905.5,APPROVED,2026-06-04 02:57:48.036829,
TXN00003225,ACC0000617,PAYMENT,Amazon India,18830.75,DECLINED,2026-06-02 23:52:48.036829,INVALID_PIN
TXN00003226,ACC0000165,PURCHASE,Nykaa,50315.34,APPROVED,2026-07-05 21:11:48.036829,
TXN00003227,ACC0000642,WITHDRAWAL,Flipkart,42378.96,APPROVED,2026-03-31 20:10:48.036829,
TXN00003228,CARD000254,PURCHASE,Flipkart,7109.48,APPROVED,2026-04-16 01:02:48.036829,
TXN00003229,CARD000124,PURCHASE,Tata CLiQ,36928.49,APPROVED,2026-03-27 09:21:48.036829,
TXN00003230,ACC0000388,PURCHASE,Croma,26870.12,APPROVED,2026-07-21 08:37:48.036829,
TXN00003231,ACC0000534,TRANSFER,Jio Recharge,72485.82,APPROVED,2026-05-14 02:23:48.036829,
TXN00003232,CARD000189,PURCHASE,IRCTC,20686.99,APPROVED,2026-07-20 05:10:48.036829,
TXN00003233,CARD000057,PURCHASE,Flipkart,72723.51,APPROVED,2026-04-13 20:46:48.036829,
TXN00003234,CARD000067,PURCHASE,Ola,73421.55,APPROVED,2026-04-15 23:35:48.036829,
TXN00003235,ACC0000538,PURCHASE,Reliance Digital,22964.7,APPROVED,2026-06-24 13:41:48.036829,
TXN00003236,ACC0000280,PURCHASE,IRCTC,49244.49,APPROVED,2026-05-15 11:32:48.036829,
TXN00003237,ACC0000693,PURCHASE,Apollo Pharmacy,54493.37,APPROVED,2026-04-22 19:42:48.036829,
TXN00003238,CARD000029,PURCHASE,MakeMyTrip,63353.38,APPROVED,2026-05-21 10:22:48.036829,
TXN00003239,ACC0000008,TRANSFER,Amazon India,31725.99,APPROVED,2026-04-05 18:02:48.036829,
TXN00003240,CARD000066,PURCHASE,MakeMyTrip,64824.25,APPROVED,2026-06-22 23:47:48.036829,
TXN00003241,CARD000002,PURCHASE,Croma,73011.32,APPROVED,2026-04-19 07:00:48.036829,
TXN00003242,ACC0000095,DEPOSIT,Jio Recharge,55954.98,APPROVED,2026-06-15 16:04:48.036829,
TXN00003243,ACC0000677,PAYMENT,IRCTC,44629.48,APPROVED,2026-05-18 07:24:48.036829,
TXN00003244,CARD000002,PURCHASE,Zomato,56335.31,APPROVED,2026-03-29 10:14:48.036829,
TXN00003245,ACC0000278,WITHDRAWAL,Nykaa,35726.86,APPROVED,2026-03-29 12:38:48.036829,
TXN00003246,CARD000277,PURCHASE,Nykaa,33799.77,APPROVED,2026-04-07 14:21:48.036829,
TXN00003247,ACC0000245,DEPOSIT,Ola,8179.98,APPROVED,2026-06-07 10:33:48.036829,
TXN00003248,CARD000163,PURCHASE,MakeMyTrip,63666.32,APPROVED,2026-05-24 17:23:48.036829,
TXN00003249,ACC0000146,TRANSFER,Flipkart,29017.14,APPROVED,2026-05-27 05:37:48.036829,
TXN00003250,ACC0000486,TRANSFER,MakeMyTrip,3537.06,APPROVED,2026-04-10 03:06:48.036829,
TXN00003251,CARD000208,PURCHASE,Amazon India,26204.83,APPROVED,2026-07-11 12:49:48.036829,
TXN00003252,ACC0000499,PAYMENT,Croma,64183.6,APPROVED,2026-05-01 20:01:48.036829,
TXN00003253,ACC0000659,TRANSFER,Swiggy,48202.57,DECLINED,2026-04-17 14:40:48.036829,ACCOUNT_FROZEN
TXN00003254,ACC0000152,DEPOSIT,Jio Recharge,20646.15,APPROVED,2026-06-07 11:02:48.036829,
TXN00003255,ACC0000289,PAYMENT,MakeMyTrip,38401.73,APPROVED,2026-07-12 19:17:48.036829,
TXN00003256,CARD000085,PURCHASE,MakeMyTrip,17650.02,APPROVED,2026-06-29 07:07:48.036829,
TXN00003257,ACC0000198,WITHDRAWAL,Swiggy,41232.41,APPROVED,2026-04-21 12:13:48.036829,
TXN00003258,CARD000116,PURCHASE,Swiggy,4004.1,APPROVED,2026-05-21 06:03:48.036829,
TXN00003259,CARD000197,PURCHASE,Ola,42109.43,APPROVED,2026-07-04 03:11:48.036829,
TXN00003260,CARD000141,PURCHASE,Nykaa,67220.38,APPROVED,2026-05-15 14:30:48.036829,
TXN00003261,ACC0000331,PAYMENT,BigBasket,27525.57,APPROVED,2026-06-08 04:20:48.036829,
TXN00003262,CARD000243,PURCHASE,Amazon India,5992.62,APPROVED,2026-04-24 19:28:48.036829,
TXN00003263,ACC0000509,PAYMENT,IRCTC,26176.22,APPROVED,2026-07-05 03:20:48.036829,
TXN00003264,ACC0000258,WITHDRAWAL,Croma,11432.25,APPROVED,2026-07-09 04:37:48.036829,
TXN00003265,CARD000228,PURCHASE,MakeMyTrip,55904.17,APPROVED,2026-07-10 08:42:48.036829,
TXN00003266,CARD000006,PURCHASE,Amazon India,56748.76,APPROVED,2026-05-20 05:51:48.036829,
TXN00003267,CARD000060,PURCHASE,Tata CLiQ,23962.85,APPROVED,2026-06-20 02:48:48.036829,
TXN00003268,CARD000292,PURCHASE,Myntra,49633.88,DECLINED,2026-05-09 18:18:48.036829,INSUFFICIENT_CREDIT_LIMIT
TXN00003269,ACC0000516,DEPOSIT,MakeMyTrip,41658.21,DECLINED,2026-07-15 00:19:48.036829,ACCOUNT_FROZEN
TXN00003270,CARD000133,PURCHASE,Ola,4698.64,APPROVED,2026-04-29 00:51:48.036829,
TXN00003271,ACC0000643,PURCHASE,Flipkart,23489.42,APPROVED,2026-05-01 00:46:48.036829,
TXN00003272,ACC0000620,PAYMENT,Jio Recharge,36640.83,APPROVED,2026-07-09 04:43:48.036829,
TXN00003273,CARD000183,PURCHASE,Ola,22757.24,APPROVED,2026-04-08 04:49:48.036829,
TXN00003274,ACC0000559,WITHDRAWAL,Myntra,63813.81,APPROVED,2026-04-18 04:35:48.036829,
TXN00003275,ACC0000647,PAYMENT,Ola,6048.79,APPROVED,2026-04-12 09:27:48.036829,
TXN00003276,ACC0000005,PURCHASE,Apollo Pharmacy,25669.89,APPROVED,2026-04-17 23:04:48.036829,
TXN00003277,CARD000010,PURCHASE,Uber,44630.27,DECLINED,2026-05-08 09:16:48.036829,INSUFFICIENT_CREDIT_LIMIT
TXN00003278,CARD000297,PURCHASE,IRCTC,31727.94,APPROVED,2026-07-09 11:16:48.036829,
TXN00003279,CARD000205,PURCHASE,Croma,593.33,APPROVED,2026-04-08 15:14:48.036829,
TXN00003280,ACC0000523,PURCHASE,IRCTC,14334.96,APPROVED,2026-05-11 17:33:48.036829,
TXN00003281,ACC0000191,DEPOSIT,Amazon India,40177.14,APPROVED,2026-04-22 01:51:48.036829,
TXN00003282,ACC0000120,TRANSFER,MakeMyTrip,11953.25,DECLINED,2026-05-11 17:31:48.036829,SUSPECTED_FRAUD
TXN00003283,ACC0000029,DEPOSIT,IRCTC,68535.08,APPROVED,2026-04-19 20:28:48.036829,
TXN00003284,CARD000027,PURCHASE,Ola,26097.56,APPROVED,2026-07-08 11:44:48.036829,
TXN00003285,ACC0000339,DEPOSIT,IRCTC,35522.85,APPROVED,2026-07-06 23:59:48.036829,
TXN00003286,CARD000297,PURCHASE,Uber,12309.94,DECLINED,2026-04-25 23:45:48.036829,EXPIRED_CARD
TXN00003287,ACC0000381,PAYMENT,Jio Recharge,27924.38,APPROVED,2026-06-02 13:26:48.036829,
TXN00003288,ACC0000146,PURCHASE,Nykaa,32063.83,APPROVED,2026-05-22 01:56:48.036829,
TXN00003289,ACC0000025,DEPOSIT,BookMyShow,41164.91,DECLINED,2026-06-11 16:53:48.036829,SUSPECTED_FRAUD
TXN00003290,ACC0000350,WITHDRAWAL,Tata CLiQ,46245.02,APPROVED,2026-03-28 12:34:48.036829,
TXN00003291,CARD000181,PURCHASE,BigBasket,35208.37,APPROVED,2026-04-25 21:55:48.036829,
TXN00003292,CARD000203,PURCHASE,DMart,9916.25,APPROVED,2026-05-09 03:44:48.036829,
TXN00003293,CARD000232,PURCHASE,Zomato,51561.58,APPROVED,2026-06-01 20:42:48.036829,
TXN00003294,ACC0000585,PAYMENT,BookMyShow,73804.42,APPROVED,2026-04-02 03:30:48.036829,
TXN00003295,ACC0000231,DEPOSIT,Myntra,58677.06,APPROVED,2026-04-05 08:09:48.036829,
TXN00003296,CARD000181,PURCHASE,Tata CLiQ,9895.94,APPROVED,2026-03-29 02:04:48.036829,
TXN00003297,ACC0000310,WITHDRAWAL,BookMyShow,63716.98,APPROVED,2026-06-07 16:52:48.036829,
TXN00003298,ACC0000342,PAYMENT,Ola,8180.53,APPROVED,2026-04-12 01:16:48.036829,
TXN00003299,ACC0000281,TRANSFER,BookMyShow,10204.78,APPROVED,2026-04-20 22:07:48.036829,
TXN00003300,ACC0000458,DEPOSIT,DMart,2193.25,APPROVED,2026-07-06 14:04:48.036829,
TXN00003301,ACC0000672,PAYMENT,Nykaa,18128.28,APPROVED,2026-06-21 17:01:48.036829,
TXN00003302,CARD000009,PURCHASE,Apollo Pharmacy,74043.12,APPROVED,2026-04-25 12:00:48.036829,
TXN00003303,CARD000291,PURCHASE,Croma,60341.31,APPROVED,2026-03-28 09:55:48.036829,
TXN00003304,ACC0000312,PAYMENT,Swiggy,15934.25,APPROVED,2026-06-16 12:17:48.036829,
TXN00003305,ACC0000185,PAYMENT,DMart,16147.14,APPROVED,2026-06-26 16:17:48.036829,
TXN00003306,ACC0000263,DEPOSIT,Ola,66454.63,APPROVED,2026-06-04 05:12:48.036829,
TXN00003307,ACC0000343,DEPOSIT,Nykaa,55989.18,APPROVED,2026-06-23 07:10:48.036829,
TXN00003308,CARD000281,PURCHASE,Uber,65546.5,APPROVED,2026-05-04 00:06:48.036829,
TXN00003309,ACC0000441,WITHDRAWAL,Jio Recharge,21526.04,APPROVED,2026-05-21 22:38:48.036829,
TXN00003310,ACC0000646,PAYMENT,Ola,74588.17,APPROVED,2026-06-17 22:31:48.036829,
TXN00003311,ACC0000631,PURCHASE,Swiggy,29465.08,APPROVED,2026-04-07 08:14:48.036829,
TXN00003312,ACC0000330,PURCHASE,Ola,7877.31,APPROVED,2026-04-21 03:00:48.036829,
TXN00003313,ACC0000301,PURCHASE,Flipkart,52286.64,APPROVED,2026-06-11 12:43:48.036829,
TXN00003314,ACC0000165,PURCHASE,Tata CLiQ,41884.53,APPROVED,2026-05-17 23:22:48.036829,
TXN00003315,CARD000294,PURCHASE,Reliance Digital,23037.06,APPROVED,2026-07-06 12:39:48.036829,
TXN00003316,ACC0000019,WITHDRAWAL,DMart,67915.21,APPROVED,2026-07-20 21:50:48.036829,
TXN00003317,CARD000099,PURCHASE,BigBasket,70743.46,APPROVED,2026-07-04 12:45:48.036829,
TXN00003318,ACC0000667,PAYMENT,Amazon India,27014.81,PENDING,2026-03-31 23:28:48.036829,
TXN00003319,ACC0000357,WITHDRAWAL,Ola,42086.45,PENDING,2026-04-26 23:39:48.036829,
TXN00003320,CARD000203,PURCHASE,Uber,7416.21,APPROVED,2026-07-03 20:31:48.036829,
TXN00003321,ACC0000564,PAYMENT,DMart,14717.73,DECLINED,2026-04-16 00:26:48.036829,DAILY_LIMIT_EXCEEDED
TXN00003322,ACC0000100,WITHDRAWAL,Tata CLiQ,24212.5,APPROVED,2026-04-29 02:57:48.036829,
TXN00003323,CARD000284,PURCHASE,Myntra,27845.24,APPROVED,2026-04-18 22:38:48.036829,
TXN00003324,CARD000187,PURCHASE,BookMyShow,1987.95,DECLINED,2026-05-13 13:24:48.036829,INCORRECT_CVV
TXN00003325,CARD000002,PURCHASE,BigBasket,4638.4,APPROVED,2026-05-01 18:37:48.036829,
TXN00003326,CARD000266,PURCHASE,Croma,17730.05,APPROVED,2026-06-22 09:21:48.036829,
TXN00003327,ACC0000411,DEPOSIT,Amazon India,58148.22,APPROVED,2026-07-01 06:02:48.036829,
TXN00003328,ACC0000422,PURCHASE,MakeMyTrip,34265.93,APPROVED,2026-06-04 19:10:48.036829,
TXN00003329,ACC0000310,DEPOSIT,Nykaa,62878.5,APPROVED,2026-07-07 02:00:48.036829,
TXN00003330,CARD000051,PURCHASE,BigBasket,30100.19,APPROVED,2026-05-10 20:26:48.036829,
TXN00003331,CARD000289,PURCHASE,Swiggy,11808.4,DECLINED,2026-04-16 23:30:48.036829,CARD_BLOCKED
TXN00003332,ACC0000573,PURCHASE,Croma,24928.65,APPROVED,2026-04-03 01:10:48.036829,
TXN00003333,ACC0000606,TRANSFER,Jio Recharge,11007.77,DECLINED,2026-06-03 08:53:48.036829,SUSPECTED_FRAUD
TXN00003334,ACC0000109,PAYMENT,Amazon India,72634.7,DECLINED,2026-04-05 19:22:48.036829,INSUFFICIENT_FUNDS
TXN00003335,CARD000023,PURCHASE,Uber,35311.57,APPROVED,2026-07-16 16:38:48.036829,
TXN00003336,ACC0000587,PAYMENT,Amazon India,3397.06,DECLINED,2026-06-22 11:23:48.036829,INSUFFICIENT_FUNDS
TXN00003337,CARD000238,PURCHASE,Uber,35584.94,APPROVED,2026-04-19 22:22:48.036829,
TXN00003338,ACC0000538,DEPOSIT,Reliance Digital,72029.16,PENDING,2026-07-11 23:45:48.036829,
TXN00003339,ACC0000535,WITHDRAWAL,IRCTC,74741.9,APPROVED,2026-04-29 16:24:48.036829,
TXN00003340,ACC0000320,PURCHASE,BookMyShow,68960.15,APPROVED,2026-06-19 00:01:48.036829,
TXN00003341,CARD000143,PURCHASE,BigBasket,28845.09,APPROVED,2026-04-04 06:28:48.036829,
TXN00003342,CARD000165,PURCHASE,IRCTC,51162.92,APPROVED,2026-04-08 12:19:48.036829,
TXN00003343,ACC0000463,WITHDRAWAL,Amazon India,6937.84,APPROVED,2026-03-28 23:51:48.036829,
TXN00003344,CARD000266,PURCHASE,Swiggy,70485.07,APPROVED,2026-05-15 17:59:48.036829,
TXN00003345,ACC0000602,TRANSFER,Tata CLiQ,42259.84,APPROVED,2026-06-20 11:29:48.036829,
TXN00003346,ACC0000610,DEPOSIT,BigBasket,49156.11,APPROVED,2026-04-06 01:28:48.036829,
TXN00003347,CARD000120,PURCHASE,Apollo Pharmacy,45395.56,APPROVED,2026-06-15 13:05:48.036829,
TXN00003348,CARD000122,PURCHASE,BigBasket,34620.43,APPROVED,2026-06-27 00:05:48.036829,
TXN00003349,ACC0000567,TRANSFER,Apollo Pharmacy,21269.46,APPROVED,2026-06-29 14:13:48.036829,
TXN00003350,CARD000105,PURCHASE,Jio Recharge,5505.75,APPROVED,2026-06-06 15:09:48.036829,
TXN00003351,ACC0000352,DEPOSIT,Reliance Digital,72729.83,APPROVED,2026-07-22 06:19:48.036829,
TXN00003352,CARD000095,PURCHASE,DMart,19415.87,APPROVED,2026-07-01 13:52:48.036829,
TXN00003353,ACC0000046,DEPOSIT,BookMyShow,37831.37,APPROVED,2026-07-02 16:51:48.036829,
TXN00003354,ACC0000386,PURCHASE,Flipkart,72489.61,DECLINED,2026-05-30 06:41:48.036829,INVALID_PIN
TXN00003355,CARD000120,PURCHASE,Amazon India,68491.15,APPROVED,2026-05-16 02:20:48.036829,
TXN00003356,CARD000283,PURCHASE,Tata CLiQ,69216.34,APPROVED,2026-05-09 21:46:48.036829,
TXN00003357,CARD000061,PURCHASE,MakeMyTrip,24917.4,PENDING,2026-07-11 01:15:48.036829,
TXN00003358,CARD000132,PURCHASE,Apollo Pharmacy,61648.2,APPROVED,2026-07-14 16:52:48.036829,
TXN00003359,CARD000133,PURCHASE,IRCTC,9098.23,APPROVED,2026-05-18 12:34:48.036829,
TXN00003360,ACC0000020,TRANSFER,Ola,62277.15,APPROVED,2026-06-25 04:53:48.036829,
TXN00003361,CARD000210,PURCHASE,Uber,9502.92,APPROVED,2026-05-05 17:20:48.036829,
TXN00003362,ACC0000302,WITHDRAWAL,BookMyShow,12368.54,DECLINED,2026-04-16 03:07:48.036829,DAILY_LIMIT_EXCEEDED
TXN00003363,CARD000297,PURCHASE,Jio Recharge,16286.78,APPROVED,2026-07-05 02:02:48.036829,
TXN00003364,ACC0000600,PURCHASE,Tata CLiQ,49606.37,APPROVED,2026-05-28 22:19:48.036829,
TXN00003365,ACC0000239,WITHDRAWAL,Uber,19453.04,APPROVED,2026-05-13 21:01:48.036829,
TXN00003366,ACC0000137,PAYMENT,Myntra,42731.61,APPROVED,2026-06-18 06:48:48.036829,
TXN00003367,ACC0000154,PAYMENT,Croma,42493.32,APPROVED,2026-06-04 05:10:48.036829,
TXN00003368,CARD000172,PURCHASE,MakeMyTrip,20168.89,APPROVED,2026-04-04 14:42:48.036829,
TXN00003369,CARD000095,PURCHASE,Flipkart,3095.8,DECLINED,2026-07-22 20:18:48.036829,SUSPECTED_FRAUD
TXN00003370,ACC0000084,PAYMENT,BookMyShow,42809.08,APPROVED,2026-07-11 11:35:48.036829,
TXN00003371,ACC0000574,TRANSFER,Jio Recharge,25591.25,DECLINED,2026-05-09 13:49:48.036829,SUSPECTED_FRAUD
TXN00003372,CARD000275,PURCHASE,Swiggy,29985.16,APPROVED,2026-06-30 21:39:48.036829,
TXN00003373,ACC0000508,PAYMENT,Amazon India,59946.16,APPROVED,2026-05-19 08:29:48.036829,
TXN00003374,CARD000048,PURCHASE,Croma,27660.27,APPROVED,2026-06-06 06:27:48.036829,
TXN00003375,ACC0000028,PURCHASE,Uber,33556.6,APPROVED,2026-06-23 00:32:48.036829,
TXN00003376,ACC0000006,TRANSFER,Nykaa,47515.04,DECLINED,2026-04-24 05:51:48.036829,ACCOUNT_FROZEN
TXN00003377,ACC0000090,WITHDRAWAL,Reliance Digital,69987.66,DECLINED,2026-07-21 00:50:48.036829,DAILY_LIMIT_EXCEEDED
TXN00003378,ACC0000642,DEPOSIT,Myntra,59915.28,DECLINED,2026-06-13 22:34:48.036829,DAILY_LIMIT_EXCEEDED
TXN00003379,ACC0000149,WITHDRAWAL,Flipkart,31152.19,APPROVED,2026-07-08 10:00:48.036829,
TXN00003380,ACC0000275,DEPOSIT,Apollo Pharmacy,44542.5,APPROVED,2026-05-25 02:26:48.036829,
TXN00003381,ACC0000406,DEPOSIT,Uber,29048.18,APPROVED,2026-06-15 15:07:48.036829,
TXN00003382,CARD000062,PURCHASE,Amazon India,14240.98,APPROVED,2026-06-06 16:10:48.036829,
TXN00003383,ACC0000375,TRANSFER,BigBasket,70006.61,DECLINED,2026-06-12 04:44:48.036829,INSUFFICIENT_FUNDS
TXN00003384,CARD000238,PURCHASE,Amazon India,57679.24,APPROVED,2026-05-03 02:10:48.036829,
TXN00003385,CARD000232,PURCHASE,BookMyShow,41654.15,APPROVED,2026-04-24 11:29:48.036829,
TXN00003386,ACC0000247,TRANSFER,Zomato,57063.57,APPROVED,2026-07-06 16:33:48.036829,
TXN00003387,CARD000255,PURCHASE,Zomato,17915.41,APPROVED,2026-06-13 13:13:48.036829,
TXN00003388,ACC0000270,WITHDRAWAL,Apollo Pharmacy,8525.2,APPROVED,2026-05-04 18:38:48.036829,
TXN00003389,ACC0000535,PAYMENT,BookMyShow,958.04,APPROVED,2026-05-08 13:25:48.036829,
TXN00003390,CARD000119,PURCHASE,Myntra,3680.02,DECLINED,2026-06-27 19:47:48.036829,INCORRECT_CVV
TXN00003391,CARD000148,PURCHASE,Tata CLiQ,21115.92,APPROVED,2026-07-13 18:12:48.036829,
TXN00003392,CARD000238,PURCHASE,Swiggy,72329.81,APPROVED,2026-05-02 08:27:48.036829,
TXN00003393,ACC0000060,TRANSFER,Ola,67940.27,APPROVED,2026-05-02 19:04:48.036829,
TXN00003394,ACC0000420,PAYMENT,Amazon India,41559.63,APPROVED,2026-05-13 15:47:48.036829,
TXN00003395,ACC0000237,TRANSFER,Reliance Digital,73556.77,APPROVED,2026-05-12 09:36:48.036829,
TXN00003396,ACC0000094,WITHDRAWAL,Apollo Pharmacy,11407.44,APPROVED,2026-06-03 11:55:48.036829,
TXN00003397,ACC0000690,WITHDRAWAL,DMart,22464.24,APPROVED,2026-04-14 07:06:48.036829,
TXN00003398,CARD000240,PURCHASE,Nykaa,68004.63,APPROVED,2026-05-17 23:51:48.036829,
TXN00003399,CARD000250,PURCHASE,Amazon India,61032.31,APPROVED,2026-06-20 10:56:48.036829,
TXN00003400,CARD000226,PURCHASE,Apollo Pharmacy,46870.44,DECLINED,2026-07-25 05:19:48.036829,INSUFFICIENT_CREDIT_LIMIT
TXN00003401,CARD000279,PURCHASE,Amazon India,50605.3,DECLINED,2026-04-14 11:46:48.036829,EXPIRED_CARD
TXN00003402,CARD000276,PURCHASE,Nykaa,21269.23,APPROVED,2026-04-18 15:19:48.036829,
TXN00003403,ACC0000360,WITHDRAWAL,BookMyShow,19426.13,APPROVED,2026-06-19 19:54:48.036829,
TXN00003404,ACC0000317,PAYMENT,Swiggy,73754.09,APPROVED,2026-07-16 03:57:48.036829,
TXN00003405,ACC0000120,PURCHASE,Flipkart,13774.02,APPROVED,2026-07-13 11:29:48.036829,
TXN00003406,CARD000130,PURCHASE,Apollo Pharmacy,47289.87,APPROVED,2026-03-30 20:56:48.036829,
TXN00003407,ACC0000503,PURCHASE,Swiggy,59167.16,APPROVED,2026-05-18 06:09:48.036829,
TXN00003408,CARD000236,PURCHASE,Ola,49283.53,DECLINED,2026-06-20 08:08:48.036829,EXPIRED_CARD
TXN00003409,ACC0000610,DEPOSIT,Myntra,73733.88,APPROVED,2026-04-06 16:01:48.036829,
TXN00003410,ACC0000572,PAYMENT,Reliance Digital,16786.39,APPROVED,2026-05-01 16:57:48.036829,
TXN00003411,CARD000183,PURCHASE,Apollo Pharmacy,68041.86,APPROVED,2026-05-07 13:02:48.036829,
TXN00003412,ACC0000067,PURCHASE,Tata CLiQ,47734.56,APPROVED,2026-07-18 02:39:48.036829,
TXN00003413,CARD000238,PURCHASE,Zomato,52883.0,APPROVED,2026-05-16 12:39:48.036829,
TXN00003414,ACC0000555,DEPOSIT,DMart,28568.46,APPROVED,2026-05-09 22:10:48.036829,
TXN00003415,ACC0000361,PAYMENT,BookMyShow,2234.62,APPROVED,2026-06-15 23:03:48.036829,
TXN00003416,ACC0000666,TRANSFER,Jio Recharge,62372.15,APPROVED,2026-06-11 22:34:48.036829,
TXN00003417,CARD000260,PURCHASE,Nykaa,32468.32,APPROVED,2026-05-06 11:00:48.036829,
TXN00003418,ACC0000028,PAYMENT,Nykaa,10241.56,APPROVED,2026-04-22 22:46:48.036829,
TXN00003419,CARD000040,PURCHASE,Swiggy,55119.26,APPROVED,2026-07-01 16:04:48.036829,
TXN00003420,CARD000151,PURCHASE,MakeMyTrip,73777.26,APPROVED,2026-03-30 19:00:48.036829,
TXN00003421,ACC0000041,TRANSFER,Nykaa,43683.31,APPROVED,2026-07-26 00:34:48.036829,
TXN00003422,CARD000087,PURCHASE,Jio Recharge,73720.21,APPROVED,2026-05-25 19:56:48.036829,
TXN00003423,CARD000207,PURCHASE,Swiggy,68906.82,APPROVED,2026-03-28 09:51:48.036829,
TXN00003424,CARD000164,PURCHASE,MakeMyTrip,10936.09,PENDING,2026-07-10 21:48:48.036829,
TXN00003425,CARD000034,PURCHASE,Uber,69205.9,APPROVED,2026-05-06 18:11:48.036829,
TXN00003426,ACC0000123,PURCHASE,Reliance Digital,5995.15,APPROVED,2026-04-28 05:42:48.036829,
TXN00003427,ACC0000236,TRANSFER,Zomato,39133.63,APPROVED,2026-04-20 22:58:48.036829,
TXN00003428,CARD000142,PURCHASE,Amazon India,74166.27,APPROVED,2026-04-29 22:04:48.036829,
TXN00003429,CARD000024,PURCHASE,Reliance Digital,35248.86,APPROVED,2026-07-24 16:37:48.036829,
TXN00003430,ACC0000328,TRANSFER,Apollo Pharmacy,58603.99,DECLINED,2026-03-31 19:14:48.036829,INSUFFICIENT_FUNDS
TXN00003431,ACC0000522,TRANSFER,Amazon India,39008.24,APPROVED,2026-05-22 20:25:48.036829,
TXN00003432,ACC0000332,DEPOSIT,DMart,14747.13,APPROVED,2026-04-30 23:45:48.036829,
TXN00003433,ACC0000471,PURCHASE,Jio Recharge,12932.86,DECLINED,2026-06-14 06:23:48.036829,DAILY_LIMIT_EXCEEDED
TXN00003434,CARD000288,PURCHASE,Apollo Pharmacy,72046.7,APPROVED,2026-03-28 11:49:48.036829,
TXN00003435,CARD000271,PURCHASE,BigBasket,21745.43,APPROVED,2026-06-17 13:14:48.036829,
TXN00003436,CARD000129,PURCHASE,Apollo Pharmacy,13634.85,APPROVED,2026-04-05 04:59:48.036829,
TXN00003437,ACC0000437,DEPOSIT,Croma,36780.83,APPROVED,2026-04-08 05:37:48.036829,
TXN00003438,CARD000295,PURCHASE,Ola,21132.18,APPROVED,2026-03-29 09:50:48.036829,
TXN00003439,CARD000272,PURCHASE,Nykaa,12580.67,APPROVED,2026-04-16 03:33:48.036829,
TXN00003440,ACC0000450,PAYMENT,Nykaa,45109.73,APPROVED,2026-05-31 06:37:48.036829,
TXN00003441,CARD000086,PURCHASE,BookMyShow,65734.06,APPROVED,2026-04-08 15:10:48.036829,
TXN00003442,CARD000108,PURCHASE,Nykaa,56514.66,APPROVED,2026-07-22 05:26:48.036829,
TXN00003443,ACC0000312,TRANSFER,Nykaa,27257.12,APPROVED,2026-05-17 22:05:48.036829,
TXN00003444,CARD000097,PURCHASE,Uber,71138.56,APPROVED,2026-07-03 19:49:48.036829,
TXN00003445,ACC0000645,PAYMENT,Amazon India,1577.06,APPROVED,2026-06-16 08:56:48.036829,
TXN00003446,CARD000055,PURCHASE,BookMyShow,4468.95,DECLINED,2026-04-20 10:28:48.036829,CARD_BLOCKED
TXN00003447,CARD000049,PURCHASE,Nykaa,52341.49,APPROVED,2026-05-05 09:43:48.036829,
TXN00003448,CARD000167,PURCHASE,Uber,56301.74,APPROVED,2026-06-13 09:34:48.036829,
TXN00003449,CARD000240,PURCHASE,Reliance Digital,22605.37,APPROVED,2026-07-22 10:54:48.036829,
TXN00003450,ACC0000495,PURCHASE,IRCTC,67628.19,PENDING,2026-05-13 22:37:48.036829,
TXN00003451,ACC0000251,PURCHASE,Jio Recharge,73753.46,APPROVED,2026-04-05 10:38:48.036829,
TXN00003452,ACC0000248,TRANSFER,Uber,45026.07,APPROVED,2026-07-20 01:55:48.036829,
TXN00003453,CARD000239,PURCHASE,Flipkart,13963.99,APPROVED,2026-04-23 08:35:48.036829,
TXN00003454,ACC0000376,DEPOSIT,Tata CLiQ,41992.28,APPROVED,2026-04-24 13:48:48.036829,
TXN00003455,CARD000227,PURCHASE,MakeMyTrip,28066.64,APPROVED,2026-03-29 11:24:48.036829,
TXN00003456,CARD000044,PURCHASE,Croma,63467.85,APPROVED,2026-07-12 14:03:48.036829,
TXN00003457,CARD000107,PURCHASE,Nykaa,68327.59,APPROVED,2026-03-31 00:59:48.036829,
TXN00003458,ACC0000145,TRANSFER,Jio Recharge,72216.16,APPROVED,2026-04-17 02:21:48.036829,
TXN00003459,CARD000112,PURCHASE,Flipkart,10018.72,APPROVED,2026-05-05 03:42:48.036829,
TXN00003460,ACC0000118,PURCHASE,Apollo Pharmacy,31061.76,APPROVED,2026-04-14 14:24:48.036829,
TXN00003461,ACC0000678,TRANSFER,MakeMyTrip,70641.37,APPROVED,2026-07-20 04:01:48.036829,
TXN00003462,CARD000272,PURCHASE,Jio Recharge,71422.22,APPROVED,2026-07-18 10:13:48.036829,
TXN00003463,ACC0000077,TRANSFER,Tata CLiQ,48793.29,APPROVED,2026-07-01 05:15:48.036829,
TXN00003464,CARD000160,PURCHASE,Uber,49067.26,APPROVED,2026-06-18 05:51:48.036829,
TXN00003465,CARD000095,PURCHASE,Uber,71120.32,APPROVED,2026-04-29 01:20:48.036829,
TXN00003466,ACC0000272,DEPOSIT,Apollo Pharmacy,52929.37,APPROVED,2026-07-11 22:49:48.036829,
TXN00003467,ACC0000485,PURCHASE,Reliance Digital,43075.84,APPROVED,2026-07-19 23:09:48.036829,
TXN00003468,ACC0000382,PAYMENT,Zomato,50191.36,APPROVED,2026-05-09 16:35:48.036829,
TXN00003469,CARD000126,PURCHASE,Apollo Pharmacy,48382.69,APPROVED,2026-06-23 14:14:48.036829,
TXN00003470,ACC0000466,WITHDRAWAL,Flipkart,29304.69,APPROVED,2026-04-17 09:57:48.036829,
TXN00003471,CARD000200,PURCHASE,Uber,2129.05,APPROVED,2026-06-06 14:57:48.036829,
TXN00003472,CARD000279,PURCHASE,BookMyShow,17136.84,APPROVED,2026-04-13 18:05:48.036829,
TXN00003473,CARD000206,PURCHASE,Ola,14959.0,DECLINED,2026-05-17 03:04:48.036829,INSUFFICIENT_CREDIT_LIMIT
TXN00003474,ACC0000652,DEPOSIT,Swiggy,51387.01,APPROVED,2026-04-19 20:33:48.036829,
TXN00003475,CARD000211,PURCHASE,Uber,11586.02,APPROVED,2026-06-07 20:16:48.036829,
TXN00003476,CARD000207,PURCHASE,Swiggy,64663.66,APPROVED,2026-06-11 23:11:48.036829,
TXN00003477,ACC0000320,WITHDRAWAL,Uber,69608.19,APPROVED,2026-06-09 09:46:48.036829,
TXN00003478,ACC0000698,TRANSFER,DMart,17943.92,APPROVED,2026-07-06 00:19:48.036829,
TXN00003479,ACC0000174,PAYMENT,Reliance Digital,67212.82,DECLINED,2026-06-20 12:54:48.036829,INSUFFICIENT_FUNDS
TXN00003480,CARD000068,PURCHASE,Uber,74407.18,DECLINED,2026-07-25 02:17:48.036829,INSUFFICIENT_CREDIT_LIMIT
TXN00003481,ACC0000557,PURCHASE,Croma,2729.57,APPROVED,2026-05-26 12:51:48.036829,
TXN00003482,ACC0000652,TRANSFER,Amazon India,22399.87,APPROVED,2026-06-06 21:57:48.036829,
TXN00003483,ACC0000118,TRANSFER,Swiggy,71796.59,APPROVED,2026-06-06 01:29:48.036829,
TXN00003484,ACC0000211,DEPOSIT,Myntra,49904.15,APPROVED,2026-07-08 21:12:48.036829,
TXN00003485,CARD000103,PURCHASE,Reliance Digital,48487.26,APPROVED,2026-04-26 15:10:48.036829,
TXN00003486,CARD000091,PURCHASE,MakeMyTrip,6424.24,APPROVED,2026-06-05 06:57:48.036829,
TXN00003487,ACC0000083,DEPOSIT,Croma,40889.16,APPROVED,2026-05-09 05:06:48.036829,
TXN00003488,CARD000036,PURCHASE,Amazon India,27709.88,APPROVED,2026-05-06 00:33:48.036829,
TXN00003489,CARD000202,PURCHASE,BigBasket,47035.99,APPROVED,2026-04-20 14:27:48.036829,
TXN00003490,ACC0000336,DEPOSIT,IRCTC,16175.62,DECLINED,2026-06-25 03:58:48.036829,ACCOUNT_FROZEN
TXN00003491,CARD000165,PURCHASE,Uber,41658.66,APPROVED,2026-06-03 10:51:48.036829,
TXN00003492,CARD000073,PURCHASE,Croma,45270.9,APPROVED,2026-07-20 15:57:48.036829,
TXN00003493,ACC0000328,PURCHASE,Uber,7813.57,APPROVED,2026-06-15 21:39:48.036829,
TXN00003494,CARD000028,PURCHASE,MakeMyTrip,5222.95,APPROVED,2026-05-13 02:44:48.036829,
TXN00003495,CARD000143,PURCHASE,BigBasket,12966.08,APPROVED,2026-05-01 19:09:48.036829,
TXN00003496,ACC0000197,DEPOSIT,Croma,6528.51,APPROVED,2026-07-13 01:06:48.036829,
TXN00003497,ACC0000432,PURCHASE,BookMyShow,57470.36,APPROVED,2026-04-13 12:51:48.036829,
TXN00003498,ACC0000610,DEPOSIT,Apollo Pharmacy,14098.14,PENDING,2026-04-07 18:26:48.036829,
TXN00003499,CARD000062,PURCHASE,MakeMyTrip,57512.37,APPROVED,2026-06-07 21:19:48.036829,
TXN00003500,CARD000017,PURCHASE,Tata CLiQ,68555.06,APPROVED,2026-04-06 11:06:48.036829,
TXN00003501,CARD000288,PURCHASE,Amazon India,22372.96,DECLINED,2026-04-23 13:58:48.036829,EXPIRED_CARD
TXN00003502,ACC0000468,TRANSFER,Nykaa,7835.23,APPROVED,2026-04-15 14:43:48.036829,
TXN00003503,CARD000004,PURCHASE,Ola,38943.27,DECLINED,2026-05-03 04:23:48.036829,CARD_BLOCKED
TXN00003504,CARD000245,PURCHASE,Croma,8494.34,DECLINED,2026-07-08 03:08:48.036829,SUSPECTED_FRAUD
TXN00003505,CARD000047,PURCHASE,IRCTC,22263.49,APPROVED,2026-06-03 13:43:48.036829,
TXN00003506,CARD000111,PURCHASE,Uber,41268.04,APPROVED,2026-06-16 14:40:48.036829,
TXN00003507,ACC0000066,TRANSFER,Flipkart,38034.33,APPROVED,2026-05-04 12:50:48.036829,
TXN00003508,ACC0000207,PAYMENT,MakeMyTrip,22222.57,APPROVED,2026-04-11 14:19:48.036829,
TXN00003509,CARD000097,PURCHASE,MakeMyTrip,6769.92,APPROVED,2026-07-17 13:23:48.036829,
TXN00003510,CARD000044,PURCHASE,Nykaa,24457.21,APPROVED,2026-05-27 07:34:48.036829,
TXN00003511,ACC0000521,TRANSFER,Flipkart,69062.67,APPROVED,2026-06-24 19:46:48.036829,
TXN00003512,ACC0000564,PURCHASE,Croma,30762.76,APPROVED,2026-07-01 07:16:48.036829,
TXN00003513,ACC0000259,PURCHASE,DMart,44008.89,APPROVED,2026-06-25 14:36:48.036829,
TXN00003514,CARD000223,PURCHASE,Swiggy,33028.33,APPROVED,2026-07-19 09:45:48.036829,
TXN00003515,ACC0000194,PAYMENT,Nykaa,24989.21,DECLINED,2026-07-11 19:48:48.036829,DAILY_LIMIT_EXCEEDED
TXN00003516,CARD000122,PURCHASE,Uber,51689.85,APPROVED,2026-06-09 17:19:48.036829,
TXN00003517,ACC0000623,PURCHASE,BigBasket,23142.36,APPROVED,2026-05-02 20:39:48.036829,
TXN00003518,ACC0000020,PAYMENT,Amazon India,53888.32,APPROVED,2026-07-11 05:10:48.036829,
TXN00003519,ACC0000112,PURCHASE,Apollo Pharmacy,13478.52,APPROVED,2026-05-04 14:05:48.036829,
TXN00003520,CARD000128,PURCHASE,Ola,51298.93,DECLINED,2026-05-12 02:38:48.036829,CARD_BLOCKED
TXN00003521,CARD000045,PURCHASE,Tata CLiQ,24659.55,DECLINED,2026-06-10 21:04:48.036829,SUSPECTED_FRAUD
TXN00003522,ACC0000415,TRANSFER,IRCTC,23166.63,APPROVED,2026-06-30 20:39:48.036829,
TXN00003523,ACC0000564,PURCHASE,DMart,2254.96,APPROVED,2026-07-09 22:18:48.036829,
TXN00003524,ACC0000079,WITHDRAWAL,Apollo Pharmacy,60877.41,DECLINED,2026-05-11 02:05:48.036829,INSUFFICIENT_FUNDS
TXN00003525,CARD000146,PURCHASE,BigBasket,30402.35,DECLINED,2026-03-28 01:06:48.036829,INSUFFICIENT_CREDIT_LIMIT
TXN00003526,CARD000227,PURCHASE,Amazon India,24278.96,APPROVED,2026-04-25 19:05:48.036829,
TXN00003527,CARD000140,PURCHASE,DMart,36682.58,APPROVED,2026-04-14 07:18:48.036829,
TXN00003528,ACC0000112,PURCHASE,Uber,64917.21,APPROVED,2026-04-18 13:54:48.036829,
TXN00003529,ACC0000617,PAYMENT,Jio Recharge,30731.04,APPROVED,2026-06-15 21:12:48.036829,
TXN00003530,CARD000144,PURCHASE,Tata CLiQ,32198.39,APPROVED,2026-05-14 16:47:48.036829,
TXN00003531,ACC0000045,PURCHASE,Amazon India,51489.9,PENDING,2026-06-26 17:38:48.036829,
TXN00003532,CARD000006,PURCHASE,Nykaa,48900.43,APPROVED,2026-07-11 01:16:48.036829,
TXN00003533,CARD000199,PURCHASE,BookMyShow,8699.22,PENDING,2026-05-09 05:25:48.036829,
TXN00003534,ACC0000026,PAYMENT,Ola,34334.35,APPROVED,2026-05-19 17:31:48.036829,
TXN00003535,CARD000066,PURCHASE,Reliance Digital,8432.99,APPROVED,2026-03-29 03:36:48.036829,
TXN00003536,ACC0000012,DEPOSIT,Flipkart,29112.68,APPROVED,2026-06-04 02:46:48.036829,
TXN00003537,ACC0000413,DEPOSIT,Tata CLiQ,54052.9,APPROVED,2026-04-04 11:31:48.036829,
TXN00003538,CARD000111,PURCHASE,Flipkart,22731.76,APPROVED,2026-07-13 11:39:48.036829,
TXN00003539,CARD000218,PURCHASE,Swiggy,51558.18,APPROVED,2026-06-07 23:54:48.036829,
TXN00003540,CARD000221,PURCHASE,Myntra,54599.5,APPROVED,2026-05-27 11:22:48.036829,
TXN00003541,CARD000083,PURCHASE,Ola,44520.04,APPROVED,2026-05-22 22:58:48.036829,
TXN00003542,ACC0000322,WITHDRAWAL,Zomato,4667.01,DECLINED,2026-04-11 04:06:48.036829,ACCOUNT_FROZEN
TXN00003543,ACC0000309,DEPOSIT,IRCTC,29748.44,APPROVED,2026-05-05 19:39:48.036829,
TXN00003544,ACC0000700,PAYMENT,Zomato,18782.24,APPROVED,2026-07-22 12:33:48.036829,
TXN00003545,CARD000062,PURCHASE,IRCTC,21455.59,APPROVED,2026-06-20 05:04:48.036829,
TXN00003546,CARD000203,PURCHASE,Reliance Digital,71298.3,PENDING,2026-05-20 04:57:48.036829,
TXN00003547,CARD000146,PURCHASE,Apollo Pharmacy,48470.5,APPROVED,2026-04-17 16:03:48.036829,
TXN00003548,ACC0000158,DEPOSIT,BigBasket,35205.16,APPROVED,2026-07-03 09:30:48.036829,
TXN00003549,ACC0000602,PAYMENT,Ola,69978.9,APPROVED,2026-07-19 19:54:48.036829,
TXN00003550,ACC0000237,PAYMENT,IRCTC,74840.51,APPROVED,2026-05-30 01:43:48.036829,
TXN00003551,ACC0000512,PURCHASE,IRCTC,58346.05,APPROVED,2026-03-31 02:05:48.036829,
TXN00003552,ACC0000216,PAYMENT,Uber,61986.79,APPROVED,2026-05-20 16:51:48.036829,
TXN00003553,ACC0000332,PURCHASE,Zomato,17584.53,APPROVED,2026-06-18 03:27:48.036829,
TXN00003554,CARD000106,PURCHASE,Nykaa,39528.71,APPROVED,2026-04-27 15:28:48.036829,
TXN00003555,ACC0000136,DEPOSIT,DMart,17762.12,APPROVED,2026-04-07 17:33:48.036829,
TXN00003556,ACC0000529,TRANSFER,Uber,27096.95,APPROVED,2026-05-21 07:56:48.036829,
TXN00003557,CARD000044,PURCHASE,Flipkart,7826.92,APPROVED,2026-04-21 03:33:48.036829,
TXN00003558,CARD000027,PURCHASE,Nykaa,12015.92,APPROVED,2026-05-22 21:32:48.036829,
TXN00003559,CARD000094,PURCHASE,DMart,6884.94,APPROVED,2026-07-01 14:02:48.036829,
TXN00003560,ACC0000207,PURCHASE,Croma,31024.45,APPROVED,2026-04-10 12:46:48.036829,
TXN00003561,CARD000248,PURCHASE,Croma,35598.63,APPROVED,2026-07-09 21:41:48.036829,
TXN00003562,CARD000082,PURCHASE,Nykaa,63097.64,APPROVED,2026-05-10 11:20:48.036829,
TXN00003563,ACC0000036,PURCHASE,Ola,51137.2,APPROVED,2026-03-28 08:14:48.036829,
TXN00003564,CARD000034,PURCHASE,IRCTC,31740.57,APPROVED,2026-07-11 13:21:48.036829,
TXN00003565,ACC0000427,PURCHASE,DMart,32286.61,DECLINED,2026-04-14 02:04:48.036829,ACCOUNT_FROZEN
TXN00003566,CARD000021,PURCHASE,Ola,73254.34,APPROVED,2026-04-12 05:40:48.036829,
TXN00003567,CARD000263,PURCHASE,Flipkart,29139.9,DECLINED,2026-05-24 15:43:48.036829,EXPIRED_CARD
TXN00003568,ACC0000569,PURCHASE,Ola,42057.02,APPROVED,2026-04-16 21:41:48.036829,
TXN00003569,CARD000035,PURCHASE,IRCTC,36219.51,APPROVED,2026-04-17 20:34:48.036829,
TXN00003570,CARD000252,PURCHASE,Reliance Digital,42614.9,APPROVED,2026-07-11 05:22:48.036829,
TXN00003571,CARD000247,PURCHASE,Zomato,29535.49,APPROVED,2026-04-05 16:38:48.036829,
TXN00003572,CARD000017,PURCHASE,Flipkart,53978.81,APPROVED,2026-05-26 08:17:48.036829,
TXN00003573,ACC0000674,PURCHASE,Jio Recharge,10386.69,APPROVED,2026-07-14 08:41:48.036829,
TXN00003574,ACC0000509,PURCHASE,DMart,29229.26,APPROVED,2026-05-22 02:47:48.036829,
TXN00003575,CARD000082,PURCHASE,Zomato,649.08,DECLINED,2026-05-09 07:54:48.036829,INSUFFICIENT_CREDIT_LIMIT
TXN00003576,ACC0000346,TRANSFER,BigBasket,68690.89,APPROVED,2026-04-17 15:32:48.036829,
TXN00003577,CARD000228,PURCHASE,BookMyShow,44195.45,DECLINED,2026-04-02 03:25:48.036829,EXPIRED_CARD
TXN00003578,ACC0000417,TRANSFER,BookMyShow,60095.74,APPROVED,2026-04-04 04:27:48.036829,
TXN00003579,ACC0000151,PAYMENT,IRCTC,33382.29,DECLINED,2026-06-11 13:03:48.036829,ACCOUNT_FROZEN
TXN00003580,CARD000276,PURCHASE,Zomato,62634.04,APPROVED,2026-06-13 23:03:48.036829,
TXN00003581,ACC0000661,PAYMENT,Swiggy,20823.32,APPROVED,2026-07-07 03:47:48.036829,
TXN00003582,ACC0000602,WITHDRAWAL,Uber,47068.48,APPROVED,2026-07-21 16:23:48.036829,
TXN00003583,ACC0000443,PURCHASE,IRCTC,8900.49,APPROVED,2026-06-15 11:53:48.036829,
TXN00003584,ACC0000478,DEPOSIT,Croma,6061.35,PENDING,2026-05-19 00:02:48.036829,
TXN00003585,CARD000300,PURCHASE,Tata CLiQ,41723.03,APPROVED,2026-05-31 23:55:48.036829,
TXN00003586,CARD000163,PURCHASE,Swiggy,51791.6,APPROVED,2026-06-10 20:56:48.036829,
TXN00003587,ACC0000447,PAYMENT,Apollo Pharmacy,45278.84,APPROVED,2026-04-07 19:16:48.036829,
TXN00003588,ACC0000427,DEPOSIT,Ola,51737.87,APPROVED,2026-06-05 02:07:48.036829,
TXN00003589,ACC0000640,TRANSFER,MakeMyTrip,73981.81,APPROVED,2026-06-02 20:38:48.036829,
TXN00003590,ACC0000078,PURCHASE,Myntra,70762.32,APPROVED,2026-05-02 11:00:48.036829,
TXN00003591,ACC0000117,PURCHASE,Uber,54190.96,DECLINED,2026-04-25 18:29:48.036829,SUSPECTED_FRAUD
TXN00003592,CARD000129,PURCHASE,Flipkart,43632.09,DECLINED,2026-04-26 03:21:48.036829,CARD_BLOCKED
TXN00003593,ACC0000698,PURCHASE,Reliance Digital,53799.53,APPROVED,2026-05-27 08:34:48.036829,
TXN00003594,CARD000256,PURCHASE,Reliance Digital,52396.16,APPROVED,2026-06-13 08:45:48.036829,
TXN00003595,CARD000233,PURCHASE,Uber,2855.33,APPROVED,2026-04-26 12:42:48.036829,
TXN00003596,ACC0000553,DEPOSIT,Swiggy,44094.33,DECLINED,2026-04-12 13:16:48.036829,SUSPECTED_FRAUD
TXN00003597,CARD000106,PURCHASE,Ola,54719.82,APPROVED,2026-05-28 05:50:48.036829,
TXN00003598,ACC0000525,WITHDRAWAL,Myntra,72976.71,APPROVED,2026-07-21 19:42:48.036829,
TXN00003599,CARD000017,PURCHASE,MakeMyTrip,45728.21,APPROVED,2026-05-20 16:03:48.036829,
TXN00003600,ACC0000391,WITHDRAWAL,BookMyShow,3325.41,APPROVED,2026-05-07 15:34:48.036829,
TXN00003601,ACC0000040,WITHDRAWAL,IRCTC,61432.99,APPROVED,2026-04-01 13:00:48.036829,
TXN00003602,ACC0000264,DEPOSIT,MakeMyTrip,18960.98,APPROVED,2026-05-29 02:07:48.036829,
TXN00003603,ACC0000276,PAYMENT,Myntra,42498.91,APPROVED,2026-07-21 09:15:48.036829,
TXN00003604,ACC0000527,WITHDRAWAL,Apollo Pharmacy,16885.53,APPROVED,2026-07-04 09:38:48.036829,
TXN00003605,CARD000210,PURCHASE,IRCTC,5321.53,APPROVED,2026-06-17 15:08:48.036829,
TXN00003606,ACC0000432,TRANSFER,Myntra,12020.1,APPROVED,2026-04-03 22:18:48.036829,
TXN00003607,ACC0000608,PAYMENT,Uber,45535.7,APPROVED,2026-04-10 19:11:48.036829,
TXN00003608,ACC0000040,PAYMENT,Zomato,49793.41,APPROVED,2026-07-01 10:50:48.036829,
TXN00003609,CARD000090,PURCHASE,Uber,45270.87,APPROVED,2026-07-18 21:55:48.036829,
TXN00003610,CARD000059,PURCHASE,DMart,59423.03,APPROVED,2026-04-02 01:02:48.036829,
TXN00003611,CARD000006,PURCHASE,Nykaa,35253.29,APPROVED,2026-07-16 01:57:48.036829,
TXN00003612,ACC0000651,PAYMENT,BigBasket,44975.0,APPROVED,2026-07-07 04:07:48.036829,
TXN00003613,ACC0000288,DEPOSIT,Flipkart,19571.46,APPROVED,2026-04-15 13:57:48.036829,
TXN00003614,ACC0000122,DEPOSIT,Amazon India,54645.33,DECLINED,2026-04-17 04:39:48.036829,INVALID_PIN
TXN00003615,ACC0000076,WITHDRAWAL,Amazon India,14318.86,PENDING,2026-07-23 05:19:48.036829,
TXN00003616,CARD000114,PURCHASE,Myntra,72512.33,DECLINED,2026-04-08 15:40:48.036829,INCORRECT_CVV
TXN00003617,ACC0000043,PURCHASE,Flipkart,51909.25,APPROVED,2026-06-14 23:21:48.036829,
TXN00003618,ACC0000401,TRANSFER,MakeMyTrip,56288.46,APPROVED,2026-04-18 17:56:48.036829,
TXN00003619,ACC0000010,TRANSFER,Tata CLiQ,43301.96,APPROVED,2026-04-12 13:31:48.036829,
TXN00003620,CARD000024,PURCHASE,BigBasket,14814.66,APPROVED,2026-05-11 05:58:48.036829,
TXN00003621,ACC0000250,PURCHASE,Ola,56618.77,DECLINED,2026-04-16 00:43:48.036829,INSUFFICIENT_FUNDS
TXN00003622,CARD000277,PURCHASE,Croma,20932.2,APPROVED,2026-05-20 17:45:48.036829,
TXN00003623,ACC0000267,WITHDRAWAL,Croma,28930.5,APPROVED,2026-06-18 13:29:48.036829,
TXN00003624,ACC0000289,PAYMENT,BookMyShow,756.28,APPROVED,2026-05-24 16:53:48.036829,
TXN00003625,ACC0000504,TRANSFER,Ola,37458.21,APPROVED,2026-07-13 23:07:48.036829,
TXN00003626,CARD000183,PURCHASE,BigBasket,3705.72,APPROVED,2026-07-26 08:04:48.036829,
TXN00003627,CARD000037,PURCHASE,MakeMyTrip,16509.75,APPROVED,2026-06-21 10:12:48.036829,
TXN00003628,ACC0000118,PAYMENT,Amazon India,71349.03,APPROVED,2026-04-21 14:49:48.036829,
TXN00003629,ACC0000590,TRANSFER,Nykaa,41420.33,APPROVED,2026-04-10 02:53:48.036829,
TXN00003630,ACC0000592,TRANSFER,BigBasket,49075.97,APPROVED,2026-05-11 01:42:48.036829,
TXN00003631,CARD000085,PURCHASE,Flipkart,14469.69,APPROVED,2026-06-03 19:00:48.036829,
TXN00003632,CARD000150,PURCHASE,Flipkart,5318.21,APPROVED,2026-04-11 03:59:48.036829,
TXN00003633,CARD000176,PURCHASE,Swiggy,30921.31,APPROVED,2026-06-10 06:59:48.036829,
TXN00003634,ACC0000447,TRANSFER,Uber,24266.86,APPROVED,2026-06-18 08:49:48.036829,
TXN00003635,CARD000115,PURCHASE,Nykaa,55014.95,APPROVED,2026-07-25 15:41:48.036829,
TXN00003636,ACC0000319,PAYMENT,Tata CLiQ,53640.03,APPROVED,2026-04-29 17:33:48.036829,
TXN00003637,ACC0000134,PAYMENT,Apollo Pharmacy,53289.31,APPROVED,2026-06-24 00:59:48.036829,
TXN00003638,ACC0000200,PAYMENT,Reliance Digital,55435.69,APPROVED,2026-06-23 23:19:48.036829,
TXN00003639,ACC0000198,TRANSFER,Zomato,70662.6,APPROVED,2026-05-26 04:45:48.036829,
TXN00003640,CARD000006,PURCHASE,Uber,73270.83,APPROVED,2026-07-03 04:22:48.036829,
TXN00003641,ACC0000126,PURCHASE,Reliance Digital,39513.12,APPROVED,2026-03-31 12:20:48.036829,
TXN00003642,ACC0000628,PURCHASE,Ola,10397.64,DECLINED,2026-04-21 12:51:48.036829,SUSPECTED_FRAUD
TXN00003643,CARD000148,PURCHASE,IRCTC,44557.58,PENDING,2026-04-18 11:10:48.036829,
TXN00003644,CARD000039,PURCHASE,Reliance Digital,61106.62,APPROVED,2026-05-12 12:23:48.036829,
TXN00003645,ACC0000030,TRANSFER,BookMyShow,69706.85,APPROVED,2026-07-12 00:11:48.036829,
TXN00003646,CARD000009,PURCHASE,BookMyShow,46093.14,APPROVED,2026-04-18 21:38:48.036829,
TXN00003647,ACC0000319,DEPOSIT,Uber,5478.29,APPROVED,2026-04-30 14:37:48.036829,
TXN00003648,CARD000041,PURCHASE,Nykaa,19096.75,DECLINED,2026-05-22 10:08:48.036829,EXPIRED_CARD
TXN00003649,ACC0000223,TRANSFER,BigBasket,51646.1,APPROVED,2026-07-18 05:00:48.036829,
TXN00003650,ACC0000502,PURCHASE,MakeMyTrip,56403.73,APPROVED,2026-06-28 23:06:48.036829,
TXN00003651,CARD000261,PURCHASE,DMart,40917.11,APPROVED,2026-06-30 21:28:48.036829,
TXN00003652,CARD000236,PURCHASE,MakeMyTrip,10950.52,APPROVED,2026-04-22 10:40:48.036829,
TXN00003653,CARD000299,PURCHASE,Apollo Pharmacy,47690.41,APPROVED,2026-04-30 04:49:48.036829,
TXN00003654,ACC0000386,PAYMENT,Reliance Digital,37469.83,APPROVED,2026-05-20 13:52:48.036829,
TXN00003655,CARD000033,PURCHASE,IRCTC,68446.38,DECLINED,2026-06-20 06:22:48.036829,EXPIRED_CARD
TXN00003656,ACC0000589,WITHDRAWAL,DMart,58821.47,DECLINED,2026-05-02 01:04:48.036829,ACCOUNT_FROZEN
TXN00003657,CARD000200,PURCHASE,IRCTC,28876.94,DECLINED,2026-03-30 22:29:48.036829,SUSPECTED_FRAUD
TXN00003658,ACC0000253,WITHDRAWAL,Jio Recharge,71131.7,APPROVED,2026-07-12 09:10:48.036829,
TXN00003659,ACC0000448,DEPOSIT,DMart,5692.96,DECLINED,2026-04-09 20:45:48.036829,INSUFFICIENT_FUNDS
TXN00003660,ACC0000583,PAYMENT,BigBasket,15012.17,APPROVED,2026-06-25 01:25:48.036829,
TXN00003661,ACC0000286,WITHDRAWAL,Uber,74000.29,DECLINED,2026-05-15 07:48:48.036829,ACCOUNT_FROZEN
TXN00003662,ACC0000079,PURCHASE,Reliance Digital,11418.49,APPROVED,2026-06-30 20:48:48.036829,
TXN00003663,ACC0000051,WITHDRAWAL,Jio Recharge,16261.45,APPROVED,2026-04-02 22:12:48.036829,
TXN00003664,CARD000119,PURCHASE,DMart,31826.38,APPROVED,2026-06-18 12:53:48.036829,
TXN00003665,ACC0000074,DEPOSIT,Amazon India,34376.04,APPROVED,2026-07-11 05:49:48.036829,
TXN00003666,ACC0000095,PURCHASE,Zomato,63558.79,APPROVED,2026-04-08 00:42:48.036829,
TXN00003667,CARD000037,PURCHASE,Tata CLiQ,69962.73,APPROVED,2026-04-23 02:44:48.036829,
TXN00003668,ACC0000699,WITHDRAWAL,Reliance Digital,14831.91,APPROVED,2026-06-20 08:59:48.036829,
TXN00003669,ACC0000391,DEPOSIT,Swiggy,5056.19,APPROVED,2026-05-22 07:34:48.036829,
TXN00003670,ACC0000607,DEPOSIT,BookMyShow,64556.12,APPROVED,2026-06-04 14:17:48.036829,
TXN00003671,CARD000248,PURCHASE,Jio Recharge,72375.6,APPROVED,2026-07-04 03:13:48.036829,
TXN00003672,ACC0000538,DEPOSIT,Amazon India,32678.52,APPROVED,2026-05-23 14:26:48.036829,
TXN00003673,CARD000039,PURCHASE,Myntra,29713.25,APPROVED,2026-07-10 04:55:48.036829,
TXN00003674,CARD000091,PURCHASE,Reliance Digital,57743.2,APPROVED,2026-03-27 18:41:48.036829,
TXN00003675,ACC0000561,PURCHASE,Swiggy,55895.31,APPROVED,2026-05-06 14:54:48.036829,
TXN00003676,CARD000098,PURCHASE,DMart,48997.66,APPROVED,2026-04-22 02:41:48.036829,
TXN00003677,ACC0000651,PAYMENT,Apollo Pharmacy,13541.63,APPROVED,2026-04-17 12:36:48.036829,
TXN00003678,ACC0000203,PAYMENT,Myntra,11329.77,APPROVED,2026-03-28 22:52:48.036829,
TXN00003679,ACC0000573,PAYMENT,BigBasket,49222.17,APPROVED,2026-04-10 13:49:48.036829,
TXN00003680,CARD000241,PURCHASE,Myntra,68561.92,APPROVED,2026-06-15 11:10:48.036829,
TXN00003681,ACC0000326,TRANSFER,Swiggy,35155.3,APPROVED,2026-07-24 20:24:48.036829,
TXN00003682,CARD000166,PURCHASE,Myntra,67838.68,APPROVED,2026-04-23 19:34:48.036829,
TXN00003683,ACC0000657,PURCHASE,Swiggy,51575.43,DECLINED,2026-07-15 16:15:48.036829,INVALID_PIN
TXN00003684,ACC0000108,TRANSFER,Reliance Digital,64801.08,APPROVED,2026-06-27 00:46:48.036829,
TXN00003685,ACC0000366,PAYMENT,Swiggy,12361.86,APPROVED,2026-06-21 09:35:48.036829,
TXN00003686,ACC0000151,DEPOSIT,Nykaa,45805.78,APPROVED,2026-07-21 14:37:48.036829,
TXN00003687,CARD000234,PURCHASE,Apollo Pharmacy,61976.81,APPROVED,2026-07-20 16:53:48.036829,
TXN00003688,CARD000203,PURCHASE,DMart,26158.31,APPROVED,2026-05-21 13:55:48.036829,
TXN00003689,CARD000137,PURCHASE,MakeMyTrip,39854.14,APPROVED,2026-04-22 05:29:48.036829,
TXN00003690,ACC0000458,WITHDRAWAL,Reliance Digital,22864.59,APPROVED,2026-07-03 18:13:48.036829,
TXN00003691,CARD000202,PURCHASE,Apollo Pharmacy,64615.94,APPROVED,2026-04-11 16:02:48.036829,
TXN00003692,ACC0000668,DEPOSIT,Apollo Pharmacy,52984.06,APPROVED,2026-04-28 09:20:48.036829,
TXN00003693,CARD000182,PURCHASE,Uber,29578.48,DECLINED,2026-04-07 04:53:48.036829,CARD_BLOCKED
TXN00003694,CARD000050,PURCHASE,MakeMyTrip,23447.33,APPROVED,2026-05-19 16:49:48.036829,
TXN00003695,CARD000183,PURCHASE,Ola,39303.64,APPROVED,2026-07-08 08:15:48.036829,
TXN00003696,ACC0000565,PAYMENT,Croma,65851.1,APPROVED,2026-05-04 14:19:48.036829,
TXN00003697,CARD000272,PURCHASE,Apollo Pharmacy,63094.1,APPROVED,2026-06-07 05:34:48.036829,
TXN00003698,ACC0000658,PAYMENT,Zomato,44105.44,DECLINED,2026-05-30 01:09:48.036829,INVALID_PIN
TXN00003699,CARD000134,PURCHASE,Tata CLiQ,21870.22,DECLINED,2026-04-23 04:10:48.036829,INSUFFICIENT_CREDIT_LIMIT
TXN00003700,CARD000010,PURCHASE,BookMyShow,42067.13,APPROVED,2026-07-16 07:35:48.036829,
TXN00003701,CARD000063,PURCHASE,Tata CLiQ,23990.53,DECLINED,2026-04-04 13:59:48.036829,INSUFFICIENT_CREDIT_LIMIT
TXN00003702,CARD000278,PURCHASE,BookMyShow,54851.28,APPROVED,2026-04-14 09:17:48.036829,
TXN00003703,ACC0000567,DEPOSIT,DMart,72416.42,PENDING,2026-06-26 08:08:48.036829,
TXN00003704,CARD000124,PURCHASE,Zomato,36681.43,DECLINED,2026-04-04 18:01:48.036829,MERCHANT_NOT_SUPPORTED
TXN00003705,ACC0000584,PAYMENT,IRCTC,7867.93,APPROVED,2026-05-10 08:32:48.036829,
TXN00003706,ACC0000263,WITHDRAWAL,BigBasket,69574.88,APPROVED,2026-06-02 03:34:48.036829,
TXN00003707,ACC0000061,PAYMENT,BookMyShow,54535.9,APPROVED,2026-05-05 11:42:48.036829,
TXN00003708,ACC0000367,PURCHASE,Flipkart,42442.12,APPROVED,2026-07-21 17:57:48.036829,
TXN00003709,ACC0000106,PAYMENT,IRCTC,69568.56,APPROVED,2026-06-09 15:52:48.036829,
TXN00003710,ACC0000356,WITHDRAWAL,Croma,71391.06,APPROVED,2026-04-04 00:25:48.036829,
TXN00003711,ACC0000099,PURCHASE,DMart,28808.41,APPROVED,2026-03-31 03:14:48.036829,
TXN00003712,CARD000070,PURCHASE,Tata CLiQ,29954.75,DECLINED,2026-04-12 04:50:48.036829,MERCHANT_NOT_SUPPORTED
TXN00003713,ACC0000485,TRANSFER,Ola,37423.0,APPROVED,2026-07-13 07:45:48.036829,
TXN00003714,ACC0000354,WITHDRAWAL,Amazon India,2970.35,APPROVED,2026-05-28 06:35:48.036829,
TXN00003715,ACC0000681,TRANSFER,Croma,42252.98,APPROVED,2026-04-11 09:36:48.036829,
TXN00003716,ACC0000196,PAYMENT,Reliance Digital,44329.15,APPROVED,2026-04-29 14:23:48.036829,
TXN00003717,ACC0000012,PAYMENT,Tata CLiQ,37596.69,APPROVED,2026-03-28 19:32:48.036829,
TXN00003718,ACC0000112,DEPOSIT,Jio Recharge,256.05,APPROVED,2026-06-06 23:33:48.036829,
TXN00003719,ACC0000310,DEPOSIT,Myntra,51218.82,APPROVED,2026-06-02 10:22:48.036829,
TXN00003720,ACC0000628,PURCHASE,DMart,39394.99,APPROVED,2026-07-15 04:59:48.036829,
TXN00003721,ACC0000683,PAYMENT,Flipkart,51242.31,APPROVED,2026-05-26 05:46:48.036829,
TXN00003722,ACC0000363,TRANSFER,Flipkart,64058.02,APPROVED,2026-05-03 22:12:48.036829,
TXN00003723,ACC0000274,DEPOSIT,BookMyShow,71686.02,APPROVED,2026-04-01 12:57:48.036829,
TXN00003724,ACC0000544,TRANSFER,Flipkart,30400.82,APPROVED,2026-06-01 09:33:48.036829,
TXN00003725,ACC0000248,WITHDRAWAL,Myntra,71397.2,APPROVED,2026-04-27 00:58:48.036829,
TXN00003726,CARD000119,PURCHASE,Uber,14386.95,APPROVED,2026-07-09 06:14:48.036829,
TXN00003727,CARD000070,PURCHASE,Apollo Pharmacy,64536.86,APPROVED,2026-04-09 22:15:48.036829,
TXN00003728,ACC0000441,WITHDRAWAL,MakeMyTrip,48360.23,APPROVED,2026-04-14 09:42:48.036829,
TXN00003729,CARD000115,PURCHASE,Nykaa,7236.35,APPROVED,2026-04-10 13:45:48.036829,
TXN00003730,CARD000047,PURCHASE,MakeMyTrip,15551.08,APPROVED,2026-07-25 04:17:48.036829,
TXN00003731,ACC0000490,PURCHASE,Croma,57893.93,APPROVED,2026-04-27 05:06:48.036829,
TXN00003732,CARD000031,PURCHASE,Jio Recharge,25964.54,PENDING,2026-05-18 05:56:48.036829,
TXN00003733,ACC0000428,TRANSFER,Apollo Pharmacy,30763.69,APPROVED,2026-05-28 05:46:48.036829,
TXN00003734,ACC0000033,WITHDRAWAL,MakeMyTrip,71112.01,APPROVED,2026-05-15 23:09:48.036829,
TXN00003735,ACC0000503,PAYMENT,Uber,57047.98,APPROVED,2026-06-19 18:27:48.036829,
TXN00003736,ACC0000203,TRANSFER,Swiggy,8415.73,APPROVED,2026-06-03 15:06:48.036829,
TXN00003737,ACC0000093,DEPOSIT,Uber,23085.75,APPROVED,2026-07-10 05:32:48.036829,
TXN00003738,CARD000014,PURCHASE,BigBasket,22189.49,APPROVED,2026-04-25 09:06:48.036829,
TXN00003739,ACC0000464,WITHDRAWAL,MakeMyTrip,16260.21,PENDING,2026-05-15 01:05:48.036829,
TXN00003740,CARD000114,PURCHASE,Swiggy,49269.64,APPROVED,2026-06-08 05:21:48.036829,
TXN00003741,ACC0000664,DEPOSIT,IRCTC,28367.31,APPROVED,2026-04-16 14:36:48.036829,
TXN00003742,CARD000120,PURCHASE,Jio Recharge,39626.6,APPROVED,2026-03-31 06:32:48.036829,
TXN00003743,ACC0000332,WITHDRAWAL,Uber,33592.94,APPROVED,2026-06-12 00:56:48.036829,
TXN00003744,CARD000224,PURCHASE,Nykaa,29128.64,APPROVED,2026-06-29 17:21:48.036829,
TXN00003745,ACC0000250,PURCHASE,Swiggy,62102.26,APPROVED,2026-07-13 07:15:48.036829,
TXN00003746,CARD000053,PURCHASE,Swiggy,36435.26,APPROVED,2026-05-01 14:09:48.036829,
TXN00003747,ACC0000682,DEPOSIT,Swiggy,22719.38,APPROVED,2026-04-13 23:47:48.036829,
TXN00003748,ACC0000458,TRANSFER,MakeMyTrip,40147.51,DECLINED,2026-06-04 21:28:48.036829,DAILY_LIMIT_EXCEEDED
TXN00003749,ACC0000129,PAYMENT,Tata CLiQ,5257.1,DECLINED,2026-04-01 02:37:48.036829,INSUFFICIENT_FUNDS
TXN00003750,CARD000231,PURCHASE,Uber,11287.32,APPROVED,2026-07-16 11:59:48.036829,
TXN00003751,CARD000288,PURCHASE,IRCTC,15732.94,APPROVED,2026-04-11 00:56:48.036829,
TXN00003752,ACC0000362,DEPOSIT,Ola,50208.91,APPROVED,2026-04-28 13:54:48.036829,
TXN00003753,CARD000048,PURCHASE,Croma,35396.38,APPROVED,2026-05-04 15:45:48.036829,
TXN00003754,ACC0000531,PURCHASE,Myntra,24212.85,APPROVED,2026-07-05 20:09:48.036829,
TXN00003755,ACC0000073,PURCHASE,DMart,54403.99,APPROVED,2026-06-29 19:10:48.036829,
TXN00003756,ACC0000617,TRANSFER,BookMyShow,48714.86,APPROVED,2026-07-23 21:55:48.036829,
TXN00003757,ACC0000278,TRANSFER,Ola,39653.34,APPROVED,2026-05-30 02:17:48.036829,
TXN00003758,ACC0000339,PAYMENT,Croma,33183.63,APPROVED,2026-06-01 14:45:48.036829,
TXN00003759,ACC0000196,PAYMENT,Zomato,66113.29,APPROVED,2026-04-04 10:05:48.036829,
TXN00003760,CARD000233,PURCHASE,Swiggy,33542.49,APPROVED,2026-07-04 06:28:48.036829,
TXN00003761,CARD000199,PURCHASE,Reliance Digital,10958.2,APPROVED,2026-06-08 19:54:48.036829,
TXN00003762,ACC0000032,PURCHASE,Amazon India,65720.67,APPROVED,2026-06-05 10:07:48.036829,
TXN00003763,ACC0000172,PAYMENT,Apollo Pharmacy,72969.18,PENDING,2026-04-24 15:10:48.036829,
TXN00003764,ACC0000536,WITHDRAWAL,Amazon India,8388.53,APPROVED,2026-05-19 15:33:48.036829,
TXN00003765,ACC0000600,DEPOSIT,BookMyShow,40727.77,APPROVED,2026-07-12 17:33:48.036829,
TXN00003766,ACC0000690,PAYMENT,Ola,38065.87,APPROVED,2026-04-01 09:43:48.036829,
TXN00003767,CARD000213,PURCHASE,Myntra,66504.26,APPROVED,2026-06-16 13:24:48.036829,
TXN00003768,CARD000077,PURCHASE,Myntra,35123.58,APPROVED,2026-06-14 08:02:48.036829,
TXN00003769,ACC0000235,WITHDRAWAL,Myntra,41571.62,APPROVED,2026-07-21 17:47:48.036829,
TXN00003770,ACC0000043,PAYMENT,Tata CLiQ,51801.42,APPROVED,2026-04-08 03:49:48.036829,
TXN00003771,CARD000144,PURCHASE,DMart,22914.17,PENDING,2026-06-13 20:14:48.036829,
TXN00003772,ACC0000422,PURCHASE,Myntra,33307.09,PENDING,2026-04-20 18:58:48.036829,
TXN00003773,CARD000136,PURCHASE,Swiggy,18767.01,DECLINED,2026-04-22 09:19:48.036829,CARD_BLOCKED
TXN00003774,ACC0000640,WITHDRAWAL,BookMyShow,47337.82,APPROVED,2026-04-01 23:55:48.036829,
TXN00003775,ACC0000690,PAYMENT,BookMyShow,18043.02,APPROVED,2026-07-16 10:01:48.036829,
TXN00003776,CARD000030,PURCHASE,Amazon India,19074.96,APPROVED,2026-07-18 15:15:48.036829,
TXN00003777,CARD000151,PURCHASE,Flipkart,23626.24,APPROVED,2026-05-04 17:53:48.036829,
TXN00003778,ACC0000208,DEPOSIT,Tata CLiQ,19148.87,APPROVED,2026-06-11 15:02:48.036829,
TXN00003779,ACC0000590,DEPOSIT,Croma,41333.17,APPROVED,2026-04-18 19:33:48.036829,
TXN00003780,CARD000289,PURCHASE,Nykaa,62107.71,APPROVED,2026-06-21 14:51:48.036829,
TXN00003781,CARD000230,PURCHASE,Swiggy,26910.27,APPROVED,2026-05-26 14:58:48.036829,
TXN00003782,ACC0000293,PAYMENT,DMart,5962.86,APPROVED,2026-05-21 14:43:48.036829,
TXN00003783,CARD000209,PURCHASE,DMart,44344.99,DECLINED,2026-04-29 03:18:48.036829,SUSPECTED_FRAUD
TXN00003784,ACC0000620,PURCHASE,IRCTC,50658.33,APPROVED,2026-04-16 18:31:48.036829,
TXN00003785,ACC0000545,PAYMENT,Myntra,54280.47,APPROVED,2026-07-16 17:23:48.036829,
TXN00003786,CARD000176,PURCHASE,IRCTC,58357.84,APPROVED,2026-06-29 11:46:48.036829,
TXN00003787,CARD000101,PURCHASE,BigBasket,45265.92,APPROVED,2026-06-03 02:46:48.036829,
TXN00003788,ACC0000048,TRANSFER,Nykaa,9814.96,APPROVED,2026-06-25 15:59:48.036829,
TXN00003789,CARD000159,PURCHASE,Croma,50317.5,APPROVED,2026-05-19 00:15:48.036829,
TXN00003790,ACC0000595,PAYMENT,Myntra,4812.28,APPROVED,2026-04-25 20:02:48.036829,
TXN00003791,CARD000025,PURCHASE,Reliance Digital,23657.45,APPROVED,2026-07-15 23:25:48.036829,
TXN00003792,CARD000197,PURCHASE,Swiggy,25534.46,APPROVED,2026-04-04 02:15:48.036829,
TXN00003793,CARD000168,PURCHASE,Myntra,20274.24,APPROVED,2026-04-04 09:03:48.036829,
TXN00003794,ACC0000104,PURCHASE,Tata CLiQ,4502.73,APPROVED,2026-04-29 08:49:48.036829,
TXN00003795,ACC0000611,WITHDRAWAL,Nykaa,58767.03,APPROVED,2026-04-03 22:38:48.036829,
TXN00003796,CARD000219,PURCHASE,Croma,17152.49,APPROVED,2026-06-29 13:50:48.036829,
TXN00003797,CARD000221,PURCHASE,MakeMyTrip,74150.36,APPROVED,2026-04-05 09:33:48.036829,
TXN00003798,CARD000256,PURCHASE,Reliance Digital,51350.36,APPROVED,2026-04-21 23:29:48.036829,
TXN00003799,CARD000130,PURCHASE,Flipkart,24926.26,APPROVED,2026-05-29 19:28:48.036829,
TXN00003800,ACC0000135,PURCHASE,Croma,55787.15,APPROVED,2026-05-30 12:02:48.036829,
TXN00003801,ACC0000597,WITHDRAWAL,Amazon India,67710.99,DECLINED,2026-06-24 23:19:48.036829,INSUFFICIENT_FUNDS
TXN00003802,CARD000008,PURCHASE,MakeMyTrip,23831.08,APPROVED,2026-07-14 16:20:48.036829,
TXN00003803,ACC0000007,PURCHASE,Ola,10703.59,APPROVED,2026-06-02 18:52:48.036829,
TXN00003804,ACC0000013,DEPOSIT,Myntra,14509.9,APPROVED,2026-06-06 17:53:48.036829,
TXN00003805,CARD000272,PURCHASE,Swiggy,11753.7,APPROVED,2026-06-17 19:47:48.036829,
TXN00003806,CARD000146,PURCHASE,Nykaa,74179.87,APPROVED,2026-04-21 16:46:48.036829,
TXN00003807,ACC0000047,DEPOSIT,BookMyShow,44083.64,APPROVED,2026-06-24 01:20:48.036829,
TXN00003808,ACC0000094,WITHDRAWAL,Tata CLiQ,45073.88,PENDING,2026-04-06 09:46:48.036829,
TXN00003809,CARD000245,PURCHASE,Apollo Pharmacy,32290.24,APPROVED,2026-07-17 11:51:48.036829,
TXN00003810,CARD000082,PURCHASE,DMart,61367.27,DECLINED,2026-06-06 12:49:48.036829,MERCHANT_NOT_SUPPORTED
TXN00003811,ACC0000470,TRANSFER,Jio Recharge,35172.86,APPROVED,2026-04-12 01:18:48.036829,
TXN00003812,ACC0000217,PAYMENT,MakeMyTrip,14825.34,APPROVED,2026-04-14 01:04:48.036829,
TXN00003813,ACC0000465,PURCHASE,Nykaa,22629.74,APPROVED,2026-07-13 20:41:48.036829,
TXN00003814,ACC0000238,DEPOSIT,Zomato,51383.89,APPROVED,2026-05-04 10:59:48.036829,
TXN00003815,CARD000176,PURCHASE,BigBasket,31604.53,APPROVED,2026-06-26 17:52:48.036829,
TXN00003816,CARD000220,PURCHASE,IRCTC,63454.64,APPROVED,2026-05-05 19:25:48.036829,
TXN00003817,CARD000078,PURCHASE,Reliance Digital,61903.81,DECLINED,2026-06-18 03:46:48.036829,EXPIRED_CARD
TXN00003818,CARD000014,PURCHASE,Flipkart,7209.18,APPROVED,2026-07-18 12:40:48.036829,
TXN00003819,CARD000117,PURCHASE,Amazon India,8812.94,APPROVED,2026-07-14 06:27:48.036829,
TXN00003820,ACC0000412,PURCHASE,Myntra,20329.98,APPROVED,2026-06-03 04:27:48.036829,
TXN00003821,ACC0000458,PAYMENT,Reliance Digital,8142.8,APPROVED,2026-04-04 05:43:48.036829,
TXN00003822,CARD000049,PURCHASE,Amazon India,69325.37,APPROVED,2026-04-11 00:15:48.036829,
TXN00003823,CARD000154,PURCHASE,Uber,70061.56,APPROVED,2026-05-06 01:46:48.036829,
TXN00003824,ACC0000515,DEPOSIT,Uber,74757.58,APPROVED,2026-05-02 13:14:48.036829,
TXN00003825,ACC0000464,PURCHASE,Croma,72286.76,APPROVED,2026-07-04 00:35:48.036829,
TXN00003826,CARD000191,PURCHASE,Flipkart,56552.69,APPROVED,2026-07-14 03:42:48.036829,
TXN00003827,ACC0000430,DEPOSIT,Uber,67967.35,APPROVED,2026-06-19 17:05:48.036829,
TXN00003828,ACC0000314,TRANSFER,Croma,39769.61,APPROVED,2026-04-19 06:23:48.036829,
TXN00003829,CARD000069,PURCHASE,BookMyShow,37258.65,APPROVED,2026-05-01 09:15:48.036829,
TXN00003830,CARD000116,PURCHASE,Apollo Pharmacy,22901.62,APPROVED,2026-07-23 12:22:48.036829,
TXN00003831,ACC0000147,WITHDRAWAL,DMart,43644.86,APPROVED,2026-04-16 16:29:48.036829,
TXN00003832,CARD000041,PURCHASE,BigBasket,64863.67,APPROVED,2026-03-31 12:29:48.036829,
TXN00003833,ACC0000477,TRANSFER,BigBasket,619.4,APPROVED,2026-06-13 05:56:48.036829,
TXN00003834,ACC0000207,PURCHASE,Zomato,62839.7,APPROVED,2026-04-28 10:23:48.036829,
TXN00003835,ACC0000263,WITHDRAWAL,Croma,9905.71,APPROVED,2026-06-12 13:31:48.036829,
TXN00003836,ACC0000570,WITHDRAWAL,BigBasket,23164.98,APPROVED,2026-05-14 23:12:48.036829,
TXN00003837,CARD000288,PURCHASE,Swiggy,71667.3,APPROVED,2026-06-11 19:41:48.036829,
TXN00003838,CARD000299,PURCHASE,Swiggy,62849.33,APPROVED,2026-07-09 09:10:48.036829,
TXN00003839,ACC0000692,WITHDRAWAL,Amazon India,60699.34,APPROVED,2026-03-30 08:25:48.036829,
TXN00003840,CARD000195,PURCHASE,DMart,62183.46,APPROVED,2026-04-10 21:21:48.036829,
TXN00003841,CARD000185,PURCHASE,Amazon India,52648.65,APPROVED,2026-06-17 16:29:48.036829,
TXN00003842,CARD000135,PURCHASE,BookMyShow,44974.83,APPROVED,2026-04-01 12:18:48.036829,
TXN00003843,ACC0000591,WITHDRAWAL,MakeMyTrip,47766.59,DECLINED,2026-04-25 11:06:48.036829,DAILY_LIMIT_EXCEEDED
TXN00003844,CARD000269,PURCHASE,Swiggy,68454.57,DECLINED,2026-05-23 04:35:48.036829,INCORRECT_CVV
TXN00003845,ACC0000044,WITHDRAWAL,Zomato,46536.05,APPROVED,2026-07-18 15:15:48.036829,
TXN00003846,ACC0000333,DEPOSIT,Tata CLiQ,16465.14,APPROVED,2026-05-23 21:11:48.036829,
TXN00003847,CARD000085,PURCHASE,Ola,33397.5,APPROVED,2026-06-23 13:25:48.036829,
TXN00003848,ACC0000617,PURCHASE,BookMyShow,24752.75,DECLINED,2026-07-04 13:53:48.036829,INSUFFICIENT_FUNDS
TXN00003849,ACC0000284,WITHDRAWAL,Myntra,22507.03,APPROVED,2026-05-01 14:23:48.036829,
TXN00003850,ACC0000315,WITHDRAWAL,Jio Recharge,54899.85,APPROVED,2026-06-14 21:00:48.036829,
TXN00003851,CARD000095,PURCHASE,Amazon India,34298.39,APPROVED,2026-07-07 00:27:48.036829,
TXN00003852,CARD000140,PURCHASE,Apollo Pharmacy,12445.87,APPROVED,2026-06-28 04:09:48.036829,
TXN00003853,CARD000064,PURCHASE,Flipkart,69178.47,APPROVED,2026-06-20 10:03:48.036829,
TXN00003854,ACC0000423,DEPOSIT,Croma,66552.22,DECLINED,2026-05-31 18:28:48.036829,DAILY_LIMIT_EXCEEDED
TXN00003855,ACC0000698,PURCHASE,Jio Recharge,37871.57,APPROVED,2026-06-27 19:58:48.036829,
TXN00003856,ACC0000442,DEPOSIT,MakeMyTrip,24128.02,DECLINED,2026-06-21 15:32:48.036829,INVALID_PIN
TXN00003857,ACC0000097,WITHDRAWAL,Jio Recharge,51457.98,APPROVED,2026-05-10 04:39:48.036829,
TXN00003858,CARD000107,PURCHASE,Swiggy,5852.88,PENDING,2026-04-09 11:54:48.036829,
TXN00003859,ACC0000684,PAYMENT,BigBasket,45371.46,APPROVED,2026-05-25 16:17:48.036829,
TXN00003860,ACC0000637,PAYMENT,Reliance Digital,7381.11,APPROVED,2026-07-03 04:56:48.036829,
TXN00003861,ACC0000635,PURCHASE,Zomato,19320.51,APPROVED,2026-06-13 08:26:48.036829,
TXN00003862,CARD000180,PURCHASE,Reliance Digital,30388.84,APPROVED,2026-05-13 11:23:48.036829,
TXN00003863,ACC0000136,PURCHASE,Uber,8794.33,APPROVED,2026-06-27 13:42:48.036829,
TXN00003864,CARD000228,PURCHASE,Zomato,31386.61,APPROVED,2026-06-29 23:49:48.036829,
TXN00003865,ACC0000585,DEPOSIT,Uber,27490.8,DECLINED,2026-06-10 06:21:48.036829,DAILY_LIMIT_EXCEEDED
TXN00003866,CARD000093,PURCHASE,MakeMyTrip,52969.97,APPROVED,2026-06-06 11:12:48.036829,
TXN00003867,ACC0000333,PURCHASE,Zomato,48142.0,PENDING,2026-07-11 08:48:48.036829,
TXN00003868,ACC0000002,PURCHASE,Uber,6696.47,APPROVED,2026-05-03 16:34:48.036829,
TXN00003869,ACC0000299,WITHDRAWAL,BookMyShow,28584.96,APPROVED,2026-07-12 14:28:48.036829,
TXN00003870,CARD000053,PURCHASE,Zomato,53833.9,APPROVED,2026-05-20 08:20:48.036829,
TXN00003871,ACC0000687,DEPOSIT,Reliance Digital,29171.89,APPROVED,2026-05-31 19:06:48.036829,
TXN00003872,ACC0000650,DEPOSIT,Reliance Digital,5478.42,APPROVED,2026-04-06 04:25:48.036829,
TXN00003873,ACC0000435,PAYMENT,Swiggy,53945.47,DECLINED,2026-07-17 13:19:48.036829,ACCOUNT_FROZEN
TXN00003874,ACC0000355,PAYMENT,Nykaa,72201.68,PENDING,2026-07-17 02:54:48.036829,
TXN00003875,ACC0000258,TRANSFER,Apollo Pharmacy,68838.1,APPROVED,2026-07-22 22:02:48.036829,
TXN00003876,ACC0000038,WITHDRAWAL,Swiggy,40318.85,APPROVED,2026-07-05 12:19:48.036829,
TXN00003877,ACC0000201,TRANSFER,IRCTC,63152.25,APPROVED,2026-05-26 12:18:48.036829,
TXN00003878,CARD000109,PURCHASE,BigBasket,28817.85,APPROVED,2026-06-23 23:38:48.036829,
TXN00003879,CARD000259,PURCHASE,DMart,52694.98,APPROVED,2026-05-29 21:02:48.036829,
TXN00003880,ACC0000036,WITHDRAWAL,Zomato,12729.92,APPROVED,2026-04-07 08:15:48.036829,
TXN00003881,ACC0000642,PURCHASE,Amazon India,64831.02,APPROVED,2026-05-13 07:14:48.036829,
TXN00003882,CARD000103,PURCHASE,Croma,62494.66,DECLINED,2026-07-01 21:02:48.036829,CARD_BLOCKED
TXN00003883,ACC0000058,WITHDRAWAL,Apollo Pharmacy,46712.8,APPROVED,2026-05-17 10:35:48.036829,
TXN00003884,ACC0000144,DEPOSIT,DMart,55047.75,APPROVED,2026-04-05 15:43:48.036829,
TXN00003885,CARD000083,PURCHASE,IRCTC,73990.07,APPROVED,2026-06-21 15:50:48.036829,
TXN00003886,CARD000221,PURCHASE,Ola,56053.7,APPROVED,2026-05-27 09:31:48.036829,
TXN00003887,CARD000032,PURCHASE,DMart,55062.69,APPROVED,2026-04-24 05:52:48.036829,
TXN00003888,CARD000245,PURCHASE,Ola,24459.76,APPROVED,2026-06-29 13:30:48.036829,
TXN00003889,CARD000071,PURCHASE,DMart,26613.47,APPROVED,2026-06-09 19:03:48.036829,
TXN00003890,ACC0000611,DEPOSIT,Swiggy,59495.19,APPROVED,2026-05-11 14:03:48.036829,
TXN00003891,ACC0000565,TRANSFER,Reliance Digital,21485.36,APPROVED,2026-04-10 04:17:48.036829,
TXN00003892,CARD000148,PURCHASE,Flipkart,20732.45,APPROVED,2026-05-21 10:34:48.036829,
TXN00003893,ACC0000606,TRANSFER,Jio Recharge,41739.87,APPROVED,2026-04-13 17:30:48.036829,
TXN00003894,ACC0000109,TRANSFER,Zomato,62994.45,APPROVED,2026-06-10 10:48:48.036829,
TXN00003895,ACC0000168,PAYMENT,Croma,43013.75,APPROVED,2026-06-26 21:23:48.036829,
TXN00003896,ACC0000573,WITHDRAWAL,Myntra,46315.78,APPROVED,2026-05-26 13:53:48.036829,
TXN00003897,ACC0000007,PAYMENT,Croma,2819.39,APPROVED,2026-07-06 10:52:48.036829,
TXN00003898,ACC0000190,WITHDRAWAL,Myntra,9123.43,APPROVED,2026-06-03 18:48:48.036829,
TXN00003899,CARD000251,PURCHASE,Jio Recharge,71461.73,APPROVED,2026-03-27 11:34:48.036829,
TXN00003900,ACC0000130,PAYMENT,Swiggy,41981.02,APPROVED,2026-03-29 01:23:48.036829,
TXN00003901,ACC0000655,WITHDRAWAL,BookMyShow,7996.48,APPROVED,2026-05-26 20:19:48.036829,
TXN00003902,CARD000091,PURCHASE,Nykaa,3928.11,APPROVED,2026-05-14 05:09:48.036829,
TXN00003903,CARD000166,PURCHASE,Tata CLiQ,6729.72,APPROVED,2026-06-08 01:10:48.036829,
TXN00003904,CARD000247,PURCHASE,MakeMyTrip,74655.67,APPROVED,2026-04-05 18:56:48.036829,
TXN00003905,ACC0000618,TRANSFER,BookMyShow,55590.43,APPROVED,2026-07-16 16:12:48.036829,
TXN00003906,ACC0000651,PAYMENT,Uber,64653.21,APPROVED,2026-07-21 00:15:48.036829,
TXN00003907,ACC0000487,PAYMENT,Ola,67265.12,APPROVED,2026-06-15 04:48:48.036829,
TXN00003908,CARD000179,PURCHASE,Uber,64914.72,APPROVED,2026-06-12 22:26:48.036829,
TXN00003909,CARD000248,PURCHASE,Jio Recharge,40902.96,APPROVED,2026-06-05 16:13:48.036829,
TXN00003910,CARD000178,PURCHASE,Nykaa,66063.6,APPROVED,2026-06-23 15:14:48.036829,
TXN00003911,ACC0000197,PURCHASE,BookMyShow,44380.28,APPROVED,2026-04-02 09:09:48.036829,
TXN00003912,CARD000049,PURCHASE,Flipkart,52914.29,APPROVED,2026-04-24 21:42:48.036829,
TXN00003913,ACC0000071,TRANSFER,Croma,48110.75,APPROVED,2026-04-12 03:19:48.036829,
TXN00003914,ACC0000128,WITHDRAWAL,Jio Recharge,67806.36,DECLINED,2026-05-25 17:04:48.036829,INSUFFICIENT_FUNDS
TXN00003915,CARD000107,PURCHASE,Amazon India,39866.43,APPROVED,2026-05-16 12:28:48.036829,
TXN00003916,ACC0000680,TRANSFER,Jio Recharge,44551.06,APPROVED,2026-04-12 01:59:48.036829,
TXN00003917,ACC0000023,WITHDRAWAL,Tata CLiQ,13265.13,APPROVED,2026-07-24 17:24:48.036829,
TXN00003918,CARD000227,PURCHASE,Croma,9746.52,APPROVED,2026-04-01 16:16:48.036829,
TXN00003919,ACC0000317,TRANSFER,BookMyShow,1567.47,APPROVED,2026-06-19 03:27:48.036829,
TXN00003920,ACC0000078,PAYMENT,Apollo Pharmacy,6113.05,APPROVED,2026-06-10 05:19:48.036829,
TXN00003921,ACC0000502,PAYMENT,Flipkart,62415.91,APPROVED,2026-06-29 09:54:48.036829,
TXN00003922,ACC0000003,WITHDRAWAL,Zomato,37691.86,APPROVED,2026-05-17 20:10:48.036829,
TXN00003923,CARD000122,PURCHASE,Amazon India,32097.42,DECLINED,2026-06-02 08:39:48.036829,INSUFFICIENT_CREDIT_LIMIT
TXN00003924,CARD000125,PURCHASE,Nykaa,6617.85,APPROVED,2026-03-29 08:38:48.036829,
TXN00003925,CARD000241,PURCHASE,DMart,47654.32,APPROVED,2026-07-03 05:13:48.036829,
TXN00003926,ACC0000515,DEPOSIT,Nykaa,14218.42,APPROVED,2026-07-02 21:48:48.036829,
TXN00003927,CARD000014,PURCHASE,Uber,51326.51,APPROVED,2026-04-10 06:23:48.036829,
TXN00003928,ACC0000490,WITHDRAWAL,Amazon India,67798.6,APPROVED,2026-05-15 11:18:48.036829,
TXN00003929,ACC0000169,WITHDRAWAL,MakeMyTrip,7820.17,APPROVED,2026-06-27 13:06:48.036829,
TXN00003930,CARD000143,PURCHASE,Zomato,16644.39,APPROVED,2026-06-19 04:09:48.036829,
TXN00003931,ACC0000395,PAYMENT,BookMyShow,4459.54,APPROVED,2026-06-03 18:52:48.036829,
TXN00003932,ACC0000565,WITHDRAWAL,BookMyShow,54723.24,APPROVED,2026-07-12 08:19:48.036829,
TXN00003933,ACC0000464,PAYMENT,Croma,975.48,APPROVED,2026-07-16 12:31:48.036829,
TXN00003934,CARD000217,PURCHASE,Zomato,1645.92,APPROVED,2026-04-20 10:34:48.036829,
TXN00003935,CARD000111,PURCHASE,Uber,35703.87,DECLINED,2026-04-04 01:50:48.036829,EXPIRED_CARD
TXN00003936,ACC0000306,WITHDRAWAL,Flipkart,28413.01,APPROVED,2026-06-06 17:37:48.036829,
TXN00003937,ACC0000311,PURCHASE,Myntra,31818.51,APPROVED,2026-03-29 16:38:48.036829,
TXN00003938,ACC0000258,PURCHASE,DMart,61989.38,DECLINED,2026-05-11 09:00:48.036829,DAILY_LIMIT_EXCEEDED
TXN00003939,ACC0000652,DEPOSIT,Amazon India,42711.09,APPROVED,2026-04-08 03:35:48.036829,
TXN00003940,ACC0000427,PURCHASE,IRCTC,68707.19,APPROVED,2026-07-18 13:43:48.036829,
TXN00003941,ACC0000363,WITHDRAWAL,Nykaa,32230.79,APPROVED,2026-07-07 12:56:48.036829,
TXN00003942,ACC0000140,PAYMENT,IRCTC,27178.05,APPROVED,2026-06-26 19:35:48.036829,
TXN00003943,CARD000196,PURCHASE,DMart,26400.88,APPROVED,2026-06-13 21:57:48.036829,
TXN00003944,CARD000089,PURCHASE,Zomato,9751.47,APPROVED,2026-06-02 12:49:48.036829,
TXN00003945,CARD000214,PURCHASE,BigBasket,6356.25,APPROVED,2026-06-12 13:51:48.036829,
TXN00003946,CARD000248,PURCHASE,BigBasket,48566.56,APPROVED,2026-07-11 14:25:48.036829,
TXN00003947,CARD000176,PURCHASE,BookMyShow,66502.15,DECLINED,2026-07-14 08:13:48.036829,EXPIRED_CARD
TXN00003948,ACC0000065,DEPOSIT,Myntra,70562.54,DECLINED,2026-04-20 22:50:48.036829,ACCOUNT_FROZEN
TXN00003949,CARD000288,PURCHASE,Amazon India,30505.6,APPROVED,2026-05-05 01:13:48.036829,
TXN00003950,CARD000264,PURCHASE,Myntra,67179.31,APPROVED,2026-04-12 22:25:48.036829,
TXN00003951,CARD000024,PURCHASE,Ola,3522.15,APPROVED,2026-04-08 09:45:48.036829,
TXN00003952,CARD000187,PURCHASE,Tata CLiQ,11833.79,APPROVED,2026-06-09 08:18:48.036829,
TXN00003953,CARD000010,PURCHASE,BookMyShow,39728.8,APPROVED,2026-05-15 00:45:48.036829,
TXN00003954,ACC0000512,PURCHASE,Swiggy,71194.74,PENDING,2026-04-18 19:02:48.036829,
TXN00003955,ACC0000590,WITHDRAWAL,Uber,15592.24,APPROVED,2026-07-22 10:07:48.036829,
TXN00003956,CARD000213,PURCHASE,Myntra,43059.75,APPROVED,2026-05-04 14:44:48.036829,
TXN00003957,CARD000107,PURCHASE,Croma,7237.52,APPROVED,2026-06-20 01:03:48.036829,
TXN00003958,CARD000050,PURCHASE,BookMyShow,40279.61,APPROVED,2026-06-19 21:59:48.036829,
TXN00003959,CARD000274,PURCHASE,Flipkart,35618.22,APPROVED,2026-07-24 07:16:48.036829,
TXN00003960,ACC0000505,PURCHASE,MakeMyTrip,36782.74,APPROVED,2026-05-07 15:08:48.036829,
TXN00003961,ACC0000635,WITHDRAWAL,Reliance Digital,36795.41,APPROVED,2026-06-28 21:54:48.036829,
TXN00003962,CARD000135,PURCHASE,Myntra,54111.05,DECLINED,2026-07-14 09:11:48.036829,MERCHANT_NOT_SUPPORTED
TXN00003963,ACC0000322,PAYMENT,BookMyShow,53548.85,APPROVED,2026-07-19 22:02:48.036829,
TXN00003964,CARD000297,PURCHASE,MakeMyTrip,50242.87,APPROVED,2026-06-07 04:31:48.036829,
TXN00003965,ACC0000494,DEPOSIT,Reliance Digital,63902.96,APPROVED,2026-05-16 06:38:48.036829,
TXN00003966,ACC0000010,DEPOSIT,Croma,72800.64,APPROVED,2026-04-17 15:48:48.036829,
TXN00003967,ACC0000212,PURCHASE,Ola,54947.33,APPROVED,2026-06-05 08:54:48.036829,
TXN00003968,ACC0000289,WITHDRAWAL,Ola,49965.03,APPROVED,2026-04-01 18:12:48.036829,
TXN00003969,ACC0000553,TRANSFER,Myntra,227.56,APPROVED,2026-07-15 05:29:48.036829,
TXN00003970,ACC0000290,PURCHASE,Flipkart,17982.53,APPROVED,2026-05-04 14:38:48.036829,
TXN00003971,ACC0000306,PAYMENT,BigBasket,33077.74,APPROVED,2026-03-28 12:05:48.036829,
TXN00003972,ACC0000324,DEPOSIT,Flipkart,44024.52,DECLINED,2026-06-11 18:57:48.036829,SUSPECTED_FRAUD
TXN00003973,CARD000103,PURCHASE,BookMyShow,1988.64,APPROVED,2026-07-11 21:30:48.036829,
TXN00003974,CARD000298,PURCHASE,BigBasket,30937.92,DECLINED,2026-05-29 16:21:48.036829,CARD_BLOCKED
TXN00003975,CARD000161,PURCHASE,Croma,11926.0,APPROVED,2026-04-15 12:02:48.036829,
TXN00003976,CARD000101,PURCHASE,Ola,45057.01,APPROVED,2026-04-02 11:51:48.036829,
TXN00003977,ACC0000697,TRANSFER,BookMyShow,29365.45,APPROVED,2026-04-19 01:42:48.036829,
TXN00003978,ACC0000034,TRANSFER,Swiggy,51145.85,APPROVED,2026-06-01 14:32:48.036829,
TXN00003979,ACC0000478,TRANSFER,Apollo Pharmacy,57732.37,APPROVED,2026-07-11 23:56:48.036829,
TXN00003980,CARD000151,PURCHASE,Reliance Digital,43669.08,APPROVED,2026-07-19 13:10:48.036829,
TXN00003981,CARD000176,PURCHASE,Jio Recharge,64982.81,APPROVED,2026-07-23 20:32:48.036829,
TXN00003982,CARD000213,PURCHASE,Amazon India,66409.91,APPROVED,2026-04-06 06:07:48.036829,
TXN00003983,ACC0000271,TRANSFER,BigBasket,35812.33,APPROVED,2026-04-03 13:55:48.036829,
TXN00003984,ACC0000131,PURCHASE,Ola,59407.07,APPROVED,2026-05-14 03:01:48.036829,
TXN00003985,CARD000196,PURCHASE,Croma,33475.37,APPROVED,2026-07-13 17:36:48.036829,
TXN00003986,ACC0000334,PURCHASE,Amazon India,47108.82,APPROVED,2026-06-06 14:02:48.036829,
TXN00003987,ACC0000693,PAYMENT,DMart,74142.15,APPROVED,2026-07-17 08:31:48.036829,
TXN00003988,CARD000260,PURCHASE,MakeMyTrip,11946.47,APPROVED,2026-03-29 17:34:48.036829,
TXN00003989,ACC0000274,DEPOSIT,BigBasket,14769.53,APPROVED,2026-06-13 05:34:48.036829,
TXN00003990,CARD000179,PURCHASE,Reliance Digital,67861.56,APPROVED,2026-03-31 04:13:48.036829,
TXN00003991,ACC0000062,DEPOSIT,Reliance Digital,73381.25,DECLINED,2026-07-04 20:59:48.036829,ACCOUNT_FROZEN
TXN00003992,ACC0000676,PAYMENT,Apollo Pharmacy,27516.75,APPROVED,2026-07-23 20:41:48.036829,
TXN00003993,ACC0000241,PURCHASE,Nykaa,73813.52,APPROVED,2026-04-09 13:18:48.036829,
TXN00003994,ACC0000099,PAYMENT,Jio Recharge,16344.9,APPROVED,2026-04-05 16:54:48.036829,
TXN00003995,ACC0000024,PAYMENT,Nykaa,72132.66,APPROVED,2026-07-11 03:10:48.036829,
TXN00003996,CARD000062,PURCHASE,Swiggy,38482.52,DECLINED,2026-05-23 02:45:48.036829,INSUFFICIENT_CREDIT_LIMIT
TXN00003997,ACC0000378,WITHDRAWAL,Amazon India,72150.83,APPROVED,2026-04-21 05:49:48.036829,
TXN00003998,ACC0000179,WITHDRAWAL,Reliance Digital,26844.44,APPROVED,2026-06-28 12:36:48.036829,
TXN00003999,ACC0000128,TRANSFER,Jio Recharge,69195.52,APPROVED,2026-06-20 23:07:48.036829,
TXN00004000,CARD000283,PURCHASE,Reliance Digital,72285.89,APPROVED,2026-06-24 20:57:48.036829,
TXN00004001,CARD000247,PURCHASE,Zomato,37104.82,APPROVED,2026-05-05 15:16:48.036829,
TXN00004002,CARD000271,PURCHASE,IRCTC,51084.32,APPROVED,2026-06-12 07:21:48.036829,
TXN00004003,ACC0000652,DEPOSIT,BigBasket,36165.58,PENDING,2026-07-18 04:14:48.036829,
TXN00004004,ACC0000650,PURCHASE,Tata CLiQ,52085.29,APPROVED,2026-06-24 13:50:48.036829,
TXN00004005,CARD000020,PURCHASE,Apollo Pharmacy,24704.52,APPROVED,2026-07-16 18:24:48.036829,
TXN00004006,ACC0000685,WITHDRAWAL,Swiggy,29836.0,APPROVED,2026-07-17 07:57:48.036829,
TXN00004007,ACC0000283,PAYMENT,Nykaa,62334.26,APPROVED,2026-05-02 19:11:48.036829,
TXN00004008,ACC0000501,WITHDRAWAL,Reliance Digital,49905.14,APPROVED,2026-04-12 00:42:48.036829,
TXN00004009,CARD000110,PURCHASE,DMart,22625.8,APPROVED,2026-07-03 19:32:48.036829,
TXN00004010,ACC0000117,WITHDRAWAL,BigBasket,25507.99,APPROVED,2026-04-26 09:15:48.036829,
TXN00004011,CARD000004,PURCHASE,IRCTC,12598.37,DECLINED,2026-05-05 02:47:48.036829,CARD_BLOCKED
TXN00004012,CARD000070,PURCHASE,Zomato,28966.04,DECLINED,2026-04-28 00:37:48.036829,EXPIRED_CARD
TXN00004013,ACC0000451,TRANSFER,Apollo Pharmacy,69013.87,APPROVED,2026-04-22 12:12:48.036829,
TXN00004014,ACC0000588,TRANSFER,Reliance Digital,73515.11,APPROVED,2026-04-15 04:03:48.036829,
TXN00004015,CARD000052,PURCHASE,Reliance Digital,60552.94,APPROVED,2026-05-17 15:48:48.036829,
TXN00004016,CARD000027,PURCHASE,Jio Recharge,17590.92,APPROVED,2026-07-08 23:02:48.036829,
TXN00004017,CARD000053,PURCHASE,BigBasket,371.16,APPROVED,2026-05-18 21:47:48.036829,
TXN00004018,CARD000106,PURCHASE,BigBasket,5067.13,APPROVED,2026-06-11 08:38:48.036829,
TXN00004019,ACC0000589,WITHDRAWAL,Myntra,50576.56,APPROVED,2026-07-18 14:06:48.036829,
TXN00004020,ACC0000074,PAYMENT,BigBasket,26902.8,APPROVED,2026-03-28 13:03:48.036829,
TXN00004021,CARD000280,PURCHASE,Uber,43675.3,DECLINED,2026-06-01 04:52:48.036829,INCORRECT_CVV
TXN00004022,ACC0000336,WITHDRAWAL,DMart,33031.76,APPROVED,2026-07-24 13:47:48.036829,
TXN00004023,ACC0000331,DEPOSIT,Nykaa,56303.48,APPROVED,2026-04-24 23:44:48.036829,
TXN00004024,ACC0000300,PAYMENT,MakeMyTrip,39891.87,APPROVED,2026-06-01 21:52:48.036829,
TXN00004025,CARD000060,PURCHASE,Flipkart,3676.67,APPROVED,2026-07-08 09:04:48.036829,
TXN00004026,ACC0000497,TRANSFER,MakeMyTrip,9818.88,DECLINED,2026-04-10 11:13:48.036829,INSUFFICIENT_FUNDS
TXN00004027,CARD000248,PURCHASE,Uber,53177.93,APPROVED,2026-07-17 23:41:48.036829,
TXN00004028,ACC0000536,TRANSFER,MakeMyTrip,54314.85,APPROVED,2026-06-11 00:25:48.036829,
TXN00004029,ACC0000153,TRANSFER,Jio Recharge,36502.3,APPROVED,2026-07-10 08:37:48.036829,
TXN00004030,ACC0000099,PAYMENT,Amazon India,8183.26,APPROVED,2026-07-22 17:19:48.036829,
TXN00004031,CARD000250,PURCHASE,DMart,40404.58,APPROVED,2026-06-01 19:49:48.036829,
TXN00004032,CARD000262,PURCHASE,Myntra,14154.72,APPROVED,2026-05-22 08:48:48.036829,
TXN00004033,ACC0000122,TRANSFER,Swiggy,3875.4,APPROVED,2026-05-06 00:42:48.036829,
TXN00004034,CARD000074,PURCHASE,Ola,65272.87,APPROVED,2026-06-15 22:53:48.036829,
TXN00004035,ACC0000525,PAYMENT,Uber,39652.99,APPROVED,2026-07-15 09:29:48.036829,
TXN00004036,ACC0000351,PURCHASE,Flipkart,15964.95,APPROVED,2026-06-29 05:40:48.036829,
TXN00004037,CARD000152,PURCHASE,Myntra,33534.17,APPROVED,2026-04-28 17:40:48.036829,
TXN00004038,ACC0000162,WITHDRAWAL,Flipkart,63416.21,APPROVED,2026-07-09 19:01:48.036829,
TXN00004039,ACC0000140,DEPOSIT,Myntra,53425.78,PENDING,2026-05-10 01:52:48.036829,
TXN00004040,CARD000033,PURCHASE,Uber,42317.48,APPROVED,2026-07-10 05:04:48.036829,
TXN00004041,CARD000200,PURCHASE,Uber,23875.21,APPROVED,2026-05-08 02:37:48.036829,
TXN00004042,CARD000263,PURCHASE,Nykaa,69587.98,APPROVED,2026-06-30 21:51:48.036829,
TXN00004043,CARD000011,PURCHASE,Ola,61873.91,APPROVED,2026-04-21 14:51:48.036829,
TXN00004044,CARD000266,PURCHASE,Zomato,8598.77,APPROVED,2026-06-21 10:38:48.036829,
TXN00004045,ACC0000476,TRANSFER,BigBasket,44106.2,APPROVED,2026-04-22 07:51:48.036829,
TXN00004046,ACC0000112,PURCHASE,Amazon India,42313.41,APPROVED,2026-05-24 04:06:48.036829,
TXN00004047,ACC0000131,PURCHASE,Myntra,19170.01,APPROVED,2026-06-04 22:36:48.036829,
TXN00004048,ACC0000277,DEPOSIT,Myntra,42918.16,APPROVED,2026-04-27 12:16:48.036829,
TXN00004049,ACC0000375,PAYMENT,Ola,1753.0,APPROVED,2026-05-26 07:22:48.036829,
TXN00004050,CARD000092,PURCHASE,Nykaa,72653.87,APPROVED,2026-07-04 06:21:48.036829,
TXN00004051,CARD000280,PURCHASE,Reliance Digital,67097.98,APPROVED,2026-06-09 04:58:48.036829,
TXN00004052,ACC0000400,WITHDRAWAL,Reliance Digital,5788.1,DECLINED,2026-05-28 02:30:48.036829,ACCOUNT_FROZEN
TXN00004053,ACC0000506,PURCHASE,Croma,21014.65,APPROVED,2026-07-17 06:39:48.036829,
TXN00004054,CARD000269,PURCHASE,Zomato,9940.74,DECLINED,2026-05-31 18:05:48.036829,MERCHANT_NOT_SUPPORTED
TXN00004055,CARD000254,PURCHASE,BookMyShow,6047.24,APPROVED,2026-04-24 04:26:48.036829,
TXN00004056,ACC0000400,WITHDRAWAL,MakeMyTrip,74603.68,APPROVED,2026-04-27 13:15:48.036829,
TXN00004057,ACC0000262,PAYMENT,BigBasket,32266.16,APPROVED,2026-06-26 05:19:48.036829,
TXN00004058,ACC0000555,DEPOSIT,Flipkart,2646.02,APPROVED,2026-04-26 18:03:48.036829,
TXN00004059,ACC0000017,PURCHASE,Ola,13058.8,PENDING,2026-04-10 16:15:48.036829,
TXN00004060,CARD000002,PURCHASE,Nykaa,27829.65,DECLINED,2026-05-25 00:32:48.036829,INCORRECT_CVV
TXN00004061,CARD000169,PURCHASE,DMart,7346.54,APPROVED,2026-07-25 00:53:48.036829,
TXN00004062,ACC0000039,DEPOSIT,Jio Recharge,6459.49,APPROVED,2026-03-27 19:16:48.036829,
TXN00004063,CARD000278,PURCHASE,Zomato,20788.96,APPROVED,2026-04-21 09:53:48.036829,
TXN00004064,ACC0000548,PAYMENT,Ola,47536.79,APPROVED,2026-06-15 18:39:48.036829,
TXN00004065,ACC0000224,PAYMENT,Jio Recharge,63421.45,APPROVED,2026-05-11 21:36:48.036829,
TXN00004066,ACC0000600,PAYMENT,Nykaa,65082.8,APPROVED,2026-05-15 07:39:48.036829,
TXN00004067,ACC0000519,PURCHASE,Ola,18087.44,APPROVED,2026-05-01 04:09:48.036829,
TXN00004068,CARD000172,PURCHASE,Zomato,15407.3,APPROVED,2026-04-03 09:26:48.036829,
TXN00004069,CARD000227,PURCHASE,Uber,59765.69,APPROVED,2026-06-11 19:24:48.036829,
TXN00004070,ACC0000221,PURCHASE,Nykaa,56989.59,APPROVED,2026-07-05 12:01:48.036829,
TXN00004071,ACC0000202,PAYMENT,MakeMyTrip,30137.56,APPROVED,2026-07-25 00:57:48.036829,
TXN00004072,ACC0000095,DEPOSIT,DMart,57896.96,APPROVED,2026-04-05 21:31:48.036829,
TXN00004073,ACC0000496,PURCHASE,Ola,5583.97,APPROVED,2026-05-09 21:51:48.036829,
TXN00004074,ACC0000239,PURCHASE,Jio Recharge,14945.41,APPROVED,2026-06-27 03:27:48.036829,
TXN00004075,CARD000170,PURCHASE,Flipkart,25009.04,APPROVED,2026-05-06 13:42:48.036829,
TXN00004076,CARD000285,PURCHASE,Apollo Pharmacy,69252.03,APPROVED,2026-05-02 13:59:48.036829,
TXN00004077,ACC0000113,WITHDRAWAL,Croma,5206.86,APPROVED,2026-06-09 02:59:48.036829,
TXN00004078,ACC0000334,TRANSFER,Swiggy,62262.29,APPROVED,2026-04-14 20:49:48.036829,
TXN00004079,CARD000129,PURCHASE,BigBasket,48776.33,APPROVED,2026-05-16 16:06:48.036829,
TXN00004080,ACC0000612,PURCHASE,Nykaa,29034.13,APPROVED,2026-04-29 16:25:48.036829,
TXN00004081,ACC0000178,DEPOSIT,DMart,74568.3,APPROVED,2026-04-29 17:05:48.036829,
TXN00004082,ACC0000371,PURCHASE,Reliance Digital,55928.79,DECLINED,2026-06-15 11:31:48.036829,INVALID_PIN
TXN00004083,ACC0000270,WITHDRAWAL,Swiggy,15720.28,APPROVED,2026-06-23 23:14:48.036829,
TXN00004084,ACC0000439,WITHDRAWAL,Apollo Pharmacy,46620.4,DECLINED,2026-05-24 06:13:48.036829,SUSPECTED_FRAUD
TXN00004085,CARD000089,PURCHASE,Myntra,1769.36,APPROVED,2026-05-10 15:38:48.036829,
TXN00004086,CARD000098,PURCHASE,Nykaa,52743.99,APPROVED,2026-07-25 16:42:48.036829,
TXN00004087,ACC0000236,PURCHASE,BookMyShow,11250.59,APPROVED,2026-07-06 19:35:48.036829,
TXN00004088,ACC0000092,PURCHASE,BigBasket,51066.8,PENDING,2026-07-22 10:23:48.036829,
TXN00004089,CARD000197,PURCHASE,Tata CLiQ,44328.98,APPROVED,2026-04-07 08:21:48.036829,
TXN00004090,CARD000207,PURCHASE,Tata CLiQ,59197.07,APPROVED,2026-04-17 03:16:48.036829,
TXN00004091,ACC0000102,WITHDRAWAL,IRCTC,68836.34,APPROVED,2026-06-18 21:28:48.036829,
TXN00004092,CARD000182,PURCHASE,Amazon India,29623.41,APPROVED,2026-04-21 21:42:48.036829,
TXN00004093,CARD000111,PURCHASE,DMart,44227.81,APPROVED,2026-07-07 18:44:48.036829,
TXN00004094,CARD000113,PURCHASE,Apollo Pharmacy,448.65,APPROVED,2026-05-16 21:35:48.036829,
TXN00004095,ACC0000151,PURCHASE,IRCTC,7665.88,APPROVED,2026-07-04 10:55:48.036829,
TXN00004096,ACC0000379,PURCHASE,IRCTC,21092.69,APPROVED,2026-05-21 12:17:48.036829,
TXN00004097,CARD000148,PURCHASE,MakeMyTrip,13433.48,APPROVED,2026-04-23 14:25:48.036829,
TXN00004098,ACC0000344,PURCHASE,Amazon India,25216.57,APPROVED,2026-06-24 08:50:48.036829,
TXN00004099,ACC0000283,DEPOSIT,BookMyShow,36352.29,APPROVED,2026-07-08 19:58:48.036829,
TXN00004100,CARD000072,PURCHASE,Flipkart,34767.56,APPROVED,2026-04-26 04:54:48.036829,
TXN00004101,CARD000297,PURCHASE,Jio Recharge,61443.14,APPROVED,2026-05-13 14:57:48.036829,
TXN00004102,CARD000071,PURCHASE,Flipkart,68330.58,PENDING,2026-03-31 07:19:48.036829,
TXN00004103,ACC0000371,PURCHASE,Reliance Digital,26698.81,DECLINED,2026-03-28 15:24:48.036829,SUSPECTED_FRAUD
TXN00004104,ACC0000064,TRANSFER,Apollo Pharmacy,6087.77,APPROVED,2026-04-03 15:45:48.036829,
TXN00004105,CARD000276,PURCHASE,Ola,50400.01,APPROVED,2026-05-30 00:03:48.036829,
TXN00004106,CARD000019,PURCHASE,DMart,7402.7,APPROVED,2026-05-07 17:52:48.036829,
TXN00004107,ACC0000108,PURCHASE,IRCTC,31919.93,APPROVED,2026-07-08 06:46:48.036829,
TXN00004108,ACC0000463,TRANSFER,Nykaa,34933.56,APPROVED,2026-05-09 21:16:48.036829,
TXN00004109,CARD000129,PURCHASE,BigBasket,18165.25,APPROVED,2026-06-27 18:15:48.036829,
TXN00004110,CARD000069,PURCHASE,Tata CLiQ,30471.55,APPROVED,2026-04-21 20:57:48.036829,
TXN00004111,CARD000205,PURCHASE,BookMyShow,50078.6,APPROVED,2026-07-24 18:09:48.036829,
TXN00004112,ACC0000247,DEPOSIT,BigBasket,26745.48,APPROVED,2026-04-25 13:33:48.036829,
TXN00004113,ACC0000096,WITHDRAWAL,Swiggy,35828.91,APPROVED,2026-05-08 11:55:48.036829,
TXN00004114,CARD000078,PURCHASE,Tata CLiQ,40106.38,APPROVED,2026-07-12 23:47:48.036829,
TXN00004115,CARD000178,PURCHASE,BigBasket,47441.01,APPROVED,2026-06-08 13:31:48.036829,
TXN00004116,CARD000017,PURCHASE,DMart,63575.69,APPROVED,2026-04-07 10:08:48.036829,
TXN00004117,CARD000121,PURCHASE,IRCTC,25972.48,APPROVED,2026-05-14 08:07:48.036829,
TXN00004118,ACC0000223,WITHDRAWAL,Nykaa,35923.95,APPROVED,2026-07-21 06:23:48.036829,
TXN00004119,ACC0000296,WITHDRAWAL,Reliance Digital,59693.26,DECLINED,2026-05-22 16:28:48.036829,DAILY_LIMIT_EXCEEDED
TXN00004120,CARD000229,PURCHASE,Croma,53311.29,APPROVED,2026-05-30 05:54:48.036829,
TXN00004121,ACC0000261,PURCHASE,IRCTC,69605.38,APPROVED,2026-04-23 22:15:48.036829,
TXN00004122,ACC0000372,DEPOSIT,DMart,20285.53,APPROVED,2026-07-15 02:35:48.036829,
TXN00004123,CARD000292,PURCHASE,Reliance Digital,46775.58,APPROVED,2026-06-28 06:51:48.036829,
TXN00004124,CARD000257,PURCHASE,Reliance Digital,36029.9,APPROVED,2026-07-16 21:00:48.036829,
TXN00004125,CARD000226,PURCHASE,IRCTC,71945.01,APPROVED,2026-04-10 05:26:48.036829,
TXN00004126,CARD000115,PURCHASE,Swiggy,40696.52,APPROVED,2026-07-24 20:46:48.036829,
TXN00004127,ACC0000274,WITHDRAWAL,BookMyShow,4519.9,DECLINED,2026-04-24 06:01:48.036829,INSUFFICIENT_FUNDS
TXN00004128,ACC0000605,PURCHASE,MakeMyTrip,27727.48,APPROVED,2026-07-12 01:41:48.036829,
TXN00004129,CARD000297,PURCHASE,Apollo Pharmacy,30006.52,APPROVED,2026-04-04 01:38:48.036829,
TXN00004130,ACC0000328,DEPOSIT,Zomato,63356.71,DECLINED,2026-04-20 11:23:48.036829,INSUFFICIENT_FUNDS
TXN00004131,ACC0000168,TRANSFER,Nykaa,15117.53,APPROVED,2026-05-26 01:22:48.036829,
TXN00004132,ACC0000461,PAYMENT,BigBasket,18800.17,APPROVED,2026-05-12 17:03:48.036829,
TXN00004133,ACC0000615,PURCHASE,BigBasket,3405.78,APPROVED,2026-07-12 00:13:48.036829,
TXN00004134,CARD000276,PURCHASE,DMart,14050.76,APPROVED,2026-04-24 22:10:48.036829,
TXN00004135,CARD000013,PURCHASE,DMart,31558.26,APPROVED,2026-04-11 11:04:48.036829,
TXN00004136,CARD000174,PURCHASE,Swiggy,64339.84,APPROVED,2026-07-03 01:17:48.036829,
TXN00004137,ACC0000528,TRANSFER,Tata CLiQ,61256.09,APPROVED,2026-05-29 15:09:48.036829,
TXN00004138,ACC0000333,DEPOSIT,Nykaa,9531.03,APPROVED,2026-04-03 12:48:48.036829,
TXN00004139,ACC0000578,PAYMENT,Apollo Pharmacy,36300.77,DECLINED,2026-07-05 17:50:48.036829,ACCOUNT_FROZEN
TXN00004140,CARD000235,PURCHASE,Myntra,37251.64,APPROVED,2026-06-29 17:31:48.036829,
TXN00004141,ACC0000384,PURCHASE,MakeMyTrip,74825.35,APPROVED,2026-05-01 10:22:48.036829,
TXN00004142,CARD000087,PURCHASE,Apollo Pharmacy,40069.94,APPROVED,2026-05-26 16:08:48.036829,
TXN00004143,CARD000236,PURCHASE,Apollo Pharmacy,46426.46,APPROVED,2026-05-26 07:32:48.036829,
TXN00004144,CARD000152,PURCHASE,Tata CLiQ,14364.73,APPROVED,2026-06-23 05:03:48.036829,
TXN00004145,CARD000152,PURCHASE,Swiggy,1147.92,APPROVED,2026-06-26 05:04:48.036829,
TXN00004146,CARD000032,PURCHASE,Jio Recharge,31732.54,APPROVED,2026-04-24 19:04:48.036829,
TXN00004147,CARD000007,PURCHASE,Tata CLiQ,17643.27,APPROVED,2026-04-09 04:47:48.036829,
TXN00004148,CARD000140,PURCHASE,BigBasket,58251.1,DECLINED,2026-06-19 10:33:48.036829,INSUFFICIENT_CREDIT_LIMIT
TXN00004149,ACC0000101,WITHDRAWAL,Uber,24684.62,APPROVED,2026-04-22 12:13:48.036829,
TXN00004150,ACC0000263,WITHDRAWAL,Reliance Digital,47555.33,APPROVED,2026-05-13 22:03:48.036829,
TXN00004151,CARD000135,PURCHASE,DMart,83.17,APPROVED,2026-06-18 08:04:48.036829,
TXN00004152,CARD000044,PURCHASE,BookMyShow,73014.57,APPROVED,2026-07-02 23:54:48.036829,
TXN00004153,ACC0000357,PAYMENT,DMart,71744.71,APPROVED,2026-07-03 17:06:48.036829,
TXN00004154,CARD000234,PURCHASE,Croma,8452.37,APPROVED,2026-06-04 05:09:48.036829,
TXN00004155,CARD000260,PURCHASE,BookMyShow,35418.98,APPROVED,2026-04-14 06:27:48.036829,
TXN00004156,ACC0000360,PURCHASE,Tata CLiQ,26374.1,APPROVED,2026-06-26 11:38:48.036829,
TXN00004157,ACC0000486,DEPOSIT,Reliance Digital,13632.38,APPROVED,2026-04-27 23:32:48.036829,
TXN00004158,ACC0000631,WITHDRAWAL,Ola,74044.81,APPROVED,2026-05-01 13:57:48.036829,
TXN00004159,ACC0000226,DEPOSIT,BookMyShow,56296.33,APPROVED,2026-07-12 15:23:48.036829,
TXN00004160,ACC0000186,WITHDRAWAL,IRCTC,31179.43,APPROVED,2026-06-22 19:17:48.036829,
TXN00004161,ACC0000140,DEPOSIT,Myntra,30143.1,APPROVED,2026-05-13 11:53:48.036829,
TXN00004162,ACC0000475,PURCHASE,MakeMyTrip,22341.16,APPROVED,2026-04-11 18:19:48.036829,
TXN00004163,ACC0000143,TRANSFER,BookMyShow,2906.19,APPROVED,2026-04-04 09:54:48.036829,
TXN00004164,ACC0000141,DEPOSIT,IRCTC,2804.44,APPROVED,2026-06-12 21:11:48.036829,
TXN00004165,ACC0000584,DEPOSIT,Nykaa,42941.08,DECLINED,2026-07-11 15:08:48.036829,DAILY_LIMIT_EXCEEDED
TXN00004166,ACC0000082,WITHDRAWAL,Ola,72995.59,DECLINED,2026-06-21 00:05:48.036829,DAILY_LIMIT_EXCEEDED
TXN00004167,CARD000199,PURCHASE,Nykaa,7957.32,PENDING,2026-06-16 09:19:48.036829,
TXN00004168,CARD000131,PURCHASE,Jio Recharge,35289.15,DECLINED,2026-04-30 12:16:48.036829,INCORRECT_CVV
TXN00004169,CARD000285,PURCHASE,Nykaa,16180.13,APPROVED,2026-07-05 15:37:48.036829,
TXN00004170,CARD000270,PURCHASE,Ola,11643.09,APPROVED,2026-07-01 16:28:48.036829,
TXN00004171,ACC0000373,TRANSFER,Croma,19207.96,APPROVED,2026-07-14 01:33:48.036829,
TXN00004172,ACC0000608,TRANSFER,Flipkart,66616.27,APPROVED,2026-06-12 21:25:48.036829,
TXN00004173,CARD000150,PURCHASE,Zomato,60403.85,APPROVED,2026-04-18 18:46:48.036829,
TXN00004174,ACC0000426,PAYMENT,Zomato,22620.5,APPROVED,2026-04-06 06:23:48.036829,
TXN00004175,ACC0000179,WITHDRAWAL,Uber,243.34,APPROVED,2026-04-18 15:48:48.036829,
TXN00004176,CARD000072,PURCHASE,Reliance Digital,4554.27,APPROVED,2026-06-26 00:04:48.036829,
TXN00004177,ACC0000060,TRANSFER,Ola,21558.88,DECLINED,2026-04-17 21:15:48.036829,SUSPECTED_FRAUD
TXN00004178,ACC0000465,PAYMENT,Ola,5249.12,APPROVED,2026-04-14 22:21:48.036829,
TXN00004179,ACC0000647,PAYMENT,BookMyShow,37660.77,DECLINED,2026-06-24 18:00:48.036829,INVALID_PIN
TXN00004180,CARD000156,PURCHASE,Croma,3951.21,APPROVED,2026-04-06 04:11:48.036829,
TXN00004181,ACC0000397,DEPOSIT,Ola,23311.48,APPROVED,2026-06-13 01:53:48.036829,
TXN00004182,CARD000078,PURCHASE,DMart,45977.98,APPROVED,2026-07-09 09:10:48.036829,
TXN00004183,ACC0000338,TRANSFER,Ola,21555.6,APPROVED,2026-07-07 16:18:48.036829,
TXN00004184,CARD000235,PURCHASE,Ola,64355.31,APPROVED,2026-07-03 04:04:48.036829,
TXN00004185,ACC0000687,WITHDRAWAL,BigBasket,59829.59,APPROVED,2026-05-09 08:51:48.036829,
TXN00004186,ACC0000058,DEPOSIT,BigBasket,10132.41,APPROVED,2026-07-21 19:06:48.036829,
TXN00004187,ACC0000096,DEPOSIT,Amazon India,27031.64,APPROVED,2026-05-06 04:05:48.036829,
TXN00004188,CARD000018,PURCHASE,Croma,64958.18,APPROVED,2026-07-22 09:36:48.036829,
TXN00004189,ACC0000194,PURCHASE,Swiggy,66660.67,APPROVED,2026-07-03 08:17:48.036829,
TXN00004190,CARD000185,PURCHASE,DMart,62094.82,APPROVED,2026-04-22 12:12:48.036829,
TXN00004191,ACC0000589,WITHDRAWAL,Amazon India,6777.43,DECLINED,2026-04-24 23:41:48.036829,INVALID_PIN
TXN00004192,ACC0000359,PAYMENT,Myntra,71609.85,APPROVED,2026-06-18 03:48:48.036829,
TXN00004193,CARD000020,PURCHASE,Tata CLiQ,62098.67,APPROVED,2026-04-23 14:32:48.036829,
TXN00004194,CARD000121,PURCHASE,IRCTC,55503.05,APPROVED,2026-07-15 06:18:48.036829,
TXN00004195,ACC0000098,PURCHASE,Flipkart,20360.42,APPROVED,2026-06-25 21:42:48.036829,
TXN00004196,ACC0000461,TRANSFER,Uber,11820.75,APPROVED,2026-07-23 22:02:48.036829,
TXN00004197,CARD000280,PURCHASE,Croma,59679.43,APPROVED,2026-04-01 06:48:48.036829,
TXN00004198,ACC0000352,DEPOSIT,Reliance Digital,42688.48,APPROVED,2026-05-28 19:14:48.036829,
TXN00004199,ACC0000527,PURCHASE,DMart,26285.65,APPROVED,2026-07-15 03:05:48.036829,
TXN00004200,ACC0000608,PAYMENT,BookMyShow,12376.31,APPROVED,2026-04-13 07:49:48.036829,
TXN00004201,ACC0000077,DEPOSIT,Zomato,19464.87,APPROVED,2026-06-20 09:54:48.036829,
TXN00004202,ACC0000681,TRANSFER,BookMyShow,47763.03,APPROVED,2026-06-15 23:26:48.036829,
TXN00004203,CARD000168,PURCHASE,Uber,72675.16,DECLINED,2026-06-19 01:02:48.036829,INSUFFICIENT_CREDIT_LIMIT
TXN00004204,CARD000086,PURCHASE,BigBasket,56315.67,APPROVED,2026-06-26 00:33:48.036829,
TXN00004205,ACC0000096,PAYMENT,Jio Recharge,21169.55,APPROVED,2026-05-22 09:24:48.036829,
TXN00004206,CARD000247,PURCHASE,MakeMyTrip,37609.89,PENDING,2026-06-13 19:52:48.036829,
TXN00004207,ACC0000649,PAYMENT,Reliance Digital,56353.69,DECLINED,2026-05-25 05:59:48.036829,INVALID_PIN
TXN00004208,ACC0000318,TRANSFER,BookMyShow,32615.41,APPROVED,2026-07-19 18:57:48.036829,
TXN00004209,ACC0000588,TRANSFER,Uber,30518.28,APPROVED,2026-04-26 23:16:48.036829,
TXN00004210,ACC0000311,PURCHASE,Uber,36962.0,APPROVED,2026-06-14 01:26:48.036829,
TXN00004211,ACC0000433,PAYMENT,IRCTC,45754.63,APPROVED,2026-04-13 07:18:48.036829,
TXN00004212,CARD000135,PURCHASE,Uber,15534.94,APPROVED,2026-04-07 14:22:48.036829,
TXN00004213,CARD000016,PURCHASE,Swiggy,32109.94,APPROVED,2026-06-23 06:34:48.036829,
TXN00004214,CARD000032,PURCHASE,Croma,7018.72,APPROVED,2026-06-06 18:37:48.036829,
TXN00004215,ACC0000205,PURCHASE,Reliance Digital,45563.08,APPROVED,2026-05-24 04:40:48.036829,
TXN00004216,ACC0000423,WITHDRAWAL,Myntra,17458.59,DECLINED,2026-05-24 09:40:48.036829,ACCOUNT_FROZEN
TXN00004217,ACC0000554,WITHDRAWAL,Amazon India,37535.93,APPROVED,2026-04-13 17:19:48.036829,
TXN00004218,ACC0000528,TRANSFER,Uber,42543.53,APPROVED,2026-04-24 17:47:48.036829,
TXN00004219,ACC0000024,DEPOSIT,Uber,43171.16,APPROVED,2026-06-05 22:06:48.036829,
TXN00004220,ACC0000575,PAYMENT,Uber,5230.2,APPROVED,2026-05-26 00:56:48.036829,
TXN00004221,ACC0000263,PAYMENT,Reliance Digital,32559.22,APPROVED,2026-05-09 09:57:48.036829,
TXN00004222,ACC0000608,WITHDRAWAL,BigBasket,15733.53,APPROVED,2026-06-01 05:12:48.036829,
TXN00004223,ACC0000235,TRANSFER,Uber,40548.03,APPROVED,2026-05-24 05:41:48.036829,
TXN00004224,CARD000044,PURCHASE,Croma,45467.6,DECLINED,2026-04-14 09:00:48.036829,MERCHANT_NOT_SUPPORTED
TXN00004225,ACC0000209,TRANSFER,Flipkart,65392.43,APPROVED,2026-06-25 14:44:48.036829,
TXN00004226,CARD000293,PURCHASE,BookMyShow,13998.74,APPROVED,2026-04-24 11:39:48.036829,
TXN00004227,ACC0000266,DEPOSIT,Myntra,32893.56,APPROVED,2026-04-22 04:52:48.036829,
TXN00004228,CARD000169,PURCHASE,MakeMyTrip,22810.01,APPROVED,2026-05-02 23:22:48.036829,
TXN00004229,CARD000105,PURCHASE,Jio Recharge,10672.17,APPROVED,2026-04-24 09:54:48.036829,
TXN00004230,CARD000041,PURCHASE,Flipkart,45352.4,APPROVED,2026-07-02 19:57:48.036829,
TXN00004231,ACC0000034,PURCHASE,Myntra,24949.11,APPROVED,2026-07-21 10:47:48.036829,
TXN00004232,CARD000017,PURCHASE,BookMyShow,2752.4,APPROVED,2026-04-26 17:09:48.036829,
TXN00004233,CARD000078,PURCHASE,IRCTC,40381.78,APPROVED,2026-07-12 15:25:48.036829,
TXN00004234,CARD000172,PURCHASE,Tata CLiQ,33451.73,APPROVED,2026-07-18 15:54:48.036829,
TXN00004235,CARD000054,PURCHASE,BigBasket,33759.5,APPROVED,2026-04-09 10:02:48.036829,
TXN00004236,CARD000246,PURCHASE,Flipkart,37926.54,APPROVED,2026-07-07 05:37:48.036829,
TXN00004237,ACC0000166,WITHDRAWAL,Uber,37481.86,DECLINED,2026-07-23 16:23:48.036829,INVALID_PIN
TXN00004238,ACC0000600,PURCHASE,Swiggy,57237.84,APPROVED,2026-04-26 03:21:48.036829,
TXN00004239,CARD000179,PURCHASE,Flipkart,16229.31,APPROVED,2026-04-21 19:26:48.036829,
TXN00004240,ACC0000037,PURCHASE,DMart,17351.88,APPROVED,2026-06-22 09:48:48.036829,
TXN00004241,ACC0000051,DEPOSIT,IRCTC,24981.74,APPROVED,2026-05-04 11:25:48.036829,
TXN00004242,CARD000160,PURCHASE,MakeMyTrip,68824.91,DECLINED,2026-06-14 09:41:48.036829,SUSPECTED_FRAUD
TXN00004243,CARD000197,PURCHASE,DMart,60425.54,APPROVED,2026-05-20 00:17:48.036829,
TXN00004244,ACC0000288,PAYMENT,BookMyShow,48767.06,APPROVED,2026-04-05 20:30:48.036829,
TXN00004245,CARD000145,PURCHASE,Myntra,24102.36,DECLINED,2026-07-17 02:50:48.036829,CARD_BLOCKED
TXN00004246,ACC0000141,WITHDRAWAL,Reliance Digital,64946.91,APPROVED,2026-05-07 23:06:48.036829,
TXN00004247,ACC0000368,DEPOSIT,Myntra,14551.74,APPROVED,2026-06-24 11:44:48.036829,
TXN00004248,ACC0000624,DEPOSIT,Croma,46479.22,APPROVED,2026-07-14 09:53:48.036829,
TXN00004249,ACC0000162,TRANSFER,IRCTC,47834.12,APPROVED,2026-06-11 00:02:48.036829,
TXN00004250,CARD000034,PURCHASE,BigBasket,25394.68,APPROVED,2026-07-07 01:22:48.036829,
TXN00004251,CARD000275,PURCHASE,Nykaa,311.29,APPROVED,2026-05-13 04:02:48.036829,
TXN00004252,ACC0000443,PAYMENT,Zomato,70994.26,DECLINED,2026-03-30 15:57:48.036829,DAILY_LIMIT_EXCEEDED
TXN00004253,CARD000046,PURCHASE,DMart,71955.32,APPROVED,2026-07-21 09:28:48.036829,
TXN00004254,CARD000239,PURCHASE,Jio Recharge,9568.9,APPROVED,2026-07-24 14:58:48.036829,
TXN00004255,CARD000112,PURCHASE,BookMyShow,4826.59,APPROVED,2026-06-06 09:06:48.036829,
TXN00004256,CARD000053,PURCHASE,Myntra,16641.09,APPROVED,2026-07-18 20:37:48.036829,
TXN00004257,CARD000224,PURCHASE,Amazon India,25911.12,APPROVED,2026-04-07 23:19:48.036829,
TXN00004258,ACC0000549,PAYMENT,MakeMyTrip,12169.04,APPROVED,2026-05-17 02:23:48.036829,
TXN00004259,CARD000002,PURCHASE,MakeMyTrip,33174.14,APPROVED,2026-07-13 01:53:48.036829,
TXN00004260,CARD000166,PURCHASE,Swiggy,45552.93,APPROVED,2026-05-19 02:56:48.036829,
TXN00004261,CARD000228,PURCHASE,Jio Recharge,70696.51,DECLINED,2026-06-29 13:11:48.036829,INSUFFICIENT_CREDIT_LIMIT
TXN00004262,ACC0000162,TRANSFER,Tata CLiQ,64694.0,APPROVED,2026-06-08 01:15:48.036829,
TXN00004263,CARD000214,PURCHASE,Apollo Pharmacy,47273.44,APPROVED,2026-06-16 19:00:48.036829,
TXN00004264,ACC0000258,TRANSFER,Swiggy,5195.39,APPROVED,2026-04-08 11:22:48.036829,
TXN00004265,ACC0000623,PAYMENT,Swiggy,26858.48,APPROVED,2026-06-22 00:05:48.036829,
TXN00004266,ACC0000038,PAYMENT,BookMyShow,67334.14,APPROVED,2026-07-09 10:52:48.036829,
TXN00004267,ACC0000355,WITHDRAWAL,Apollo Pharmacy,74052.15,APPROVED,2026-04-02 09:04:48.036829,
TXN00004268,CARD000261,PURCHASE,Croma,10629.7,APPROVED,2026-07-24 21:58:48.036829,
TXN00004269,CARD000151,PURCHASE,Zomato,47072.08,APPROVED,2026-04-11 08:59:48.036829,
TXN00004270,ACC0000185,PURCHASE,Swiggy,32843.29,APPROVED,2026-04-30 19:11:48.036829,
TXN00004271,ACC0000050,PURCHASE,IRCTC,3739.95,APPROVED,2026-05-14 10:15:48.036829,
TXN00004272,CARD000152,PURCHASE,Apollo Pharmacy,7071.7,APPROVED,2026-04-14 06:37:48.036829,
TXN00004273,ACC0000552,WITHDRAWAL,IRCTC,59089.98,APPROVED,2026-07-13 06:23:48.036829,
TXN00004274,ACC0000302,TRANSFER,MakeMyTrip,35935.27,APPROVED,2026-05-03 00:10:48.036829,
TXN00004275,ACC0000700,PAYMENT,Swiggy,45889.36,APPROVED,2026-04-03 06:02:48.036829,
TXN00004276,ACC0000291,PAYMENT,BookMyShow,73308.66,APPROVED,2026-07-13 16:00:48.036829,
TXN00004277,ACC0000544,DEPOSIT,Nykaa,47483.82,APPROVED,2026-04-18 07:42:48.036829,
TXN00004278,ACC0000220,PAYMENT,Zomato,50976.38,DECLINED,2026-06-13 18:13:48.036829,INSUFFICIENT_FUNDS
TXN00004279,ACC0000280,TRANSFER,Ola,3244.14,APPROVED,2026-06-14 23:10:48.036829,
TXN00004280,CARD000274,PURCHASE,BookMyShow,1500.81,APPROVED,2026-07-24 10:20:48.036829,
TXN00004281,ACC0000503,PAYMENT,Jio Recharge,54741.35,APPROVED,2026-04-03 13:03:48.036829,
TXN00004282,ACC0000064,WITHDRAWAL,Flipkart,50590.4,APPROVED,2026-06-19 13:45:48.036829,
TXN00004283,ACC0000257,PAYMENT,BookMyShow,61600.31,APPROVED,2026-07-21 15:04:48.036829,
TXN00004284,ACC0000402,WITHDRAWAL,Flipkart,15645.23,APPROVED,2026-06-10 19:39:48.036829,
TXN00004285,ACC0000630,PAYMENT,Ola,72061.62,APPROVED,2026-06-21 18:34:48.036829,
TXN00004286,ACC0000423,PAYMENT,Croma,47972.97,APPROVED,2026-05-24 18:38:48.036829,
TXN00004287,CARD000246,PURCHASE,Croma,39315.99,DECLINED,2026-05-22 20:57:48.036829,INSUFFICIENT_CREDIT_LIMIT
TXN00004288,CARD000264,PURCHASE,BookMyShow,38250.6,APPROVED,2026-07-14 22:58:48.036829,
TXN00004289,ACC0000082,DEPOSIT,Nykaa,13006.74,APPROVED,2026-06-28 15:56:48.036829,
TXN00004290,ACC0000275,WITHDRAWAL,Myntra,24583.88,APPROVED,2026-05-31 18:17:48.036829,
TXN00004291,ACC0000377,PURCHASE,DMart,15562.54,APPROVED,2026-05-17 00:00:48.036829,
TXN00004292,ACC0000397,PAYMENT,Jio Recharge,10757.18,APPROVED,2026-05-25 22:26:48.036829,
TXN00004293,ACC0000044,WITHDRAWAL,BigBasket,11157.41,APPROVED,2026-04-15 23:46:48.036829,
TXN00004294,CARD000289,PURCHASE,MakeMyTrip,61637.12,APPROVED,2026-07-24 07:34:48.036829,
TXN00004295,ACC0000415,PURCHASE,BigBasket,74639.18,APPROVED,2026-05-26 17:55:48.036829,
TXN00004296,CARD000218,PURCHASE,Myntra,61883.88,APPROVED,2026-07-12 00:45:48.036829,
TXN00004297,ACC0000680,PAYMENT,BookMyShow,72203.36,APPROVED,2026-07-15 21:04:48.036829,
TXN00004298,ACC0000224,PAYMENT,Tata CLiQ,35450.38,DECLINED,2026-06-02 15:09:48.036829,ACCOUNT_FROZEN
TXN00004299,ACC0000675,PURCHASE,Nykaa,29922.74,APPROVED,2026-05-13 07:21:48.036829,
TXN00004300,ACC0000378,PAYMENT,BigBasket,7573.46,APPROVED,2026-04-22 04:31:48.036829,
TXN00004301,ACC0000547,PURCHASE,Apollo Pharmacy,27727.06,APPROVED,2026-06-21 16:59:48.036829,
TXN00004302,CARD000101,PURCHASE,Nykaa,1808.06,APPROVED,2026-06-25 22:00:48.036829,
TXN00004303,CARD000183,PURCHASE,Swiggy,17416.06,APPROVED,2026-07-06 05:37:48.036829,
TXN00004304,ACC0000526,PURCHASE,Amazon India,59929.52,APPROVED,2026-06-15 12:56:48.036829,
TXN00004305,ACC0000034,PURCHASE,Nykaa,17063.17,APPROVED,2026-04-08 03:04:48.036829,
TXN00004306,ACC0000562,TRANSFER,Swiggy,46066.92,APPROVED,2026-05-02 23:39:48.036829,
TXN00004307,ACC0000116,PURCHASE,Nykaa,27858.83,APPROVED,2026-05-14 12:38:48.036829,
TXN00004308,CARD000191,PURCHASE,MakeMyTrip,64212.12,APPROVED,2026-05-25 01:42:48.036829,
TXN00004309,ACC0000379,TRANSFER,Apollo Pharmacy,16929.63,APPROVED,2026-05-17 11:14:48.036829,
TXN00004310,ACC0000065,PURCHASE,Croma,39450.8,APPROVED,2026-05-15 22:26:48.036829,
TXN00004311,CARD000296,PURCHASE,BookMyShow,39619.65,APPROVED,2026-04-14 22:59:48.036829,
TXN00004312,ACC0000105,DEPOSIT,Apollo Pharmacy,9942.69,APPROVED,2026-07-12 10:04:48.036829,
TXN00004313,CARD000046,PURCHASE,Myntra,4688.63,APPROVED,2026-06-02 13:02:48.036829,
TXN00004314,ACC0000103,DEPOSIT,Ola,2922.79,APPROVED,2026-07-20 02:07:48.036829,
TXN00004315,ACC0000397,DEPOSIT,Tata CLiQ,54470.2,APPROVED,2026-05-20 05:37:48.036829,
TXN00004316,ACC0000497,PAYMENT,Ola,68884.05,DECLINED,2026-06-02 13:55:48.036829,ACCOUNT_FROZEN
TXN00004317,CARD000034,PURCHASE,Reliance Digital,20649.76,APPROVED,2026-05-18 10:29:48.036829,
TXN00004318,CARD000291,PURCHASE,Apollo Pharmacy,48375.71,PENDING,2026-05-05 23:03:48.036829,
TXN00004319,ACC0000489,DEPOSIT,Reliance Digital,11637.89,APPROVED,2026-05-19 22:34:48.036829,
TXN00004320,CARD000015,PURCHASE,Amazon India,72121.99,APPROVED,2026-05-30 22:55:48.036829,
TXN00004321,ACC0000651,PAYMENT,DMart,12826.98,APPROVED,2026-05-24 18:28:48.036829,
TXN00004322,ACC0000377,TRANSFER,MakeMyTrip,52520.34,APPROVED,2026-05-25 12:57:48.036829,
TXN00004323,CARD000247,PURCHASE,Myntra,33365.65,APPROVED,2026-05-02 16:57:48.036829,
TXN00004324,ACC0000607,TRANSFER,DMart,45701.32,APPROVED,2026-05-28 20:58:48.036829,
TXN00004325,ACC0000352,WITHDRAWAL,Tata CLiQ,68698.46,APPROVED,2026-05-03 23:23:48.036829,
TXN00004326,ACC0000343,PURCHASE,Uber,65307.22,APPROVED,2026-04-02 01:57:48.036829,
TXN00004327,ACC0000417,WITHDRAWAL,Zomato,27536.31,APPROVED,2026-05-29 20:43:48.036829,
TXN00004328,ACC0000073,WITHDRAWAL,Ola,1508.01,APPROVED,2026-07-04 14:49:48.036829,
TXN00004329,CARD000211,PURCHASE,Apollo Pharmacy,37459.43,APPROVED,2026-06-10 20:33:48.036829,
TXN00004330,ACC0000615,DEPOSIT,BigBasket,2401.69,APPROVED,2026-07-01 01:24:48.036829,
TXN00004331,ACC0000551,PAYMENT,IRCTC,50269.62,DECLINED,2026-07-04 20:18:48.036829,INSUFFICIENT_FUNDS
TXN00004332,CARD000094,PURCHASE,BookMyShow,74960.46,APPROVED,2026-03-31 20:07:48.036829,
TXN00004333,CARD000212,PURCHASE,Swiggy,65596.69,APPROVED,2026-07-09 20:33:48.036829,
TXN00004334,ACC0000380,PAYMENT,Myntra,61199.52,APPROVED,2026-04-14 00:19:48.036829,
TXN00004335,CARD000134,PURCHASE,Zomato,17711.06,APPROVED,2026-06-22 15:47:48.036829,
TXN00004336,ACC0000223,PAYMENT,Amazon India,60619.58,APPROVED,2026-05-09 06:19:48.036829,
TXN00004337,ACC0000421,PAYMENT,BigBasket,53956.41,APPROVED,2026-07-06 08:58:48.036829,
TXN00004338,CARD000197,PURCHASE,Nykaa,49260.96,APPROVED,2026-07-09 23:35:48.036829,
TXN00004339,CARD000296,PURCHASE,Nykaa,36237.47,APPROVED,2026-04-25 21:37:48.036829,
TXN00004340,ACC0000629,TRANSFER,Ola,67294.53,DECLINED,2026-05-06 08:08:48.036829,INVALID_PIN
TXN00004341,ACC0000172,PURCHASE,Ola,6608.49,DECLINED,2026-05-14 00:55:48.036829,INSUFFICIENT_FUNDS
TXN00004342,CARD000065,PURCHASE,Amazon India,31124.41,APPROVED,2026-05-27 07:42:48.036829,
TXN00004343,CARD000190,PURCHASE,BookMyShow,45173.56,APPROVED,2026-06-15 11:20:48.036829,
TXN00004344,ACC0000244,DEPOSIT,Jio Recharge,46278.62,APPROVED,2026-06-24 22:25:48.036829,
TXN00004345,CARD000038,PURCHASE,Nykaa,45777.95,DECLINED,2026-05-07 14:56:48.036829,CARD_BLOCKED
TXN00004346,ACC0000007,PAYMENT,Nykaa,54191.79,APPROVED,2026-06-28 11:33:48.036829,
TXN00004347,ACC0000583,PURCHASE,Tata CLiQ,49875.04,APPROVED,2026-04-21 23:17:48.036829,
TXN00004348,CARD000050,PURCHASE,Jio Recharge,15588.25,DECLINED,2026-04-18 10:18:48.036829,INSUFFICIENT_CREDIT_LIMIT
TXN00004349,ACC0000293,DEPOSIT,Amazon India,28629.77,DECLINED,2026-07-11 11:37:48.036829,SUSPECTED_FRAUD
TXN00004350,ACC0000023,PURCHASE,Swiggy,43443.21,APPROVED,2026-04-12 13:08:48.036829,
TXN00004351,ACC0000561,PAYMENT,Swiggy,61745.01,APPROVED,2026-05-26 01:23:48.036829,
TXN00004352,ACC0000428,PAYMENT,Flipkart,614.24,DECLINED,2026-04-11 07:33:48.036829,ACCOUNT_FROZEN
TXN00004353,CARD000217,PURCHASE,Apollo Pharmacy,9727.01,DECLINED,2026-06-01 01:33:48.036829,INSUFFICIENT_CREDIT_LIMIT
TXN00004354,CARD000121,PURCHASE,Apollo Pharmacy,62348.76,APPROVED,2026-06-16 02:02:48.036829,
TXN00004355,CARD000059,PURCHASE,DMart,39800.24,DECLINED,2026-07-11 22:44:48.036829,INCORRECT_CVV
TXN00004356,ACC0000647,WITHDRAWAL,BookMyShow,10883.65,APPROVED,2026-07-11 18:25:48.036829,
TXN00004357,ACC0000468,PURCHASE,Apollo Pharmacy,52463.99,APPROVED,2026-05-11 05:33:48.036829,
TXN00004358,ACC0000611,PAYMENT,Reliance Digital,16989.76,APPROVED,2026-06-16 04:06:48.036829,
TXN00004359,CARD000080,PURCHASE,DMart,50038.8,DECLINED,2026-07-25 16:19:48.036829,EXPIRED_CARD
TXN00004360,CARD000120,PURCHASE,Uber,37992.89,DECLINED,2026-07-02 18:57:48.036829,INSUFFICIENT_CREDIT_LIMIT
TXN00004361,ACC0000092,PURCHASE,Reliance Digital,50439.66,APPROVED,2026-04-29 11:32:48.036829,
TXN00004362,ACC0000036,TRANSFER,Ola,27037.4,APPROVED,2026-06-20 19:31:48.036829,
TXN00004363,ACC0000322,DEPOSIT,Flipkart,35599.13,APPROVED,2026-06-21 14:33:48.036829,
TXN00004364,ACC0000073,WITHDRAWAL,DMart,44165.4,APPROVED,2026-05-03 02:32:48.036829,
TXN00004365,ACC0000353,TRANSFER,Reliance Digital,52464.29,DECLINED,2026-06-29 03:14:48.036829,ACCOUNT_FROZEN
TXN00004366,ACC0000028,DEPOSIT,BigBasket,20121.36,APPROVED,2026-03-30 22:41:48.036829,
TXN00004367,CARD000145,PURCHASE,Flipkart,36248.21,DECLINED,2026-07-20 20:44:48.036829,CARD_BLOCKED
TXN00004368,ACC0000480,WITHDRAWAL,MakeMyTrip,56255.22,DECLINED,2026-05-08 22:21:48.036829,SUSPECTED_FRAUD
TXN00004369,ACC0000416,WITHDRAWAL,Myntra,26278.91,APPROVED,2026-07-24 13:09:48.036829,
TXN00004370,CARD000216,PURCHASE,Reliance Digital,2050.73,APPROVED,2026-04-15 12:07:48.036829,
TXN00004371,ACC0000277,PAYMENT,Ola,63636.21,APPROVED,2026-04-27 18:31:48.036829,
TXN00004372,CARD000013,PURCHASE,Flipkart,13827.21,APPROVED,2026-05-06 14:54:48.036829,
TXN00004373,ACC0000540,DEPOSIT,Flipkart,68884.16,APPROVED,2026-06-17 19:18:48.036829,
TXN00004374,CARD000165,PURCHASE,Flipkart,53178.95,APPROVED,2026-06-07 06:19:48.036829,
TXN00004375,CARD000072,PURCHASE,Flipkart,15400.22,APPROVED,2026-04-29 17:59:48.036829,
TXN00004376,CARD000073,PURCHASE,BigBasket,23780.15,APPROVED,2026-05-10 02:12:48.036829,
TXN00004377,ACC0000677,TRANSFER,BookMyShow,50446.31,APPROVED,2026-07-09 10:14:48.036829,
TXN00004378,ACC0000460,DEPOSIT,Jio Recharge,1359.37,DECLINED,2026-04-04 07:44:48.036829,ACCOUNT_FROZEN
TXN00004379,ACC0000365,TRANSFER,Tata CLiQ,56790.13,APPROVED,2026-06-26 20:16:48.036829,
TXN00004380,CARD000115,PURCHASE,Uber,70135.3,APPROVED,2026-06-21 02:13:48.036829,
TXN00004381,CARD000138,PURCHASE,Amazon India,40386.48,APPROVED,2026-05-21 14:51:48.036829,
TXN00004382,ACC0000602,PAYMENT,Myntra,27423.46,PENDING,2026-05-15 02:04:48.036829,
TXN00004383,CARD000236,PURCHASE,MakeMyTrip,30103.74,APPROVED,2026-04-15 08:46:48.036829,
TXN00004384,ACC0000074,PAYMENT,BookMyShow,36652.17,APPROVED,2026-07-06 08:55:48.036829,
TXN00004385,ACC0000648,PURCHASE,Ola,5335.12,APPROVED,2026-06-10 11:21:48.036829,
TXN00004386,CARD000269,PURCHASE,MakeMyTrip,701.81,DECLINED,2026-07-26 01:33:48.036829,SUSPECTED_FRAUD
TXN00004387,CARD000219,PURCHASE,Flipkart,62142.98,DECLINED,2026-06-26 13:06:48.036829,EXPIRED_CARD
TXN00004388,ACC0000181,DEPOSIT,Croma,33430.72,APPROVED,2026-04-21 02:37:48.036829,
TXN00004389,ACC0000306,PAYMENT,Apollo Pharmacy,52654.76,DECLINED,2026-07-14 17:25:48.036829,INVALID_PIN
TXN00004390,ACC0000210,PAYMENT,Reliance Digital,55103.99,APPROVED,2026-07-07 11:01:48.036829,
TXN00004391,ACC0000292,TRANSFER,IRCTC,50107.97,APPROVED,2026-06-08 01:35:48.036829,
TXN00004392,ACC0000337,WITHDRAWAL,Apollo Pharmacy,58300.29,APPROVED,2026-05-06 08:03:48.036829,
TXN00004393,ACC0000633,PAYMENT,Uber,49258.23,APPROVED,2026-03-31 04:27:48.036829,
TXN00004394,ACC0000361,PAYMENT,BigBasket,40610.94,APPROVED,2026-06-27 22:20:48.036829,
TXN00004395,ACC0000534,PAYMENT,Myntra,28386.36,APPROVED,2026-04-16 00:33:48.036829,
TXN00004396,CARD000205,PURCHASE,Croma,4062.72,APPROVED,2026-04-11 05:54:48.036829,
TXN00004397,CARD000234,PURCHASE,Flipkart,17248.89,APPROVED,2026-04-12 01:44:48.036829,
TXN00004398,CARD000251,PURCHASE,IRCTC,67029.35,APPROVED,2026-06-15 05:12:48.036829,
TXN00004399,CARD000152,PURCHASE,Nykaa,1790.72,APPROVED,2026-07-17 13:20:48.036829,
TXN00004400,CARD000012,PURCHASE,Croma,63457.63,APPROVED,2026-05-13 13:01:48.036829,
TXN00004401,ACC0000432,PAYMENT,BigBasket,24918.68,DECLINED,2026-05-28 21:56:48.036829,INSUFFICIENT_FUNDS
TXN00004402,CARD000064,PURCHASE,Apollo Pharmacy,32022.44,APPROVED,2026-03-29 15:41:48.036829,
TXN00004403,ACC0000310,TRANSFER,Flipkart,13996.27,APPROVED,2026-06-18 10:07:48.036829,
TXN00004404,CARD000158,PURCHASE,MakeMyTrip,40520.97,APPROVED,2026-04-12 18:34:48.036829,
TXN00004405,CARD000255,PURCHASE,Reliance Digital,26552.99,APPROVED,2026-07-26 04:25:48.036829,
TXN00004406,ACC0000142,WITHDRAWAL,Swiggy,41639.66,APPROVED,2026-06-26 15:58:48.036829,
TXN00004407,CARD000213,PURCHASE,Croma,14830.14,APPROVED,2026-06-03 17:59:48.036829,
TXN00004408,ACC0000202,PURCHASE,BigBasket,28628.27,APPROVED,2026-06-29 17:08:48.036829,
TXN00004409,CARD000269,PURCHASE,Reliance Digital,42779.96,APPROVED,2026-06-30 09:08:48.036829,
TXN00004410,CARD000169,PURCHASE,Tata CLiQ,32407.9,APPROVED,2026-04-08 16:57:48.036829,
TXN00004411,CARD000100,PURCHASE,BookMyShow,50071.06,APPROVED,2026-07-21 18:17:48.036829,
TXN00004412,ACC0000034,TRANSFER,Flipkart,51326.84,APPROVED,2026-05-25 02:46:48.036829,
TXN00004413,CARD000254,PURCHASE,Croma,65149.62,APPROVED,2026-05-01 19:46:48.036829,
TXN00004414,ACC0000081,DEPOSIT,Flipkart,70714.0,PENDING,2026-03-31 17:52:48.036829,
TXN00004415,ACC0000090,PAYMENT,Myntra,41921.2,PENDING,2026-04-05 07:07:48.036829,
TXN00004416,ACC0000100,WITHDRAWAL,Tata CLiQ,28819.3,APPROVED,2026-04-23 15:41:48.036829,
TXN00004417,CARD000225,PURCHASE,DMart,56623.0,APPROVED,2026-06-24 19:57:48.036829,
TXN00004418,ACC0000300,PAYMENT,IRCTC,50551.34,DECLINED,2026-06-19 01:59:48.036829,DAILY_LIMIT_EXCEEDED
TXN00004419,ACC0000478,WITHDRAWAL,BookMyShow,52405.31,APPROVED,2026-04-14 16:17:48.036829,
TXN00004420,ACC0000059,WITHDRAWAL,DMart,73112.2,DECLINED,2026-06-10 07:48:48.036829,ACCOUNT_FROZEN
TXN00004421,CARD000015,PURCHASE,Reliance Digital,54670.8,APPROVED,2026-05-02 21:22:48.036829,
TXN00004422,ACC0000302,WITHDRAWAL,Apollo Pharmacy,61450.21,APPROVED,2026-07-07 09:40:48.036829,
TXN00004423,CARD000186,PURCHASE,Apollo Pharmacy,31964.46,APPROVED,2026-05-26 21:59:48.036829,
TXN00004424,ACC0000133,DEPOSIT,Uber,61054.83,APPROVED,2026-04-10 19:11:48.036829,
TXN00004425,CARD000073,PURCHASE,DMart,1817.22,APPROVED,2026-04-08 16:10:48.036829,
TXN00004426,CARD000054,PURCHASE,Ola,63682.6,DECLINED,2026-07-16 21:24:48.036829,INCORRECT_CVV
TXN00004427,ACC0000170,PURCHASE,Croma,45706.87,APPROVED,2026-06-23 23:21:48.036829,
TXN00004428,ACC0000005,DEPOSIT,Apollo Pharmacy,50397.62,APPROVED,2026-03-28 03:16:48.036829,
TXN00004429,CARD000069,PURCHASE,Swiggy,36723.32,APPROVED,2026-05-30 22:07:48.036829,
TXN00004430,CARD000045,PURCHASE,BigBasket,64179.83,APPROVED,2026-07-01 21:30:48.036829,
TXN00004431,ACC0000008,PURCHASE,Ola,5530.09,APPROVED,2026-04-20 09:56:48.036829,
TXN00004432,ACC0000157,PURCHASE,BigBasket,59712.22,APPROVED,2026-05-24 13:39:48.036829,
TXN00004433,CARD000228,PURCHASE,Myntra,23407.34,APPROVED,2026-07-22 21:04:48.036829,
TXN00004434,CARD000094,PURCHASE,Reliance Digital,72031.27,APPROVED,2026-04-08 06:49:48.036829,
TXN00004435,ACC0000229,TRANSFER,Tata CLiQ,4218.03,APPROVED,2026-06-08 00:35:48.036829,
TXN00004436,ACC0000521,WITHDRAWAL,IRCTC,73717.81,APPROVED,2026-04-11 03:16:48.036829,
TXN00004437,CARD000040,PURCHASE,DMart,63008.01,APPROVED,2026-05-02 19:03:48.036829,
TXN00004438,CARD000293,PURCHASE,Myntra,65097.88,APPROVED,2026-07-20 15:32:48.036829,
TXN00004439,CARD000282,PURCHASE,MakeMyTrip,27445.68,APPROVED,2026-06-04 23:33:48.036829,
TXN00004440,CARD000024,PURCHASE,Amazon India,38167.76,APPROVED,2026-06-26 18:09:48.036829,
TXN00004441,ACC0000641,DEPOSIT,Amazon India,58325.22,APPROVED,2026-06-09 10:58:48.036829,
TXN00004442,CARD000280,PURCHASE,Ola,2085.81,APPROVED,2026-07-01 13:58:48.036829,
TXN00004443,CARD000108,PURCHASE,BigBasket,13495.55,APPROVED,2026-05-16 14:57:48.036829,
TXN00004444,CARD000130,PURCHASE,MakeMyTrip,27978.43,APPROVED,2026-05-06 20:18:48.036829,
TXN00004445,CARD000247,PURCHASE,Amazon India,8298.15,APPROVED,2026-06-17 16:40:48.036829,
TXN00004446,ACC0000596,DEPOSIT,Apollo Pharmacy,40361.65,APPROVED,2026-06-03 05:02:48.036829,
TXN00004447,ACC0000460,DEPOSIT,Reliance Digital,53008.54,APPROVED,2026-06-08 22:04:48.036829,
TXN00004448,ACC0000693,TRANSFER,Tata CLiQ,9236.06,APPROVED,2026-05-02 12:11:48.036829,
TXN00004449,ACC0000644,WITHDRAWAL,Swiggy,54414.39,APPROVED,2026-06-27 00:02:48.036829,
TXN00004450,ACC0000547,PURCHASE,Nykaa,68102.69,APPROVED,2026-04-14 02:08:48.036829,
TXN00004451,CARD000241,PURCHASE,Reliance Digital,14256.36,APPROVED,2026-04-14 07:10:48.036829,
TXN00004452,CARD000035,PURCHASE,Flipkart,53314.89,APPROVED,2026-05-26 17:22:48.036829,
TXN00004453,ACC0000174,WITHDRAWAL,Apollo Pharmacy,36801.43,DECLINED,2026-06-02 01:56:48.036829,ACCOUNT_FROZEN
TXN00004454,CARD000029,PURCHASE,BigBasket,71514.66,APPROVED,2026-04-20 00:06:48.036829,
TXN00004455,CARD000143,PURCHASE,Myntra,65150.48,APPROVED,2026-03-29 22:36:48.036829,
TXN00004456,CARD000065,PURCHASE,DMart,13828.8,APPROVED,2026-07-02 17:45:48.036829,
TXN00004457,ACC0000520,PAYMENT,Flipkart,55941.42,APPROVED,2026-05-14 19:21:48.036829,
TXN00004458,CARD000237,PURCHASE,BookMyShow,59888.8,APPROVED,2026-05-03 05:06:48.036829,
TXN00004459,CARD000211,PURCHASE,Ola,37449.26,DECLINED,2026-06-24 08:05:48.036829,EXPIRED_CARD
TXN00004460,CARD000033,PURCHASE,MakeMyTrip,16773.21,APPROVED,2026-04-07 12:41:48.036829,
TXN00004461,CARD000083,PURCHASE,MakeMyTrip,22949.57,APPROVED,2026-04-23 21:45:48.036829,
TXN00004462,CARD000151,PURCHASE,Swiggy,44800.01,APPROVED,2026-06-28 15:36:48.036829,
TXN00004463,CARD000051,PURCHASE,IRCTC,53514.27,APPROVED,2026-07-02 07:26:48.036829,
TXN00004464,ACC0000496,PAYMENT,Swiggy,46604.84,APPROVED,2026-04-01 04:59:48.036829,
TXN00004465,ACC0000223,WITHDRAWAL,Apollo Pharmacy,50279.6,APPROVED,2026-06-14 18:24:48.036829,
TXN00004466,CARD000061,PURCHASE,Swiggy,19710.05,APPROVED,2026-04-02 15:32:48.036829,
TXN00004467,CARD000267,PURCHASE,Nykaa,59569.07,APPROVED,2026-06-26 09:40:48.036829,
TXN00004468,ACC0000379,DEPOSIT,Nykaa,65406.56,APPROVED,2026-06-18 15:32:48.036829,
TXN00004469,ACC0000580,PAYMENT,IRCTC,24214.12,APPROVED,2026-06-28 08:44:48.036829,
TXN00004470,ACC0000081,PURCHASE,Reliance Digital,58104.75,PENDING,2026-05-10 19:25:48.036829,
TXN00004471,ACC0000261,WITHDRAWAL,IRCTC,45535.86,PENDING,2026-07-12 18:18:48.036829,
TXN00004472,ACC0000193,PAYMENT,Reliance Digital,4642.25,APPROVED,2026-06-02 20:03:48.036829,
TXN00004473,CARD000074,PURCHASE,Croma,14295.46,APPROVED,2026-07-24 20:50:48.036829,
TXN00004474,ACC0000666,WITHDRAWAL,Flipkart,12982.92,APPROVED,2026-03-30 19:35:48.036829,
TXN00004475,ACC0000420,DEPOSIT,Croma,40799.01,APPROVED,2026-07-12 15:27:48.036829,
TXN00004476,CARD000148,PURCHASE,BookMyShow,58321.41,PENDING,2026-05-10 12:57:48.036829,
TXN00004477,ACC0000103,TRANSFER,Tata CLiQ,65093.33,APPROVED,2026-04-08 23:42:48.036829,
TXN00004478,CARD000105,PURCHASE,Apollo Pharmacy,14780.01,APPROVED,2026-07-06 07:13:48.036829,
TXN00004479,CARD000251,PURCHASE,Jio Recharge,23140.76,APPROVED,2026-07-17 21:44:48.036829,
TXN00004480,CARD000072,PURCHASE,Amazon India,56086.01,APPROVED,2026-04-18 04:31:48.036829,
TXN00004481,ACC0000031,PAYMENT,Reliance Digital,35776.82,APPROVED,2026-04-30 09:23:48.036829,
TXN00004482,CARD000052,PURCHASE,BookMyShow,8899.41,APPROVED,2026-06-26 19:59:48.036829,
TXN00004483,ACC0000191,DEPOSIT,Nykaa,16077.25,PENDING,2026-07-22 20:34:48.036829,
TXN00004484,ACC0000156,PURCHASE,Jio Recharge,31301.11,APPROVED,2026-04-01 08:12:48.036829,
TXN00004485,CARD000278,PURCHASE,Zomato,40075.4,DECLINED,2026-04-06 08:40:48.036829,CARD_BLOCKED
TXN00004486,ACC0000010,DEPOSIT,Myntra,15214.03,PENDING,2026-07-24 14:51:48.036829,
TXN00004487,CARD000210,PURCHASE,Zomato,72293.03,APPROVED,2026-05-13 18:50:48.036829,
TXN00004488,ACC0000274,TRANSFER,Zomato,627.23,APPROVED,2026-07-20 07:23:48.036829,
TXN00004489,ACC0000254,PURCHASE,Uber,34663.44,APPROVED,2026-07-20 17:28:48.036829,
TXN00004490,ACC0000082,DEPOSIT,Nykaa,66324.49,APPROVED,2026-05-22 10:45:48.036829,
TXN00004491,ACC0000209,WITHDRAWAL,Flipkart,39331.94,APPROVED,2026-04-01 20:07:48.036829,
TXN00004492,CARD000081,PURCHASE,Myntra,11619.7,DECLINED,2026-04-19 23:38:48.036829,EXPIRED_CARD
TXN00004493,CARD000057,PURCHASE,Apollo Pharmacy,3244.25,APPROVED,2026-04-25 22:47:48.036829,
TXN00004494,CARD000006,PURCHASE,Zomato,26168.98,APPROVED,2026-04-19 17:05:48.036829,
TXN00004495,CARD000214,PURCHASE,BigBasket,8905.63,APPROVED,2026-06-25 00:50:48.036829,
TXN00004496,CARD000093,PURCHASE,BookMyShow,3932.1,DECLINED,2026-07-21 00:28:48.036829,EXPIRED_CARD
TXN00004497,CARD000012,PURCHASE,MakeMyTrip,22954.42,PENDING,2026-04-09 09:08:48.036829,
TXN00004498,ACC0000015,PURCHASE,Reliance Digital,45165.12,APPROVED,2026-06-06 04:49:48.036829,
TXN00004499,ACC0000179,PAYMENT,Zomato,6779.21,APPROVED,2026-07-03 15:26:48.036829,
TXN00004500,ACC0000414,DEPOSIT,Swiggy,44883.36,APPROVED,2026-04-28 23:49:48.036829,
TXN00004501,CARD000137,PURCHASE,Nykaa,38112.39,APPROVED,2026-05-20 06:22:48.036829,
TXN00004502,ACC0000328,DEPOSIT,Tata CLiQ,55503.14,APPROVED,2026-04-07 21:40:48.036829,
TXN00004503,CARD000156,PURCHASE,Ola,33338.61,APPROVED,2026-05-30 01:30:48.036829,
TXN00004504,CARD000027,PURCHASE,Apollo Pharmacy,63164.13,APPROVED,2026-07-03 04:34:48.036829,
TXN00004505,CARD000114,PURCHASE,Jio Recharge,13754.47,APPROVED,2026-07-09 19:17:48.036829,
TXN00004506,CARD000053,PURCHASE,Flipkart,4096.02,APPROVED,2026-07-19 20:41:48.036829,
TXN00004507,CARD000275,PURCHASE,Uber,38907.43,APPROVED,2026-06-14 04:08:48.036829,
TXN00004508,CARD000198,PURCHASE,MakeMyTrip,14932.38,APPROVED,2026-05-18 13:25:48.036829,
TXN00004509,CARD000151,PURCHASE,Apollo Pharmacy,4514.04,APPROVED,2026-03-28 05:02:48.036829,
TXN00004510,ACC0000683,PAYMENT,BookMyShow,67480.22,APPROVED,2026-06-11 16:27:48.036829,
TXN00004511,ACC0000081,WITHDRAWAL,Zomato,27948.29,APPROVED,2026-06-03 00:07:48.036829,
TXN00004512,CARD000282,PURCHASE,Jio Recharge,30973.71,APPROVED,2026-07-10 11:11:48.036829,
TXN00004513,CARD000258,PURCHASE,BigBasket,70108.06,APPROVED,2026-04-16 06:18:48.036829,
TXN00004514,ACC0000424,DEPOSIT,Nykaa,61622.52,APPROVED,2026-05-15 01:45:48.036829,
TXN00004515,CARD000212,PURCHASE,MakeMyTrip,43545.46,APPROVED,2026-05-26 03:50:48.036829,
TXN00004516,CARD000247,PURCHASE,Nykaa,837.57,APPROVED,2026-06-13 06:40:48.036829,
TXN00004517,ACC0000651,DEPOSIT,Amazon India,9551.38,APPROVED,2026-04-03 05:37:48.036829,
TXN00004518,ACC0000404,PAYMENT,Myntra,13781.55,DECLINED,2026-05-09 04:27:48.036829,ACCOUNT_FROZEN
TXN00004519,ACC0000489,DEPOSIT,Ola,37423.37,APPROVED,2026-05-08 15:15:48.036829,
TXN00004520,ACC0000459,DEPOSIT,Amazon India,5447.64,APPROVED,2026-05-14 04:22:48.036829,
TXN00004521,CARD000181,PURCHASE,Nykaa,3406.2,APPROVED,2026-05-25 00:27:48.036829,
TXN00004522,CARD000125,PURCHASE,DMart,23191.7,DECLINED,2026-07-23 10:26:48.036829,INSUFFICIENT_CREDIT_LIMIT
TXN00004523,ACC0000653,PAYMENT,Flipkart,45243.47,APPROVED,2026-07-03 20:55:48.036829,
TXN00004524,CARD000080,PURCHASE,BookMyShow,56409.83,APPROVED,2026-05-20 21:12:48.036829,
TXN00004525,ACC0000165,WITHDRAWAL,DMart,28424.18,APPROVED,2026-06-21 05:11:48.036829,
TXN00004526,ACC0000393,DEPOSIT,Swiggy,45111.89,APPROVED,2026-05-09 20:34:48.036829,
TXN00004527,CARD000031,PURCHASE,Uber,14485.0,APPROVED,2026-06-26 15:05:48.036829,
TXN00004528,ACC0000223,PURCHASE,Apollo Pharmacy,13238.17,APPROVED,2026-07-26 02:01:48.036829,
TXN00004529,CARD000086,PURCHASE,Reliance Digital,68965.3,APPROVED,2026-05-21 11:53:48.036829,
TXN00004530,ACC0000542,PAYMENT,Jio Recharge,31667.29,APPROVED,2026-07-25 01:59:48.036829,
TXN00004531,ACC0000065,WITHDRAWAL,Reliance Digital,21972.63,APPROVED,2026-03-28 02:53:48.036829,
TXN00004532,CARD000217,PURCHASE,Ola,32469.25,APPROVED,2026-07-13 16:34:48.036829,
TXN00004533,CARD000043,PURCHASE,Apollo Pharmacy,25539.54,APPROVED,2026-04-24 21:12:48.036829,
TXN00004534,ACC0000666,WITHDRAWAL,Nykaa,37649.55,APPROVED,2026-06-19 15:24:48.036829,
TXN00004535,CARD000105,PURCHASE,Swiggy,9442.81,APPROVED,2026-05-02 23:50:48.036829,
TXN00004536,CARD000014,PURCHASE,DMart,72080.83,APPROVED,2026-04-18 18:27:48.036829,
TXN00004537,CARD000286,PURCHASE,Amazon India,24120.22,APPROVED,2026-04-27 23:06:48.036829,
TXN00004538,CARD000173,PURCHASE,Jio Recharge,74074.98,APPROVED,2026-05-30 20:27:48.036829,
TXN00004539,CARD000289,PURCHASE,Myntra,54092.89,APPROVED,2026-05-14 19:09:48.036829,
TXN00004540,ACC0000305,PAYMENT,Nykaa,40348.16,DECLINED,2026-04-05 15:28:48.036829,ACCOUNT_FROZEN
TXN00004541,CARD000090,PURCHASE,Uber,11644.53,APPROVED,2026-06-16 17:04:48.036829,
TXN00004542,ACC0000660,TRANSFER,Swiggy,27158.32,APPROVED,2026-05-30 05:13:48.036829,
TXN00004543,CARD000244,PURCHASE,Croma,14879.26,APPROVED,2026-05-15 20:01:48.036829,
TXN00004544,CARD000058,PURCHASE,Jio Recharge,48663.66,DECLINED,2026-07-07 10:24:48.036829,SUSPECTED_FRAUD
TXN00004545,ACC0000365,PAYMENT,BookMyShow,22540.28,APPROVED,2026-05-30 03:15:48.036829,
TXN00004546,CARD000257,PURCHASE,Tata CLiQ,65810.1,APPROVED,2026-03-27 12:55:48.036829,
TXN00004547,ACC0000608,PAYMENT,DMart,63046.98,APPROVED,2026-07-07 07:30:48.036829,
TXN00004548,ACC0000616,PAYMENT,Jio Recharge,33184.17,APPROVED,2026-05-24 16:52:48.036829,
TXN00004549,CARD000267,PURCHASE,Zomato,5738.02,APPROVED,2026-04-21 09:20:48.036829,
TXN00004550,CARD000003,PURCHASE,Flipkart,60809.19,APPROVED,2026-05-04 03:15:48.036829,
TXN00004551,ACC0000126,WITHDRAWAL,Uber,44793.05,APPROVED,2026-05-19 21:34:48.036829,
TXN00004552,CARD000015,PURCHASE,DMart,63655.63,APPROVED,2026-04-11 08:51:48.036829,
TXN00004553,CARD000039,PURCHASE,BookMyShow,43821.45,APPROVED,2026-05-14 18:05:48.036829,
TXN00004554,CARD000152,PURCHASE,IRCTC,59651.4,APPROVED,2026-04-29 09:44:48.036829,
TXN00004555,ACC0000522,TRANSFER,MakeMyTrip,14576.4,APPROVED,2026-06-20 22:33:48.036829,
TXN00004556,ACC0000536,PURCHASE,Ola,46098.37,APPROVED,2026-06-16 16:44:48.036829,
TXN00004557,ACC0000478,DEPOSIT,Ola,63848.4,APPROVED,2026-07-12 07:49:48.036829,
TXN00004558,CARD000263,PURCHASE,Reliance Digital,9650.96,APPROVED,2026-07-05 23:49:48.036829,
TXN00004559,ACC0000629,TRANSFER,Croma,5137.87,APPROVED,2026-04-07 08:03:48.036829,
TXN00004560,ACC0000405,WITHDRAWAL,BookMyShow,29384.89,APPROVED,2026-05-20 18:14:48.036829,
TXN00004561,CARD000103,PURCHASE,DMart,3049.56,APPROVED,2026-03-29 09:14:48.036829,
TXN00004562,CARD000207,PURCHASE,Myntra,25567.22,DECLINED,2026-04-27 17:02:48.036829,INSUFFICIENT_CREDIT_LIMIT
TXN00004563,ACC0000501,DEPOSIT,Reliance Digital,63544.29,APPROVED,2026-05-14 02:54:48.036829,
TXN00004564,CARD000098,PURCHASE,Uber,44004.8,APPROVED,2026-03-28 10:55:48.036829,
TXN00004565,CARD000206,PURCHASE,BookMyShow,40922.8,APPROVED,2026-04-07 04:43:48.036829,
TXN00004566,CARD000256,PURCHASE,Tata CLiQ,47192.02,DECLINED,2026-07-18 21:56:48.036829,INCORRECT_CVV
TXN00004567,CARD000116,PURCHASE,Amazon India,55824.42,APPROVED,2026-07-02 09:51:48.036829,
TXN00004568,ACC0000140,WITHDRAWAL,Myntra,1618.21,DECLINED,2026-06-25 15:31:48.036829,INVALID_PIN
TXN00004569,CARD000148,PURCHASE,MakeMyTrip,33770.94,DECLINED,2026-07-09 03:34:48.036829,SUSPECTED_FRAUD
TXN00004570,CARD000217,PURCHASE,Reliance Digital,68702.8,DECLINED,2026-04-19 00:47:48.036829,INSUFFICIENT_CREDIT_LIMIT
TXN00004571,ACC0000049,DEPOSIT,Amazon India,48519.57,APPROVED,2026-05-03 00:24:48.036829,
TXN00004572,CARD000196,PURCHASE,Myntra,37639.82,APPROVED,2026-07-22 07:25:48.036829,
TXN00004573,CARD000036,PURCHASE,Flipkart,8078.19,APPROVED,2026-06-21 16:58:48.036829,
TXN00004574,CARD000155,PURCHASE,Apollo Pharmacy,35120.35,APPROVED,2026-05-13 23:10:48.036829,
TXN00004575,ACC0000572,WITHDRAWAL,Swiggy,6116.65,APPROVED,2026-07-16 09:06:48.036829,
TXN00004576,CARD000035,PURCHASE,BigBasket,4735.81,APPROVED,2026-06-06 09:57:48.036829,
TXN00004577,CARD000133,PURCHASE,Flipkart,12247.9,APPROVED,2026-07-05 02:08:48.036829,
TXN00004578,ACC0000562,DEPOSIT,Amazon India,19166.49,APPROVED,2026-07-14 16:22:48.036829,
TXN00004579,CARD000251,PURCHASE,Croma,8324.28,APPROVED,2026-05-27 17:22:48.036829,
TXN00004580,ACC0000317,DEPOSIT,Flipkart,20042.45,APPROVED,2026-04-18 19:38:48.036829,
TXN00004581,CARD000150,PURCHASE,Nykaa,17973.2,APPROVED,2026-07-15 04:54:48.036829,
TXN00004582,ACC0000545,DEPOSIT,Tata CLiQ,29125.75,APPROVED,2026-06-26 15:16:48.036829,
TXN00004583,CARD000194,PURCHASE,Nykaa,40119.43,DECLINED,2026-06-20 16:19:48.036829,SUSPECTED_FRAUD
TXN00004584,ACC0000179,WITHDRAWAL,Zomato,26957.5,APPROVED,2026-05-14 11:22:48.036829,
TXN00004585,ACC0000558,WITHDRAWAL,Myntra,72835.06,APPROVED,2026-05-19 05:33:48.036829,
TXN00004586,CARD000007,PURCHASE,DMart,58301.18,APPROVED,2026-05-28 08:56:48.036829,
TXN00004587,CARD000004,PURCHASE,Apollo Pharmacy,20767.76,APPROVED,2026-06-02 17:43:48.036829,
TXN00004588,CARD000219,PURCHASE,Uber,36799.07,APPROVED,2026-06-22 04:19:48.036829,
TXN00004589,CARD000030,PURCHASE,Croma,45217.79,APPROVED,2026-06-28 04:49:48.036829,
TXN00004590,CARD000017,PURCHASE,Jio Recharge,73248.62,APPROVED,2026-06-17 18:38:48.036829,
TXN00004591,ACC0000481,DEPOSIT,MakeMyTrip,45543.75,APPROVED,2026-05-18 02:38:48.036829,
TXN00004592,ACC0000172,PURCHASE,Ola,64646.92,APPROVED,2026-07-16 15:32:48.036829,
TXN00004593,CARD000103,PURCHASE,MakeMyTrip,65597.11,APPROVED,2026-04-17 13:35:48.036829,
TXN00004594,ACC0000270,PAYMENT,Uber,38062.64,APPROVED,2026-04-21 18:43:48.036829,
TXN00004595,ACC0000047,DEPOSIT,Uber,62440.64,APPROVED,2026-06-02 10:52:48.036829,
TXN00004596,ACC0000144,PAYMENT,BigBasket,45532.18,APPROVED,2026-06-20 03:47:48.036829,
TXN00004597,CARD000239,PURCHASE,Swiggy,43664.47,DECLINED,2026-05-04 14:38:48.036829,CARD_BLOCKED
TXN00004598,CARD000142,PURCHASE,Nykaa,67265.5,APPROVED,2026-04-01 11:29:48.036829,
TXN00004599,CARD000039,PURCHASE,DMart,28378.87,APPROVED,2026-06-05 07:27:48.036829,
TXN00004600,ACC0000087,TRANSFER,Reliance Digital,72633.17,DECLINED,2026-06-08 10:50:48.036829,INSUFFICIENT_FUNDS
TXN00004601,CARD000109,PURCHASE,MakeMyTrip,11595.7,APPROVED,2026-05-13 02:02:48.036829,
TXN00004602,CARD000160,PURCHASE,Nykaa,28015.77,APPROVED,2026-06-12 23:56:48.036829,
TXN00004603,ACC0000187,DEPOSIT,Ola,25589.07,DECLINED,2026-07-14 15:20:48.036829,DAILY_LIMIT_EXCEEDED
TXN00004604,ACC0000640,WITHDRAWAL,Apollo Pharmacy,72204.99,APPROVED,2026-04-27 11:59:48.036829,
TXN00004605,ACC0000083,WITHDRAWAL,MakeMyTrip,54440.02,APPROVED,2026-05-19 01:28:48.036829,
TXN00004606,CARD000027,PURCHASE,BigBasket,62852.16,DECLINED,2026-07-14 16:10:48.036829,SUSPECTED_FRAUD
TXN00004607,ACC0000425,PAYMENT,BigBasket,36780.62,DECLINED,2026-05-08 22:14:48.036829,INVALID_PIN
TXN00004608,ACC0000040,PURCHASE,Apollo Pharmacy,30240.19,APPROVED,2026-05-24 08:31:48.036829,
TXN00004609,CARD000181,PURCHASE,Amazon India,54526.86,APPROVED,2026-07-18 01:11:48.036829,
TXN00004610,ACC0000650,TRANSFER,IRCTC,46432.42,APPROVED,2026-05-13 19:38:48.036829,
TXN00004611,ACC0000614,DEPOSIT,Ola,19817.24,APPROVED,2026-06-25 06:05:48.036829,
TXN00004612,ACC0000311,TRANSFER,Ola,10269.77,APPROVED,2026-06-03 20:06:48.036829,
TXN00004613,ACC0000317,WITHDRAWAL,Swiggy,61081.85,APPROVED,2026-03-28 22:24:48.036829,
TXN00004614,CARD000119,PURCHASE,Tata CLiQ,60033.33,APPROVED,2026-07-12 19:56:48.036829,
TXN00004615,ACC0000451,PURCHASE,Swiggy,5903.17,APPROVED,2026-04-07 18:58:48.036829,
TXN00004616,CARD000199,PURCHASE,DMart,60703.88,APPROVED,2026-05-10 02:59:48.036829,
TXN00004617,ACC0000368,TRANSFER,BigBasket,25330.09,APPROVED,2026-06-18 01:20:48.036829,
TXN00004618,ACC0000546,PAYMENT,Croma,45775.06,APPROVED,2026-04-05 22:17:48.036829,
TXN00004619,ACC0000154,PAYMENT,Tata CLiQ,8610.28,APPROVED,2026-07-17 15:55:48.036829,
TXN00004620,ACC0000601,WITHDRAWAL,Apollo Pharmacy,5259.12,APPROVED,2026-05-22 12:15:48.036829,
TXN00004621,CARD000182,PURCHASE,BookMyShow,46441.03,APPROVED,2026-04-12 06:24:48.036829,
TXN00004622,CARD000209,PURCHASE,BookMyShow,37721.53,DECLINED,2026-05-24 12:54:48.036829,INCORRECT_CVV
TXN00004623,CARD000270,PURCHASE,Swiggy,6317.27,APPROVED,2026-06-30 23:25:48.036829,
TXN00004624,CARD000049,PURCHASE,Ola,49987.2,APPROVED,2026-04-02 03:20:48.036829,
TXN00004625,CARD000260,PURCHASE,DMart,69445.9,APPROVED,2026-07-25 10:07:48.036829,
TXN00004626,ACC0000350,TRANSFER,MakeMyTrip,64618.44,DECLINED,2026-07-16 05:45:48.036829,INVALID_PIN
TXN00004627,CARD000218,PURCHASE,Amazon India,12918.1,APPROVED,2026-07-08 11:01:48.036829,
TXN00004628,ACC0000079,DEPOSIT,Uber,34580.08,DECLINED,2026-06-23 19:36:48.036829,ACCOUNT_FROZEN
TXN00004629,ACC0000301,PURCHASE,Croma,15753.06,APPROVED,2026-04-30 10:46:48.036829,
TXN00004630,CARD000046,PURCHASE,Zomato,5027.12,DECLINED,2026-05-03 08:50:48.036829,SUSPECTED_FRAUD
TXN00004631,CARD000208,PURCHASE,Ola,58361.7,APPROVED,2026-05-14 04:33:48.036829,
TXN00004632,CARD000120,PURCHASE,Tata CLiQ,38075.78,APPROVED,2026-05-07 13:47:48.036829,
TXN00004633,ACC0000428,DEPOSIT,Tata CLiQ,817.92,APPROVED,2026-03-29 20:41:48.036829,
TXN00004634,ACC0000544,TRANSFER,BookMyShow,29850.72,APPROVED,2026-05-08 04:10:48.036829,
TXN00004635,ACC0000687,PAYMENT,Swiggy,2687.64,DECLINED,2026-06-22 07:45:48.036829,INSUFFICIENT_FUNDS
TXN00004636,CARD000281,PURCHASE,Croma,40516.96,APPROVED,2026-07-13 20:44:48.036829,
TXN00004637,ACC0000086,PAYMENT,Amazon India,28528.53,APPROVED,2026-07-12 22:15:48.036829,
TXN00004638,ACC0000687,DEPOSIT,DMart,24508.71,APPROVED,2026-07-13 20:16:48.036829,
TXN00004639,CARD000264,PURCHASE,Amazon India,22341.72,APPROVED,2026-05-20 19:24:48.036829,
TXN00004640,CARD000288,PURCHASE,Apollo Pharmacy,6600.28,APPROVED,2026-05-22 03:01:48.036829,
TXN00004641,ACC0000597,PAYMENT,DMart,4854.41,APPROVED,2026-05-10 05:44:48.036829,
TXN00004642,CARD000285,PURCHASE,Amazon India,62291.74,APPROVED,2026-04-06 11:46:48.036829,
TXN00004643,CARD000196,PURCHASE,Reliance Digital,24827.42,APPROVED,2026-04-22 06:44:48.036829,
TXN00004644,CARD000037,PURCHASE,Tata CLiQ,43477.55,APPROVED,2026-06-13 22:37:48.036829,
TXN00004645,ACC0000435,TRANSFER,Swiggy,32691.64,APPROVED,2026-06-04 17:31:48.036829,
TXN00004646,CARD000028,PURCHASE,MakeMyTrip,21651.57,APPROVED,2026-05-18 03:13:48.036829,
TXN00004647,CARD000187,PURCHASE,Tata CLiQ,20145.71,APPROVED,2026-07-23 16:53:48.036829,
TXN00004648,CARD000272,PURCHASE,Uber,61724.16,APPROVED,2026-06-26 01:02:48.036829,
TXN00004649,CARD000058,PURCHASE,DMart,17730.5,APPROVED,2026-05-25 04:07:48.036829,
TXN00004650,CARD000222,PURCHASE,Zomato,47491.41,APPROVED,2026-05-17 07:01:48.036829,
TXN00004651,ACC0000534,TRANSFER,Swiggy,4163.84,APPROVED,2026-03-28 01:37:48.036829,
TXN00004652,ACC0000391,DEPOSIT,Flipkart,65211.93,APPROVED,2026-05-31 06:01:48.036829,
TXN00004653,CARD000122,PURCHASE,Uber,49791.75,APPROVED,2026-07-22 00:59:48.036829,
TXN00004654,CARD000009,PURCHASE,Apollo Pharmacy,61664.99,APPROVED,2026-04-07 00:19:48.036829,
TXN00004655,CARD000198,PURCHASE,Tata CLiQ,2627.71,APPROVED,2026-06-05 13:38:48.036829,
TXN00004656,ACC0000106,PURCHASE,Tata CLiQ,11915.58,APPROVED,2026-05-19 15:02:48.036829,
TXN00004657,ACC0000629,TRANSFER,Uber,26261.77,APPROVED,2026-04-21 12:35:48.036829,
TXN00004658,CARD000017,PURCHASE,IRCTC,20227.89,APPROVED,2026-04-05 18:23:48.036829,
TXN00004659,ACC0000418,PAYMENT,IRCTC,34287.94,APPROVED,2026-05-29 22:15:48.036829,
TXN00004660,ACC0000667,PURCHASE,Ola,32163.81,APPROVED,2026-07-01 19:29:48.036829,
TXN00004661,ACC0000508,DEPOSIT,Nykaa,74745.58,APPROVED,2026-05-26 06:03:48.036829,
TXN00004662,ACC0000369,PAYMENT,Croma,28759.59,APPROVED,2026-07-01 00:22:48.036829,
TXN00004663,ACC0000250,PAYMENT,Myntra,68064.23,APPROVED,2026-05-05 18:43:48.036829,
TXN00004664,ACC0000369,PURCHASE,Myntra,42510.37,APPROVED,2026-04-18 19:22:48.036829,
TXN00004665,ACC0000351,TRANSFER,Myntra,64631.21,APPROVED,2026-05-18 21:43:48.036829,
TXN00004666,ACC0000050,PURCHASE,Amazon India,8354.76,APPROVED,2026-04-11 21:57:48.036829,
TXN00004667,CARD000169,PURCHASE,Myntra,347.68,APPROVED,2026-04-24 21:34:48.036829,
TXN00004668,ACC0000578,TRANSFER,BookMyShow,10953.08,APPROVED,2026-04-18 06:25:48.036829,
TXN00004669,ACC0000153,DEPOSIT,Swiggy,21583.8,APPROVED,2026-04-19 18:57:48.036829,
TXN00004670,ACC0000181,WITHDRAWAL,Croma,8142.61,APPROVED,2026-04-11 14:53:48.036829,
TXN00004671,CARD000155,PURCHASE,DMart,72069.26,APPROVED,2026-04-20 05:49:48.036829,
TXN00004672,CARD000177,PURCHASE,Swiggy,65992.65,APPROVED,2026-07-20 11:09:48.036829,
TXN00004673,CARD000289,PURCHASE,Reliance Digital,49011.54,APPROVED,2026-05-24 11:53:48.036829,
TXN00004674,CARD000197,PURCHASE,Swiggy,26109.35,APPROVED,2026-04-14 02:58:48.036829,
TXN00004675,ACC0000166,WITHDRAWAL,Croma,41147.24,APPROVED,2026-06-06 16:35:48.036829,
TXN00004676,ACC0000270,WITHDRAWAL,Uber,33267.05,APPROVED,2026-07-02 23:57:48.036829,
TXN00004677,CARD000059,PURCHASE,Flipkart,22442.38,APPROVED,2026-06-11 14:13:48.036829,
TXN00004678,CARD000176,PURCHASE,Ola,73518.99,APPROVED,2026-07-24 01:48:48.036829,
TXN00004679,ACC0000566,PAYMENT,Reliance Digital,48783.07,APPROVED,2026-07-08 17:09:48.036829,
TXN00004680,ACC0000378,PAYMENT,MakeMyTrip,70416.86,APPROVED,2026-04-02 13:49:48.036829,
TXN00004681,CARD000295,PURCHASE,BookMyShow,53773.7,APPROVED,2026-05-10 02:53:48.036829,
TXN00004682,ACC0000389,PAYMENT,BookMyShow,15987.59,APPROVED,2026-05-24 07:12:48.036829,
TXN00004683,CARD000284,PURCHASE,BookMyShow,5834.91,APPROVED,2026-05-01 08:34:48.036829,
TXN00004684,ACC0000342,PURCHASE,Swiggy,22681.14,APPROVED,2026-06-03 22:25:48.036829,
TXN00004685,CARD000032,PURCHASE,MakeMyTrip,18397.47,APPROVED,2026-05-15 04:38:48.036829,
TXN00004686,CARD000150,PURCHASE,Swiggy,40696.98,APPROVED,2026-07-11 16:49:48.036829,
TXN00004687,ACC0000241,WITHDRAWAL,Apollo Pharmacy,36023.4,APPROVED,2026-07-22 19:46:48.036829,
TXN00004688,ACC0000185,PAYMENT,Zomato,61440.36,APPROVED,2026-06-21 09:46:48.036829,
TXN00004689,ACC0000493,PAYMENT,Zomato,56648.3,APPROVED,2026-04-20 23:46:48.036829,
TXN00004690,ACC0000322,PURCHASE,Croma,15139.64,DECLINED,2026-06-07 10:47:48.036829,DAILY_LIMIT_EXCEEDED
TXN00004691,ACC0000305,PAYMENT,BigBasket,42561.22,APPROVED,2026-05-19 05:37:48.036829,
TXN00004692,CARD000114,PURCHASE,Jio Recharge,67619.34,APPROVED,2026-07-23 16:25:48.036829,
TXN00004693,ACC0000250,TRANSFER,Jio Recharge,56122.6,APPROVED,2026-04-29 15:47:48.036829,
TXN00004694,ACC0000088,DEPOSIT,Croma,62512.88,APPROVED,2026-07-03 00:16:48.036829,
TXN00004695,ACC0000170,DEPOSIT,Reliance Digital,44694.72,APPROVED,2026-07-10 18:21:48.036829,
TXN00004696,CARD000061,PURCHASE,Reliance Digital,73592.73,APPROVED,2026-07-15 16:11:48.036829,
TXN00004697,ACC0000679,PURCHASE,Reliance Digital,74910.23,DECLINED,2026-07-08 23:22:48.036829,ACCOUNT_FROZEN
TXN00004698,CARD000254,PURCHASE,Ola,56151.02,APPROVED,2026-07-13 18:44:48.036829,
TXN00004699,CARD000230,PURCHASE,Jio Recharge,29997.01,APPROVED,2026-05-25 12:42:48.036829,
TXN00004700,ACC0000243,TRANSFER,Tata CLiQ,58368.37,APPROVED,2026-05-04 23:39:48.036829,
TXN00004701,ACC0000407,TRANSFER,Myntra,23524.37,PENDING,2026-06-15 07:23:48.036829,
TXN00004702,CARD000202,PURCHASE,MakeMyTrip,18934.43,APPROVED,2026-04-22 02:59:48.036829,
TXN00004703,CARD000179,PURCHASE,Reliance Digital,42497.31,APPROVED,2026-05-11 21:43:48.036829,
TXN00004704,ACC0000006,DEPOSIT,Swiggy,23425.25,PENDING,2026-05-01 17:45:48.036829,
TXN00004705,CARD000202,PURCHASE,Tata CLiQ,62571.9,APPROVED,2026-05-07 05:32:48.036829,
TXN00004706,CARD000145,PURCHASE,Reliance Digital,69431.9,DECLINED,2026-06-10 23:44:48.036829,CARD_BLOCKED
TXN00004707,CARD000209,PURCHASE,Flipkart,63474.2,APPROVED,2026-07-08 15:57:48.036829,
TXN00004708,CARD000134,PURCHASE,Zomato,62449.72,APPROVED,2026-05-27 08:06:48.036829,
TXN00004709,ACC0000655,PAYMENT,Swiggy,62954.88,APPROVED,2026-06-29 03:43:48.036829,
TXN00004710,ACC0000211,PAYMENT,Ola,36570.34,APPROVED,2026-07-05 05:49:48.036829,
TXN00004711,CARD000268,PURCHASE,Flipkart,12239.63,APPROVED,2026-04-08 21:29:48.036829,
TXN00004712,ACC0000514,PURCHASE,Nykaa,72076.21,APPROVED,2026-07-16 17:53:48.036829,
TXN00004713,ACC0000385,TRANSFER,DMart,46390.24,APPROVED,2026-04-20 07:01:48.036829,
TXN00004714,CARD000230,PURCHASE,IRCTC,73568.26,APPROVED,2026-07-03 19:34:48.036829,
TXN00004715,ACC0000614,PAYMENT,IRCTC,42144.92,APPROVED,2026-04-02 23:57:48.036829,
TXN00004716,ACC0000312,TRANSFER,Jio Recharge,17532.79,APPROVED,2026-06-30 16:21:48.036829,
TXN00004717,CARD000254,PURCHASE,Apollo Pharmacy,1406.64,APPROVED,2026-06-22 20:05:48.036829,
TXN00004718,ACC0000190,WITHDRAWAL,Swiggy,27326.12,APPROVED,2026-07-13 18:38:48.036829,
TXN00004719,CARD000113,PURCHASE,BookMyShow,26040.88,APPROVED,2026-06-16 16:06:48.036829,
TXN00004720,ACC0000205,PAYMENT,Swiggy,4188.9,APPROVED,2026-05-28 22:01:48.036829,
TXN00004721,ACC0000294,PAYMENT,MakeMyTrip,9477.82,APPROVED,2026-05-28 18:58:48.036829,
TXN00004722,CARD000048,PURCHASE,DMart,2363.12,APPROVED,2026-04-11 19:12:48.036829,
TXN00004723,CARD000211,PURCHASE,Zomato,35477.86,APPROVED,2026-03-31 07:00:48.036829,
TXN00004724,CARD000142,PURCHASE,BigBasket,26880.29,APPROVED,2026-05-09 11:50:48.036829,
TXN00004725,CARD000145,PURCHASE,BigBasket,3431.04,APPROVED,2026-05-15 07:28:48.036829,
TXN00004726,ACC0000177,PURCHASE,Flipkart,24598.58,APPROVED,2026-07-20 14:24:48.036829,
TXN00004727,ACC0000371,DEPOSIT,Reliance Digital,4505.66,DECLINED,2026-07-07 00:28:48.036829,INVALID_PIN
TXN00004728,ACC0000402,TRANSFER,Apollo Pharmacy,14466.02,DECLINED,2026-05-08 00:51:48.036829,ACCOUNT_FROZEN
TXN00004729,ACC0000634,TRANSFER,Flipkart,27579.17,APPROVED,2026-06-26 05:48:48.036829,
TXN00004730,CARD000143,PURCHASE,Apollo Pharmacy,5601.61,APPROVED,2026-07-20 12:20:48.036829,
TXN00004731,CARD000265,PURCHASE,Apollo Pharmacy,51820.66,APPROVED,2026-06-19 03:53:48.036829,
TXN00004732,CARD000235,PURCHASE,Myntra,3916.78,APPROVED,2026-04-30 00:49:48.036829,
TXN00004733,CARD000155,PURCHASE,Uber,55005.38,APPROVED,2026-04-16 14:17:48.036829,
TXN00004734,ACC0000520,TRANSFER,BookMyShow,43281.72,APPROVED,2026-06-20 15:34:48.036829,
TXN00004735,CARD000203,PURCHASE,Croma,66659.35,PENDING,2026-07-19 14:23:48.036829,
TXN00004736,ACC0000582,TRANSFER,Amazon India,15166.67,APPROVED,2026-07-19 19:55:48.036829,
TXN00004737,ACC0000393,PURCHASE,DMart,67531.22,APPROVED,2026-05-15 01:20:48.036829,
TXN00004738,ACC0000459,TRANSFER,Ola,42213.51,APPROVED,2026-06-20 01:00:48.036829,
TXN00004739,CARD000051,PURCHASE,BookMyShow,12564.08,DECLINED,2026-05-29 02:07:48.036829,CARD_BLOCKED
TXN00004740,CARD000003,PURCHASE,Flipkart,57913.54,APPROVED,2026-06-07 13:14:48.036829,
TXN00004741,CARD000262,PURCHASE,MakeMyTrip,3456.34,DECLINED,2026-07-01 20:20:48.036829,EXPIRED_CARD
TXN00004742,CARD000251,PURCHASE,Ola,31961.29,APPROVED,2026-06-30 15:55:48.036829,
TXN00004743,ACC0000119,PURCHASE,Tata CLiQ,37499.39,APPROVED,2026-07-17 12:18:48.036829,
TXN00004744,ACC0000319,WITHDRAWAL,Reliance Digital,72722.76,DECLINED,2026-07-17 23:23:48.036829,SUSPECTED_FRAUD
TXN00004745,ACC0000370,PURCHASE,DMart,57963.82,APPROVED,2026-05-15 14:27:48.036829,
TXN00004746,ACC0000047,WITHDRAWAL,Nykaa,60453.43,APPROVED,2026-05-09 11:34:48.036829,
TXN00004747,CARD000199,PURCHASE,Amazon India,69443.52,DECLINED,2026-06-11 03:28:48.036829,INCORRECT_CVV
TXN00004748,CARD000267,PURCHASE,Swiggy,74810.17,APPROVED,2026-04-12 22:40:48.036829,
TXN00004749,ACC0000662,DEPOSIT,Zomato,62141.35,APPROVED,2026-03-31 13:26:48.036829,
TXN00004750,ACC0000565,PAYMENT,DMart,51976.05,APPROVED,2026-05-11 18:19:48.036829,
TXN00004751,ACC0000377,PURCHASE,Zomato,30220.52,APPROVED,2026-07-01 16:24:48.036829,
TXN00004752,CARD000173,PURCHASE,Tata CLiQ,4292.4,APPROVED,2026-07-14 11:24:48.036829,
TXN00004753,CARD000277,PURCHASE,Tata CLiQ,36446.88,APPROVED,2026-06-17 18:51:48.036829,
TXN00004754,ACC0000069,TRANSFER,DMart,62967.54,APPROVED,2026-06-14 15:13:48.036829,
TXN00004755,ACC0000459,DEPOSIT,DMart,11429.73,APPROVED,2026-06-27 17:14:48.036829,
TXN00004756,CARD000146,PURCHASE,Flipkart,55180.77,APPROVED,2026-05-28 20:29:48.036829,
TXN00004757,ACC0000222,PAYMENT,Myntra,67309.47,APPROVED,2026-05-07 23:16:48.036829,
TXN00004758,ACC0000258,PURCHASE,DMart,42550.89,APPROVED,2026-04-14 23:18:48.036829,
TXN00004759,CARD000011,PURCHASE,MakeMyTrip,29295.67,APPROVED,2026-07-26 00:56:48.036829,
TXN00004760,CARD000194,PURCHASE,IRCTC,9479.59,APPROVED,2026-06-23 01:21:48.036829,
TXN00004761,ACC0000410,WITHDRAWAL,Nykaa,70384.68,APPROVED,2026-05-16 11:03:48.036829,
TXN00004762,ACC0000410,TRANSFER,Swiggy,8344.86,APPROVED,2026-05-21 22:42:48.036829,
TXN00004763,ACC0000270,WITHDRAWAL,Tata CLiQ,73128.03,APPROVED,2026-04-28 19:07:48.036829,
TXN00004764,CARD000143,PURCHASE,IRCTC,35690.44,DECLINED,2026-07-13 07:06:48.036829,INSUFFICIENT_CREDIT_LIMIT
TXN00004765,ACC0000347,PURCHASE,Jio Recharge,49921.08,APPROVED,2026-04-05 08:42:48.036829,
TXN00004766,CARD000090,PURCHASE,Nykaa,69679.74,APPROVED,2026-05-18 07:26:48.036829,
TXN00004767,ACC0000654,TRANSFER,BigBasket,37399.74,APPROVED,2026-04-20 08:04:48.036829,
TXN00004768,ACC0000449,WITHDRAWAL,Nykaa,17629.97,APPROVED,2026-05-15 17:23:48.036829,
TXN00004769,ACC0000157,TRANSFER,Zomato,31718.01,APPROVED,2026-06-13 13:22:48.036829,
TXN00004770,ACC0000295,PAYMENT,Croma,5782.9,APPROVED,2026-04-27 15:27:48.036829,
TXN00004771,CARD000241,PURCHASE,BookMyShow,24903.42,APPROVED,2026-04-11 01:37:48.036829,
TXN00004772,ACC0000357,PURCHASE,Nykaa,852.48,APPROVED,2026-07-22 05:10:48.036829,
TXN00004773,ACC0000257,WITHDRAWAL,Ola,13818.51,APPROVED,2026-04-12 13:30:48.036829,
TXN00004774,ACC0000421,DEPOSIT,Ola,25882.86,APPROVED,2026-06-10 00:49:48.036829,
TXN00004775,ACC0000575,DEPOSIT,Flipkart,16229.2,DECLINED,2026-06-05 07:22:48.036829,ACCOUNT_FROZEN
TXN00004776,CARD000001,PURCHASE,Zomato,72333.42,APPROVED,2026-06-14 08:12:48.036829,
TXN00004777,ACC0000321,PAYMENT,Nykaa,28715.88,DECLINED,2026-04-02 10:29:48.036829,SUSPECTED_FRAUD
TXN00004778,CARD000223,PURCHASE,Myntra,4785.81,APPROVED,2026-06-18 08:19:48.036829,
TXN00004779,ACC0000145,PAYMENT,Jio Recharge,59295.58,APPROVED,2026-07-09 04:13:48.036829,
TXN00004780,ACC0000130,WITHDRAWAL,BigBasket,44520.19,APPROVED,2026-03-28 23:03:48.036829,
TXN00004781,CARD000204,PURCHASE,Tata CLiQ,6725.8,DECLINED,2026-07-10 21:17:48.036829,SUSPECTED_FRAUD
TXN00004782,CARD000097,PURCHASE,Jio Recharge,58819.84,APPROVED,2026-07-15 09:45:48.036829,
TXN00004783,CARD000179,PURCHASE,Apollo Pharmacy,72797.96,APPROVED,2026-06-18 04:24:48.036829,
TXN00004784,ACC0000158,PAYMENT,IRCTC,47748.18,APPROVED,2026-04-16 22:44:48.036829,
TXN00004785,ACC0000183,TRANSFER,DMart,28217.44,APPROVED,2026-04-17 15:34:48.036829,
TXN00004786,ACC0000191,WITHDRAWAL,IRCTC,62416.2,APPROVED,2026-04-25 15:12:48.036829,
TXN00004787,ACC0000607,PAYMENT,Croma,60268.41,APPROVED,2026-04-08 00:01:48.036829,
TXN00004788,CARD000214,PURCHASE,BigBasket,74012.32,DECLINED,2026-04-15 07:36:48.036829,INSUFFICIENT_CREDIT_LIMIT
TXN00004789,ACC0000438,PAYMENT,Apollo Pharmacy,26020.15,APPROVED,2026-04-16 07:17:48.036829,
TXN00004790,ACC0000141,PAYMENT,Nykaa,17191.56,APPROVED,2026-07-17 02:21:48.036829,
TXN00004791,CARD000088,PURCHASE,DMart,11246.57,APPROVED,2026-04-30 23:43:48.036829,
TXN00004792,ACC0000220,PURCHASE,Apollo Pharmacy,39509.34,APPROVED,2026-03-27 15:02:48.036829,
TXN00004793,CARD000097,PURCHASE,Jio Recharge,43319.18,DECLINED,2026-05-11 03:44:48.036829,CARD_BLOCKED
TXN00004794,ACC0000554,DEPOSIT,Amazon India,67976.99,DECLINED,2026-06-16 13:18:48.036829,ACCOUNT_FROZEN
TXN00004795,ACC0000034,PAYMENT,BookMyShow,35767.61,APPROVED,2026-06-07 18:20:48.036829,
TXN00004796,CARD000231,PURCHASE,Apollo Pharmacy,59702.93,APPROVED,2026-05-01 13:07:48.036829,
TXN00004797,ACC0000089,PAYMENT,Croma,35705.38,DECLINED,2026-06-24 11:38:48.036829,DAILY_LIMIT_EXCEEDED
TXN00004798,CARD000170,PURCHASE,Jio Recharge,72252.96,APPROVED,2026-05-15 07:37:48.036829,
TXN00004799,ACC0000349,PURCHASE,Ola,25776.21,APPROVED,2026-05-09 00:06:48.036829,
TXN00004800,ACC0000377,WITHDRAWAL,Amazon India,39799.64,APPROVED,2026-07-06 15:42:48.036829,
TXN00004801,ACC0000416,TRANSFER,DMart,38897.26,APPROVED,2026-04-30 19:40:48.036829,
TXN00004802,CARD000192,PURCHASE,DMart,19170.57,DECLINED,2026-07-05 10:50:48.036829,SUSPECTED_FRAUD
TXN00004803,ACC0000280,PURCHASE,BigBasket,24830.31,APPROVED,2026-04-25 09:47:48.036829,
TXN00004804,CARD000089,PURCHASE,Apollo Pharmacy,70889.54,APPROVED,2026-06-30 13:23:48.036829,
TXN00004805,ACC0000004,PAYMENT,DMart,34339.73,DECLINED,2026-04-17 17:46:48.036829,INVALID_PIN
TXN00004806,ACC0000653,WITHDRAWAL,Swiggy,57361.07,APPROVED,2026-05-13 22:52:48.036829,
TXN00004807,ACC0000056,DEPOSIT,Amazon India,42373.05,APPROVED,2026-06-07 12:34:48.036829,
TXN00004808,ACC0000099,PAYMENT,Jio Recharge,44646.25,APPROVED,2026-05-05 19:55:48.036829,
TXN00004809,ACC0000693,PAYMENT,Uber,56523.12,PENDING,2026-05-09 07:19:48.036829,
TXN00004810,CARD000240,PURCHASE,Uber,60588.04,PENDING,2026-06-30 21:20:48.036829,
TXN00004811,CARD000255,PURCHASE,BookMyShow,72074.26,APPROVED,2026-06-26 13:13:48.036829,
TXN00004812,ACC0000042,PURCHASE,Uber,42571.07,APPROVED,2026-07-18 00:19:48.036829,
TXN00004813,CARD000270,PURCHASE,MakeMyTrip,13777.63,APPROVED,2026-06-14 17:47:48.036829,
TXN00004814,CARD000204,PURCHASE,Swiggy,11390.77,APPROVED,2026-04-15 03:10:48.036829,
TXN00004815,ACC0000644,WITHDRAWAL,Uber,14454.86,APPROVED,2026-04-21 00:30:48.036829,
TXN00004816,ACC0000226,PURCHASE,Myntra,30460.1,APPROVED,2026-04-02 19:39:48.036829,
TXN00004817,ACC0000605,PAYMENT,Reliance Digital,43455.66,APPROVED,2026-07-16 04:13:48.036829,
TXN00004818,ACC0000157,TRANSFER,Nykaa,71479.41,APPROVED,2026-06-28 14:59:48.036829,
TXN00004819,CARD000297,PURCHASE,Tata CLiQ,26424.99,APPROVED,2026-04-28 18:51:48.036829,
TXN00004820,CARD000019,PURCHASE,Uber,25041.49,APPROVED,2026-05-20 09:47:48.036829,
TXN00004821,CARD000234,PURCHASE,Myntra,55992.31,APPROVED,2026-04-26 09:09:48.036829,
TXN00004822,ACC0000281,PAYMENT,BookMyShow,37104.95,APPROVED,2026-05-09 20:33:48.036829,
TXN00004823,ACC0000207,PAYMENT,MakeMyTrip,63307.11,PENDING,2026-07-03 21:54:48.036829,
TXN00004824,CARD000062,PURCHASE,IRCTC,12042.28,APPROVED,2026-06-04 09:21:48.036829,
TXN00004825,CARD000038,PURCHASE,Myntra,47712.97,APPROVED,2026-03-28 10:18:48.036829,
TXN00004826,ACC0000427,DEPOSIT,MakeMyTrip,48441.39,APPROVED,2026-05-19 19:15:48.036829,
TXN00004827,ACC0000519,WITHDRAWAL,DMart,61408.45,APPROVED,2026-07-13 04:55:48.036829,
TXN00004828,ACC0000324,DEPOSIT,Uber,49027.22,APPROVED,2026-07-03 22:45:48.036829,
TXN00004829,ACC0000354,WITHDRAWAL,Amazon India,46300.76,DECLINED,2026-04-19 05:09:48.036829,SUSPECTED_FRAUD
TXN00004830,ACC0000122,WITHDRAWAL,Tata CLiQ,955.48,DECLINED,2026-05-01 18:17:48.036829,INSUFFICIENT_FUNDS
TXN00004831,ACC0000026,PURCHASE,Jio Recharge,27224.24,APPROVED,2026-04-01 11:26:48.036829,
TXN00004832,CARD000060,PURCHASE,MakeMyTrip,27639.81,APPROVED,2026-03-29 09:58:48.036829,
TXN00004833,CARD000054,PURCHASE,Flipkart,48469.33,APPROVED,2026-06-28 06:44:48.036829,
TXN00004834,ACC0000622,PAYMENT,Jio Recharge,64665.17,APPROVED,2026-04-01 12:09:48.036829,
TXN00004835,ACC0000164,DEPOSIT,Uber,29015.65,APPROVED,2026-07-02 02:00:48.036829,
TXN00004836,ACC0000697,PURCHASE,Jio Recharge,4543.38,APPROVED,2026-03-31 21:44:48.036829,
TXN00004837,CARD000049,PURCHASE,Zomato,17142.54,APPROVED,2026-06-17 01:31:48.036829,
TXN00004838,CARD000083,PURCHASE,Swiggy,67606.64,APPROVED,2026-03-28 19:00:48.036829,
TXN00004839,ACC0000001,PURCHASE,Nykaa,59521.59,APPROVED,2026-06-11 03:13:48.036829,
TXN00004840,ACC0000062,DEPOSIT,Amazon India,7443.36,APPROVED,2026-05-26 06:55:48.036829,
TXN00004841,CARD000237,PURCHASE,Flipkart,22492.11,APPROVED,2026-05-24 06:13:48.036829,
TXN00004842,ACC0000647,PURCHASE,Reliance Digital,25064.89,APPROVED,2026-07-16 07:02:48.036829,
TXN00004843,CARD000063,PURCHASE,Swiggy,32662.5,APPROVED,2026-05-15 21:53:48.036829,
TXN00004844,CARD000020,PURCHASE,Nykaa,48839.35,APPROVED,2026-07-05 19:57:48.036829,
TXN00004845,CARD000166,PURCHASE,Uber,23440.11,DECLINED,2026-04-29 08:44:48.036829,INSUFFICIENT_CREDIT_LIMIT
TXN00004846,CARD000002,PURCHASE,Zomato,5815.27,APPROVED,2026-05-07 10:39:48.036829,
TXN00004847,CARD000061,PURCHASE,Apollo Pharmacy,48396.64,APPROVED,2026-06-26 05:30:48.036829,
TXN00004848,CARD000227,PURCHASE,Myntra,23828.87,APPROVED,2026-06-20 08:29:48.036829,
TXN00004849,CARD000293,PURCHASE,Jio Recharge,44590.17,APPROVED,2026-04-17 15:59:48.036829,
TXN00004850,ACC0000617,WITHDRAWAL,Nykaa,19655.8,APPROVED,2026-05-07 12:24:48.036829,
TXN00004851,CARD000084,PURCHASE,Amazon India,19479.8,APPROVED,2026-04-17 05:58:48.036829,
TXN00004852,ACC0000689,PAYMENT,Ola,31614.04,DECLINED,2026-05-09 12:46:48.036829,DAILY_LIMIT_EXCEEDED
TXN00004853,ACC0000500,WITHDRAWAL,Croma,34169.57,APPROVED,2026-06-13 09:38:48.036829,
TXN00004854,CARD000158,PURCHASE,MakeMyTrip,74732.38,APPROVED,2026-05-26 20:07:48.036829,
TXN00004855,CARD000041,PURCHASE,DMart,32251.52,APPROVED,2026-04-17 20:05:48.036829,
TXN00004856,CARD000277,PURCHASE,Tata CLiQ,41231.28,APPROVED,2026-05-31 13:55:48.036829,
TXN00004857,CARD000140,PURCHASE,Uber,43202.23,APPROVED,2026-07-24 06:45:48.036829,
TXN00004858,ACC0000542,PAYMENT,Zomato,15083.98,APPROVED,2026-07-05 18:33:48.036829,
TXN00004859,CARD000006,PURCHASE,Reliance Digital,73819.2,APPROVED,2026-06-26 15:57:48.036829,
TXN00004860,CARD000209,PURCHASE,Tata CLiQ,30258.64,APPROVED,2026-06-20 11:50:48.036829,
TXN00004861,CARD000246,PURCHASE,Swiggy,1095.02,APPROVED,2026-07-22 09:17:48.036829,
TXN00004862,ACC0000379,TRANSFER,MakeMyTrip,9879.04,APPROVED,2026-07-10 14:44:48.036829,
TXN00004863,ACC0000070,PURCHASE,BigBasket,28156.24,APPROVED,2026-07-23 19:14:48.036829,
TXN00004864,CARD000169,PURCHASE,IRCTC,39745.12,APPROVED,2026-07-16 01:05:48.036829,
TXN00004865,ACC0000216,PAYMENT,IRCTC,74475.34,APPROVED,2026-04-27 17:51:48.036829,
TXN00004866,CARD000284,PURCHASE,Jio Recharge,63857.4,APPROVED,2026-04-11 16:17:48.036829,
TXN00004867,ACC0000202,DEPOSIT,Amazon India,9534.1,APPROVED,2026-07-10 07:39:48.036829,
TXN00004868,ACC0000266,PAYMENT,Ola,56343.82,APPROVED,2026-06-16 12:56:48.036829,
TXN00004869,ACC0000660,PURCHASE,Ola,13188.01,APPROVED,2026-06-22 12:16:48.036829,
TXN00004870,CARD000101,PURCHASE,Nykaa,15249.7,APPROVED,2026-07-06 22:21:48.036829,
TXN00004871,CARD000175,PURCHASE,BookMyShow,1325.48,APPROVED,2026-04-04 16:58:48.036829,
TXN00004872,ACC0000076,PURCHASE,Croma,38218.54,APPROVED,2026-07-19 08:06:48.036829,
TXN00004873,ACC0000194,WITHDRAWAL,Nykaa,49628.92,APPROVED,2026-04-16 09:23:48.036829,
TXN00004874,ACC0000422,WITHDRAWAL,Swiggy,58721.48,DECLINED,2026-05-13 21:56:48.036829,SUSPECTED_FRAUD
TXN00004875,CARD000160,PURCHASE,Flipkart,8267.34,PENDING,2026-05-07 02:35:48.036829,
TXN00004876,CARD000188,PURCHASE,IRCTC,47206.96,APPROVED,2026-07-22 15:16:48.036829,
TXN00004877,ACC0000100,PAYMENT,Jio Recharge,43954.19,APPROVED,2026-06-12 01:18:48.036829,
TXN00004878,ACC0000214,DEPOSIT,Nykaa,46854.05,APPROVED,2026-06-27 16:22:48.036829,
TXN00004879,CARD000288,PURCHASE,BookMyShow,2707.45,APPROVED,2026-06-30 22:32:48.036829,
TXN00004880,CARD000043,PURCHASE,Jio Recharge,45417.79,APPROVED,2026-07-01 20:48:48.036829,
TXN00004881,ACC0000309,DEPOSIT,Flipkart,3723.52,APPROVED,2026-04-12 20:10:48.036829,
TXN00004882,ACC0000271,PAYMENT,MakeMyTrip,39800.77,APPROVED,2026-07-08 21:31:48.036829,
TXN00004883,CARD000261,PURCHASE,Apollo Pharmacy,28275.99,APPROVED,2026-07-13 16:32:48.036829,
TXN00004884,ACC0000112,DEPOSIT,Nykaa,21230.5,APPROVED,2026-05-21 14:24:48.036829,
TXN00004885,ACC0000508,PURCHASE,IRCTC,72360.37,APPROVED,2026-05-01 00:13:48.036829,
TXN00004886,ACC0000296,TRANSFER,Ola,65480.4,APPROVED,2026-04-15 11:44:48.036829,
TXN00004887,ACC0000311,PAYMENT,Zomato,62564.93,APPROVED,2026-06-30 09:39:48.036829,
TXN00004888,ACC0000104,WITHDRAWAL,MakeMyTrip,40609.48,APPROVED,2026-06-06 13:25:48.036829,
TXN00004889,CARD000161,PURCHASE,Nykaa,30021.26,APPROVED,2026-07-24 20:21:48.036829,
TXN00004890,ACC0000046,PURCHASE,Flipkart,60196.79,APPROVED,2026-06-13 13:55:48.036829,
TXN00004891,ACC0000032,WITHDRAWAL,IRCTC,21225.65,APPROVED,2026-04-20 07:55:48.036829,
TXN00004892,CARD000141,PURCHASE,BigBasket,15295.49,APPROVED,2026-04-10 08:15:48.036829,
TXN00004893,CARD000198,PURCHASE,BookMyShow,24497.94,APPROVED,2026-06-18 06:30:48.036829,
TXN00004894,CARD000264,PURCHASE,Amazon India,13636.79,APPROVED,2026-04-08 17:57:48.036829,
TXN00004895,ACC0000443,WITHDRAWAL,Ola,10404.01,APPROVED,2026-06-19 10:52:48.036829,
TXN00004896,ACC0000044,TRANSFER,MakeMyTrip,8236.46,APPROVED,2026-07-18 00:06:48.036829,
TXN00004897,ACC0000140,PAYMENT,Tata CLiQ,22237.88,APPROVED,2026-06-24 04:23:48.036829,
TXN00004898,ACC0000195,DEPOSIT,Zomato,61718.72,APPROVED,2026-07-13 14:10:48.036829,
TXN00004899,CARD000225,PURCHASE,Amazon India,47472.54,APPROVED,2026-06-12 18:29:48.036829,
TXN00004900,CARD000088,PURCHASE,Nykaa,55976.31,PENDING,2026-07-19 16:52:48.036829,
TXN00004901,ACC0000114,WITHDRAWAL,MakeMyTrip,51260.88,APPROVED,2026-07-02 19:50:48.036829,
TXN00004902,ACC0000055,WITHDRAWAL,Jio Recharge,2367.16,APPROVED,2026-05-28 01:24:48.036829,
TXN00004903,CARD000295,PURCHASE,BigBasket,40297.26,DECLINED,2026-05-08 09:13:48.036829,INCORRECT_CVV
TXN00004904,ACC0000148,DEPOSIT,Jio Recharge,58504.39,APPROVED,2026-05-24 13:40:48.036829,
TXN00004905,CARD000125,PURCHASE,Reliance Digital,60818.09,APPROVED,2026-07-19 19:45:48.036829,
TXN00004906,ACC0000103,DEPOSIT,Uber,40434.43,APPROVED,2026-04-05 15:22:48.036829,
TXN00004907,CARD000115,PURCHASE,BigBasket,73687.14,APPROVED,2026-07-04 15:33:48.036829,
TXN00004908,ACC0000071,TRANSFER,Zomato,6656.21,DECLINED,2026-07-21 23:34:48.036829,ACCOUNT_FROZEN
TXN00004909,ACC0000650,TRANSFER,Apollo Pharmacy,72487.09,APPROVED,2026-05-16 02:12:48.036829,
TXN00004910,CARD000182,PURCHASE,Myntra,4863.16,APPROVED,2026-04-05 11:36:48.036829,
TXN00004911,ACC0000561,TRANSFER,Myntra,3328.52,APPROVED,2026-07-22 19:23:48.036829,
TXN00004912,CARD000110,PURCHASE,BookMyShow,48296.24,APPROVED,2026-06-27 21:16:48.036829,
TXN00004913,ACC0000463,PURCHASE,Nykaa,53829.48,DECLINED,2026-04-05 20:23:48.036829,ACCOUNT_FROZEN
TXN00004914,CARD000183,PURCHASE,Uber,64995.75,APPROVED,2026-05-20 07:50:48.036829,
TXN00004915,CARD000158,PURCHASE,Nykaa,24106.76,APPROVED,2026-06-06 09:44:48.036829,
TXN00004916,CARD000094,PURCHASE,Apollo Pharmacy,9407.4,APPROVED,2026-06-14 20:30:48.036829,
TXN00004917,CARD000016,PURCHASE,BigBasket,7741.01,APPROVED,2026-06-02 22:16:48.036829,
TXN00004918,ACC0000332,PURCHASE,Nykaa,19531.69,APPROVED,2026-06-28 07:34:48.036829,
TXN00004919,CARD000263,PURCHASE,Zomato,53122.02,APPROVED,2026-04-15 04:48:48.036829,
TXN00004920,CARD000248,PURCHASE,IRCTC,28270.02,APPROVED,2026-07-16 21:34:48.036829,
TXN00004921,ACC0000588,WITHDRAWAL,BookMyShow,34837.91,APPROVED,2026-07-20 19:16:48.036829,
TXN00004922,CARD000298,PURCHASE,DMart,33766.19,APPROVED,2026-07-25 14:21:48.036829,
TXN00004923,ACC0000461,PURCHASE,Flipkart,10246.84,APPROVED,2026-07-12 00:17:48.036829,
TXN00004924,CARD000120,PURCHASE,Apollo Pharmacy,6242.89,APPROVED,2026-07-13 12:46:48.036829,
TXN00004925,ACC0000355,PURCHASE,Flipkart,62504.95,APPROVED,2026-07-15 03:48:48.036829,
TXN00004926,ACC0000116,PURCHASE,Ola,40689.07,PENDING,2026-05-26 11:09:48.036829,
TXN00004927,CARD000289,PURCHASE,Ola,72087.53,APPROVED,2026-04-13 14:40:48.036829,
TXN00004928,ACC0000287,PAYMENT,Nykaa,34592.05,APPROVED,2026-04-17 00:38:48.036829,
TXN00004929,ACC0000340,TRANSFER,Jio Recharge,23144.56,APPROVED,2026-06-20 03:51:48.036829,
TXN00004930,CARD000228,PURCHASE,MakeMyTrip,25495.77,APPROVED,2026-06-25 19:59:48.036829,
TXN00004931,ACC0000679,PURCHASE,Flipkart,74816.84,DECLINED,2026-05-27 23:02:48.036829,DAILY_LIMIT_EXCEEDED
TXN00004932,CARD000022,PURCHASE,BigBasket,7398.64,DECLINED,2026-07-11 02:26:48.036829,CARD_BLOCKED
TXN00004933,CARD000024,PURCHASE,Jio Recharge,11497.59,APPROVED,2026-04-29 08:19:48.036829,
TXN00004934,CARD000048,PURCHASE,Swiggy,67086.61,APPROVED,2026-06-19 16:02:48.036829,
TXN00004935,ACC0000237,WITHDRAWAL,Apollo Pharmacy,24759.36,APPROVED,2026-04-14 06:47:48.036829,
TXN00004936,CARD000046,PURCHASE,IRCTC,31417.08,APPROVED,2026-04-17 07:33:48.036829,
TXN00004937,ACC0000370,PURCHASE,Reliance Digital,9973.97,APPROVED,2026-06-12 18:00:48.036829,
TXN00004938,ACC0000343,DEPOSIT,Croma,15853.1,DECLINED,2026-03-31 00:28:48.036829,ACCOUNT_FROZEN
TXN00004939,CARD000292,PURCHASE,Reliance Digital,6470.16,APPROVED,2026-05-08 01:14:48.036829,
TXN00004940,ACC0000285,PAYMENT,Myntra,47691.48,DECLINED,2026-04-04 01:10:48.036829,ACCOUNT_FROZEN
TXN00004941,ACC0000274,WITHDRAWAL,Swiggy,187.56,APPROVED,2026-05-05 21:58:48.036829,
TXN00004942,CARD000022,PURCHASE,Ola,69396.72,APPROVED,2026-06-22 20:02:48.036829,
TXN00004943,ACC0000430,PURCHASE,BigBasket,12069.13,APPROVED,2026-04-21 16:28:48.036829,
TXN00004944,ACC0000176,WITHDRAWAL,BigBasket,59250.08,APPROVED,2026-07-18 20:25:48.036829,
TXN00004945,ACC0000212,PAYMENT,Myntra,15296.94,APPROVED,2026-04-12 18:08:48.036829,
TXN00004946,ACC0000296,TRANSFER,Reliance Digital,18830.07,APPROVED,2026-06-23 06:09:48.036829,
TXN00004947,ACC0000649,TRANSFER,BigBasket,73166.34,APPROVED,2026-06-01 10:44:48.036829,
TXN00004948,CARD000148,PURCHASE,Apollo Pharmacy,35331.2,APPROVED,2026-07-06 04:31:48.036829,
TXN00004949,ACC0000121,TRANSFER,Zomato,32501.33,APPROVED,2026-04-20 23:32:48.036829,
TXN00004950,ACC0000676,PURCHASE,Nykaa,9611.43,APPROVED,2026-04-28 12:05:48.036829,
TXN00004951,CARD000262,PURCHASE,Reliance Digital,33151.22,APPROVED,2026-04-05 16:32:48.036829,
TXN00004952,CARD000010,PURCHASE,DMart,16962.64,APPROVED,2026-04-06 22:18:48.036829,
TXN00004953,ACC0000399,DEPOSIT,Croma,23046.91,APPROVED,2026-05-02 10:10:48.036829,
TXN00004954,ACC0000163,WITHDRAWAL,DMart,31488.52,APPROVED,2026-04-15 02:55:48.036829,
TXN00004955,ACC0000455,PAYMENT,Myntra,29675.2,APPROVED,2026-05-12 13:24:48.036829,
TXN00004956,CARD000153,PURCHASE,Ola,35072.08,DECLINED,2026-06-18 05:58:48.036829,INSUFFICIENT_CREDIT_LIMIT
TXN00004957,ACC0000271,WITHDRAWAL,Uber,60870.69,APPROVED,2026-06-02 12:47:48.036829,
TXN00004958,ACC0000039,DEPOSIT,Uber,18052.3,APPROVED,2026-07-25 06:28:48.036829,
TXN00004959,CARD000130,PURCHASE,BigBasket,29501.36,APPROVED,2026-06-26 10:45:48.036829,
TXN00004960,CARD000108,PURCHASE,Croma,44423.47,APPROVED,2026-04-26 08:45:48.036829,
TXN00004961,ACC0000561,DEPOSIT,BigBasket,67790.12,APPROVED,2026-04-18 19:30:48.036829,
TXN00004962,CARD000002,PURCHASE,Amazon India,58787.79,APPROVED,2026-04-02 10:47:48.036829,
TXN00004963,ACC0000519,WITHDRAWAL,DMart,784.63,APPROVED,2026-05-28 19:20:48.036829,
TXN00004964,ACC0000187,DEPOSIT,Croma,61516.47,APPROVED,2026-05-28 18:40:48.036829,
TXN00004965,ACC0000482,DEPOSIT,Reliance Digital,7815.38,APPROVED,2026-06-13 15:04:48.036829,
TXN00004966,CARD000090,PURCHASE,BookMyShow,72970.33,APPROVED,2026-05-14 22:43:48.036829,
TXN00004967,ACC0000633,WITHDRAWAL,Reliance Digital,70670.34,APPROVED,2026-07-19 04:23:48.036829,
TXN00004968,ACC0000250,PURCHASE,Croma,24957.31,APPROVED,2026-04-26 04:24:48.036829,
TXN00004969,CARD000198,PURCHASE,IRCTC,1988.69,APPROVED,2026-07-22 18:46:48.036829,
TXN00004970,ACC0000384,PAYMENT,Swiggy,31440.27,APPROVED,2026-04-29 04:41:48.036829,
TXN00004971,CARD000007,PURCHASE,Ola,50245.3,APPROVED,2026-06-01 01:50:48.036829,
TXN00004972,CARD000012,PURCHASE,IRCTC,28283.13,APPROVED,2026-05-08 10:38:48.036829,
TXN00004973,CARD000124,PURCHASE,Uber,41773.43,APPROVED,2026-06-18 22:20:48.036829,
TXN00004974,ACC0000326,PAYMENT,Reliance Digital,69336.32,APPROVED,2026-05-28 23:15:48.036829,
TXN00004975,ACC0000344,PAYMENT,Jio Recharge,63594.39,APPROVED,2026-06-27 01:36:48.036829,
TXN00004976,CARD000182,PURCHASE,Flipkart,1174.47,APPROVED,2026-04-19 14:17:48.036829,
TXN00004977,CARD000106,PURCHASE,BookMyShow,61395.27,APPROVED,2026-04-17 02:29:48.036829,
TXN00004978,CARD000007,PURCHASE,Amazon India,11117.35,APPROVED,2026-05-10 21:13:48.036829,
TXN00004979,ACC0000539,PAYMENT,Jio Recharge,3404.61,PENDING,2026-05-28 16:49:48.036829,
TXN00004980,ACC0000653,DEPOSIT,Croma,62260.6,APPROVED,2026-04-22 05:14:48.036829,
TXN00004981,CARD000215,PURCHASE,Nykaa,36848.29,APPROVED,2026-05-16 04:33:48.036829,
TXN00004982,ACC0000169,PURCHASE,Myntra,1931.45,APPROVED,2026-05-02 19:30:48.036829,
TXN00004983,ACC0000087,TRANSFER,BookMyShow,25366.01,APPROVED,2026-04-21 22:55:48.036829,
TXN00004984,ACC0000234,PURCHASE,Flipkart,18066.74,APPROVED,2026-06-08 02:53:48.036829,
TXN00004985,ACC0000601,DEPOSIT,DMart,55734.9,APPROVED,2026-05-14 16:20:48.036829,
TXN00004986,ACC0000167,WITHDRAWAL,Myntra,46636.66,DECLINED,2026-06-09 18:56:48.036829,INVALID_PIN
TXN00004987,ACC0000392,PURCHASE,Flipkart,8674.29,APPROVED,2026-06-01 10:04:48.036829,
TXN00004988,CARD000295,PURCHASE,Reliance Digital,35642.57,APPROVED,2026-04-13 09:56:48.036829,
TXN00004989,CARD000105,PURCHASE,Swiggy,9097.24,APPROVED,2026-05-24 05:29:48.036829,
TXN00004990,CARD000297,PURCHASE,Ola,32959.88,APPROVED,2026-05-24 15:22:48.036829,
TXN00004991,CARD000292,PURCHASE,MakeMyTrip,65736.71,APPROVED,2026-06-26 19:09:48.036829,
TXN00004992,CARD000072,PURCHASE,BigBasket,70090.86,APPROVED,2026-03-30 19:03:48.036829,
TXN00004993,ACC0000005,TRANSFER,DMart,23097.61,APPROVED,2026-05-17 19:12:48.036829,
TXN00004994,ACC0000545,DEPOSIT,BookMyShow,48004.48,APPROVED,2026-06-29 02:00:48.036829,
TXN00004995,ACC0000677,PAYMENT,DMart,7562.97,APPROVED,2026-07-25 05:17:48.036829,
TXN00004996,ACC0000696,DEPOSIT,Myntra,41513.79,APPROVED,2026-05-03 16:43:48.036829,
TXN00004997,ACC0000686,PURCHASE,DMart,59341.75,APPROVED,2026-05-23 09:46:48.036829,
TXN00004998,CARD000272,PURCHASE,Zomato,72165.73,APPROVED,2026-06-29 08:19:48.036829,
TXN00004999,ACC0000189,PAYMENT,BookMyShow,29567.38,APPROVED,2026-05-12 16:23:48.036829,
TXN00005000,ACC0000016,WITHDRAWAL,Uber,50542.91,APPROVED,2026-05-18 23:09:48.036829,
